{"timestamp": "2025-09-02T09:27:36.248994", "success": true, "message": "Analysis complete with 500 files", "files_collected": 500, "topics_discovered": 5, "topics_data": [{"topic_id": 0, "top_words": ["event", "state", "def", "function", "job", "end", "error", "process", "return", "step", "action", "work", "update", "processing", "result", "change", "elixir", "device", "add", "let"], "weights": [278.0012557036005, 241.15502419054576, 211.03884417257407, 198.93604149250072, 177.14888058458132, 173.22339007508998, 129.5167583957234, 112.5874266323004, 106.13928883684783, 102.51520840549584, 95.10987676970258, 90.66183997144037, 86.54980641525572, 86.03140794691468, 84.94206068378013, 83.46978341724872, 81.35784429040466, 77.5183689473738, 71.9680657337072, 71.95497979957236], "topic_strength": 10096.687053147009, "top_10_strength": 1730.2621184892596, "label": "Event & State"}, {"topic_id": 1, "top_words": ["return", "error", "python", "validation", "string", "integration", "api", "json", "performance", "err", "format", "handling", "entity", "support", "output", "function", "update", "class", "management", "game"], "weights": [393.6233970821277, 384.04348169888334, 329.60582335499487, 250.60022577667777, 241.20407170533937, 232.3074913505749, 230.86950387143392, 212.88409266674273, 199.46602470210357, 182.74363598750332, 160.7936422577448, 146.79029528945227, 144.00907978929007, 141.08874652283416, 137.99300949616406, 134.30181375846635, 133.6266457700196, 132.9223818279803, 132.55427273590968, 130.00733202114208], "topic_strength": 22649.542759911434, "top_10_strength": 2657.3477481963814, "label": "Return & Error"}, {"topic_id": 2, "top_words": ["npm", "typescript", "api", "react", "page", "const", "server", "error", "app", "state", "cs", "pnpm", "start", "dev", "function", "database", "user", "import", "content", "bun"], "weights": [844.6278285361234, 547.469542372787, 434.6522478071935, 377.7634390973822, 338.3342472300367, 303.7468271674042, 299.5883185484445, 283.2488404537477, 275.3748071583519, 265.51860691050314, 257.58810042408106, 251.74102345116168, 249.83892513506837, 241.49424777817623, 235.23561589809066, 230.61994569527303, 229.66236715536462, 229.1265993940875, 227.74865050609066, 227.04142825661114], "topic_strength": 33807.344057220536, "top_10_strength": 3970.3247052819734, "label": "Data & APIs"}, {"topic_id": 3, "top_words": ["api", "management", "server", "integration", "environment", "database", "tool", "python", "check", "operation", "user", "service", "workflow", "update", "agent", "validation", "mcp", "error", "application", "security"], "weights": [605.5265392484313, 528.6670734951662, 525.7202203540696, 475.9331979372645, 449.9254736945741, 445.5729946517642, 385.9940768046821, 382.4617186241841, 362.6049177673252, 350.8785861263523, 336.8026706132115, 327.37244373148854, 326.1985242474981, 324.9903096222615, 322.1233885127069, 321.64421663633044, 318.3877903518717, 310.2298599642457, 303.776311362714, 302.3491556264854], "topic_strength": 45295.716642206346, "top_10_strength": 4513.284798703813, "label": "Data & APIs"}, {"topic_id": 4, "top_words": ["task", "implementation", "div", "create", "context", "user", "documentation", "content", "example", "section", "model", "phase", "framework", "step", "analysis", "change", "tool", "approach", "standard", "complete"], "weights": [412.1677987358769, 259.8216188715547, 256.22914410036276, 248.94484213220687, 245.64328621755888, 239.18167711300683, 235.122661784021, 219.55494724848444, 213.59115778166756, 190.52873717209133, 182.7316433716368, 182.73155874420848, 177.14394952337827, 166.72342765294334, 164.69428351436972, 163.74462795517636, 163.3616339660449, 157.3722962966374, 155.14484491787348, 152.43972459419166], "topic_strength": 27132.23667238735, "top_10_strength": 2520.7858711568315, "label": "Task & Implementation"}]}