{"timestamp": "2026-06-28T03:27:03.060905", "success": true, "message": "Analysis complete with 500 files", "files_collected": 500, "topics_discovered": 5, "topics_data": [{"topic_id": 0, "top_words": ["task", "change", "rule", "phase", "user", "issue", "plan", "review", "new", "dont", "git", "work", "check", "read", "agent", "session", "tool", "fix", "add", "step"], "weights": [0.5430525007954147, 0.41629217377870514, 0.39363386576211046, 0.3669170142194001, 0.3463145743105172, 0.31432218500846704, 0.30915094967870105, 0.2809863407077335, 0.27412187399288257, 0.2733722944385823, 0.26626122668451496, 0.26368136014843657, 0.25346408394075626, 0.24326291776137898, 0.24078787015421263, 0.2404703026118286, 0.232032198461679, 0.22332801034421926, 0.21387544132679484, 0.20623761434709045], "topic_strength": 43.8104078261718, "top_10_strength": 3.518163772692514, "label": "User Interface"}, {"topic_id": 1, "top_words": ["agentsmd", "instruction", "repo", "require", "read", "follow", "agent", "guideline", "convention", "spec", "save", "common", "root", "primary", "developer", "debugging", "immediately", "context", "note", "claudemd"], "weights": [1.9084940831176895, 0.1732402354679038, 0.12712110081713118, 0.09628151750694393, 0.09524342023132136, 0.09350702110269064, 0.08505267843788038, 0.07990802658251522, 0.0680610003672606, 0.06058528324357373, 0.058710216070027785, 0.047224974608857634, 0.04689731500460982, 0.04668175377407998, 0.04341129164976703, 0.04254333861239717, 0.03946925399247796, 0.03590092960853869, 0.03529984114406547, 0.03098960445716415], "topic_strength": 4.182608546988586, "top_10_strength": 2.78749436687491, "label": "Project Structure"}, {"topic_id": 2, "top_words": ["npm", "component", "typescript", "page", "api", "frontend", "react", "database", "server", "cs", "app", "backend", "client", "data", "tailwind", "const", "type", "route", "dev", "supabase"], "weights": [0.6160393757258679, 0.600240733687341, 0.3755453842648342, 0.3536359056352537, 0.3475280312646827, 0.3359025402470582, 0.33383099905349894, 0.24823573873049717, 0.24588985823712936, 0.2439018057278726, 0.2414836928620503, 0.24009397376051134, 0.22113488169135834, 0.21959786377384918, 0.2133858533360351, 0.20508817308749056, 0.19503243347226018, 0.18837931307751515, 0.186785886760862, 0.18069832431885777], "topic_strength": 31.95165732854935, "top_10_strength": 3.700750372574036, "label": "Frontend Development"}, {"topic_id": 3, "top_words": ["python", "skill", "tool", "agent", "ratio", "bash", "json", "model", "mcp", "llm", "analysis", "automation", "budget", "usage", "purpose", "data", "flow", "api", "format", "cursor"], "weights": [0.8242278381348878, 0.5585368541286138, 0.5188216852295084, 0.41801270296981663, 0.3658948437593907, 0.31060587292882313, 0.30044719218002497, 0.22232187838860706, 0.20463647172868293, 0.185358692599323, 0.18126128761120722, 0.18071517767678938, 0.17478716553688317, 0.16917749652632944, 0.14504676582928386, 0.1315234947336375, 0.12945256127649973, 0.12420839388251702, 0.1239476686754745, 0.10089496741685966], "topic_strength": 15.869332590938743, "top_10_strength": 3.908864032047679, "label": "Python & Skill"}, {"topic_id": 4, "top_words": ["config", "package", "pnpm", "key", "make", "cargo", "release", "script", "install", "repository", "version", "repo", "command", "dependency", "cli", "configuration", "main", "path", "source", "plugin"], "weights": [0.32645039315610386, 0.32482139336080107, 0.2593674735412219, 0.23514926402646147, 0.2273013527267458, 0.20749641703091695, 0.20285898125147656, 0.19629079053592244, 0.19584964940292116, 0.19051470277478338, 0.19005776498098428, 0.18900022122061214, 0.17818504815308484, 0.17751373512955226, 0.1752909799134549, 0.17104638669844047, 0.16250907374670637, 0.1620387294846661, 0.16064543465814762, 0.16042251481230294], "topic_strength": 33.43680319559286, "top_10_strength": 2.3661004178073544, "label": "Frontend Development"}], "file_type": "claude_md"}