{"timestamp": "2026-06-16T03:15:19.550367", "success": true, "message": "Analysis complete with 500 files", "files_collected": 500, "topics_discovered": 5, "topics_data": [{"topic_id": 0, "top_words": ["step", "test", "phase", "project", "task", "pattern", "run", "check", "code", "issue", "review", "change", "fix", "output", "workflow", "read", "example", "context", "path", "script"], "weights": [0.5873466690951096, 0.43150012215055056, 0.4278561952410052, 0.39682235698706736, 0.3482854705746012, 0.30088359956031885, 0.2913147795563199, 0.2877842792326784, 0.28387380228219905, 0.2816432815367157, 0.25662558596246937, 0.24966730778503216, 0.24593116255555772, 0.2441293582701329, 0.2385217814266286, 0.2254635063729826, 0.22478426491994813, 0.22027575830222662, 0.213277639920495, 0.20584215948868342], "topic_strength": 51.550520936451164, "top_10_strength": 3.637310556216566, "label": "Project Structure"}, {"topic_id": 1, "top_words": ["und", "oder", "welche", "prfen", "der", "die", "mit", "live", "form", "output", "person", "cause", "date", "text", "bank", "register", "claim", "fee", "pas", "contract"], "weights": [1.7626443178924145, 0.5734072215978178, 0.3455141656537781, 0.330434466728688, 0.30621461187585186, 0.2816724101251873, 0.1628878002280868, 0.11213247160223618, 0.04568310459184519, 0.0383167170044618, 0.02650649707437006, 0.026338746453294717, 0.020836722085111933, 0.016038460367530934, 0.015948315234277945, 0.015621426052481817, 0.012570435645463538, 0.011127612988456001, 0.010984854734250545, 0.009482649939348727], "topic_strength": 4.418685701361547, "top_10_strength": 3.9589072873003683, "label": "Und & Oder"}, {"topic_id": 2, "top_words": ["python", "const", "import", "await", "return", "model", "api", "data", "string", "query", "str", "async", "def", "plugin", "type", "json", "function", "typescript", "error", "limit"], "weights": [0.5354443542349141, 0.518708554988427, 0.417676214907176, 0.40267344799983645, 0.34627056966252673, 0.29348020749990184, 0.2755302413022325, 0.2617862647160681, 0.24632471230678646, 0.2231798443272542, 0.21718907267040083, 0.20921092001289884, 0.20300637307362815, 0.20060489442584872, 0.20049532396857694, 0.19713455759328818, 0.1878555622194828, 0.17720088027490216, 0.17174391054719293, 0.16765721549570958], "topic_strength": 31.06959243842862, "top_10_strength": 3.521074411945124, "label": "Python & Const"}, {"topic_id": 3, "top_words": ["color", "page", "html", "div", "font", "component", "button", "accessibility", "cs", "text", "contrast", "light", "card", "design", "animation", "state", "label", "layout", "icon", "background"], "weights": [0.4087976416709528, 0.3491609852329953, 0.3096958413923524, 0.284908738930867, 0.2822417424787981, 0.2718481062163749, 0.2656116366017596, 0.2617954874244472, 0.2579075278845304, 0.2547603674992193, 0.25170072412317995, 0.22950692087590027, 0.22876055194800138, 0.22477247280340287, 0.21908819048133937, 0.21267989935070405, 0.20444517363473919, 0.198223107874164, 0.19079300971874494, 0.1712988226671324], "topic_strength": 22.940436667578467, "top_10_strength": 2.9467280753322966, "label": "Color & Page"}, {"topic_id": 4, "top_words": ["agent", "bash", "token", "ngrok", "mcp", "remote", "post", "run", "json", "openclaw", "browser", "tool", "session", "curl", "prompt", "local", "url", "instruction", "codex", "tab"], "weights": [1.2788922837974865, 0.3769502362060419, 0.33288682976828415, 0.331498918711928, 0.25933547235859944, 0.25651762750116197, 0.24558780119325205, 0.23654894735269544, 0.23624997378034962, 0.2250436111948507, 0.224270541376759, 0.22184599969907104, 0.22044874047479568, 0.21420581263300045, 0.2064021661058661, 0.20583261732958413, 0.18854821259261534, 0.1848043772747088, 0.16260191225752207, 0.15887720214543571], "topic_strength": 21.846940361245856, "top_10_strength": 3.77951170186465, "label": "Agent & Bash"}], "file_type": "skill_md"}