{"timestamp": "2026-06-07T03:28:11.292610", "success": true, "message": "Analysis complete with 500 files", "files_collected": 500, "topics_discovered": 5, "topics_data": [{"topic_id": 0, "top_words": ["change", "task", "dont", "user", "git", "commit", "phase", "step", "work", "write", "check", "new", "make", "fix", "plan", "add", "rule", "repo", "update", "agent"], "weights": [0.4461632598535848, 0.4391586641898241, 0.42313141645415636, 0.33577599695745036, 0.3138572924843541, 0.3057244405600894, 0.2990592976837982, 0.29900393339611375, 0.2872169364878799, 0.2681538716376131, 0.26437442743652917, 0.2610694174081766, 0.2569804197155642, 0.25648283486909673, 0.24820222180917062, 0.23967299776264625, 0.2378992827523523, 0.23057026986493565, 0.23042894349030998, 0.2300517099114377], "topic_strength": 50.524679957395655, "top_10_strength": 3.417245109704864, "label": "User Interface"}, {"topic_id": 1, "top_words": ["agentsmd", "instruction", "require", "truth", "guideline", "follow", "agent", "context", "save", "challenge", "contract", "source", "read", "assistant", "immediately", "behavior", "debugging", "shared", "note", "convention"], "weights": [2.0881864007286723, 0.07149433132845438, 0.05724173164960718, 0.04624056711183069, 0.04523390922810811, 0.0433539083373153, 0.0403087622073493, 0.03273718148933692, 0.03235133191396947, 0.03128793673489848, 0.03033763236871805, 0.029174287955931973, 0.028485561343396897, 0.026647861385243336, 0.02570179447335136, 0.024536792880552494, 0.023356393934267146, 0.0227242840869581, 0.021145816295417216, 0.02015125451616017], "topic_strength": 2.9956222075617274, "top_10_strength": 2.488436060729542, "label": "Agentsmd & Instruction"}, {"topic_id": 2, "top_words": ["npm", "component", "server", "api", "typescript", "pnpm", "client", "type", "app", "page", "cs", "react", "dev", "frontend", "nextjs", "const", "backend", "token", "auth", "service"], "weights": [0.5090870277212807, 0.46303191929078386, 0.359206907737763, 0.3274069260365429, 0.3201089161187838, 0.29916055263997104, 0.2775396129852654, 0.2717430787757718, 0.2670639273845884, 0.2626660782979753, 0.2396912915801534, 0.2361419950331957, 0.2187524806633653, 0.2157996440826055, 0.20356492800970788, 0.20225089593226617, 0.20105672162529625, 0.1880283063214131, 0.18666963037860065, 0.18607973222482066], "topic_strength": 35.89112482282842, "top_10_strength": 3.357014946988727, "label": "Frontend Development"}, {"topic_id": 3, "top_words": ["python", "ratio", "tool", "pytest", "api", "model", "mainpy", "analysis", "llm", "format", "json", "fastapi", "data", "config", "usage", "budget", "install", "automation", "ruff", "cli"], "weights": [1.1232756386387417, 0.3053537426920984, 0.2939470948065612, 0.264051523185469, 0.22485667678899668, 0.183217912584696, 0.17395061933915754, 0.17330789233538835, 0.16003919839104458, 0.159904823554954, 0.15767092915126868, 0.15568006984058494, 0.14783352614193931, 0.1439506329770564, 0.13487540572136397, 0.13127962372757335, 0.13103474654992744, 0.12231628032560797, 0.12064053944363946, 0.12039285417543828], "topic_strength": 18.91316091697943, "top_10_strength": 3.0619051223171074, "label": "Data & APIs"}, {"topic_id": 4, "top_words": ["skill", "agent", "frontmatter", "hook", "mcp", "tool", "title", "markdown", "description", "activity", "node", "bun", "recent", "plugin", "json", "outside", "section", "content", "read", "edit"], "weights": [1.1599701481995717, 0.4566840727901619, 0.2841371822545245, 0.2740899327053424, 0.265576553532933, 0.2489512859348262, 0.207272645604485, 0.20339682478885238, 0.18361411081188114, 0.16951715817670746, 0.16381744942213905, 0.1591414966700164, 0.15489063510989173, 0.14096350276063194, 0.14038230507393756, 0.13164116021986216, 0.12848035768453875, 0.1252779897040526, 0.12402405646436077, 0.12146126327537123], "topic_strength": 14.807956566479168, "top_10_strength": 3.4532099147992863, "label": "Skill & Agent"}], "file_type": "claude_md"}