{"timestamp": "2026-06-03T03:50:05.451199", "success": true, "message": "Analysis complete with 500 files", "files_collected": 500, "topics_discovered": 5, "topics_data": [{"topic_id": 0, "top_words": ["issue", "code", "task", "pattern", "phase", "agent", "output", "fix", "context", "evidence", "step", "review", "rule", "section", "report", "run", "data", "state", "document", "analysis"], "weights": [0.46761162576288495, 0.40547744429351973, 0.3369104962002478, 0.32366610871926965, 0.3173663553419187, 0.3124345003389497, 0.3066087023758312, 0.2998555922437468, 0.2976426788822574, 0.2874824932215842, 0.2861899701379663, 0.2849849359311593, 0.2781913877586296, 0.2731004964967084, 0.26103077417073367, 0.26077365849447953, 0.25066021636484365, 0.24591349056237377, 0.23992219094543057, 0.23745260328078788], "topic_strength": 57.4463780732859, "top_10_strength": 3.3550559973802097, "label": "Code Guidelines"}, {"topic_id": 1, "top_words": ["component", "const", "typescript", "await", "import", "async", "return", "export", "function", "string", "type", "convex", "error", "frontend", "event", "app", "handler", "data", "api", "dapr"], "weights": [0.7067032950586044, 0.6952196397463157, 0.6873386854787258, 0.35609625063782463, 0.3399579238377696, 0.28805419615544925, 0.28132713857506453, 0.27303086148352745, 0.2639483232700557, 0.22821723794867957, 0.20696636955788694, 0.20602604604368707, 0.1956807577016902, 0.17002695181595473, 0.16811768472522587, 0.16373870094426296, 0.15838657971135467, 0.14779444927380048, 0.14669231104848596, 0.14040564763015792], "topic_strength": 19.29582309440969, "top_10_strength": 4.119893552192017, "label": "Frontend Development"}, {"topic_id": 2, "top_words": ["python", "bash", "memory", "srcclipy", "json", "markdown", "chart", "install", "date", "video", "url", "api", "str", "import", "def", "cost", "project", "recall", "node", "prompt"], "weights": [1.286897826640581, 0.768522463973455, 0.34225689664744574, 0.3044652942271721, 0.2727776904065776, 0.2524235565112064, 0.17731971016567868, 0.16742600607845254, 0.16009392767931593, 0.15579780346787675, 0.14741471375089824, 0.1413798553718055, 0.13606529985451654, 0.1351570916528748, 0.12822264109615644, 0.1252125994696589, 0.12166087091994547, 0.11854502689147883, 0.11419647482644586, 0.11398614669212026], "topic_strength": 16.615090119483455, "top_10_strength": 3.8879811757977616, "label": "Python & Bash"}, {"topic_id": 3, "top_words": ["search", "mcp", "url", "json", "product", "request", "post", "method", "query", "bash", "entity", "curl", "page", "argument", "service", "field", "endpoint", "result", "bypass", "api"], "weights": [0.5622554655165043, 0.45519539105792567, 0.3269745649828265, 0.325742246603455, 0.31113707521587936, 0.2603323921474803, 0.2352478140741957, 0.22721001511644626, 0.22375623627032806, 0.21251612242702944, 0.20677546116209589, 0.20663833331333334, 0.19141301102830213, 0.19088666752803646, 0.18448707408275486, 0.18058940904444584, 0.17993015961898684, 0.17690034826960263, 0.15977744222348636, 0.15716221351544044], "topic_strength": 24.38556995671968, "top_10_strength": 3.1403673234120704, "label": "Search & Mcp"}, {"topic_id": 4, "top_words": ["git", "commit", "branch", "change", "release", "step", "main", "push", "message", "develop", "create", "checkout", "origin", "version", "pull", "run", "ask", "bash", "simple", "merge"], "weights": [0.7631651315481447, 0.5153104500014706, 0.4501133079106927, 0.38866405696553347, 0.3762573249075067, 0.3597236473290856, 0.2703089572926976, 0.25088320904887446, 0.2311967158186325, 0.21791528984159392, 0.20771427360318526, 0.20072995639320873, 0.18108318094833495, 0.17684432456185104, 0.14852664818651282, 0.14197701192356355, 0.1416725857567133, 0.13280337734765826, 0.12256136913177482, 0.11836508146282379], "topic_strength": 13.50186873513781, "top_10_strength": 3.8235380906642322, "label": "Git & Commit"}], "file_type": "skill_md"}