{"timestamp": "2026-06-27T03:18:18.801787", "success": true, "message": "Analysis complete with 500 files", "files_collected": 500, "topics_discovered": 5, "topics_data": [{"topic_id": 0, "top_words": ["build", "python", "make", "doc", "prefer", "command", "behavior", "package", "module", "update", "documentation", "issue", "cargo", "repository", "check", "feature", "unless", "task", "new", "git"], "weights": [0.40197819029717097, 0.4001654034607051, 0.342540452508164, 0.32883202298188563, 0.32809479053975654, 0.32334619413742294, 0.32143842158218394, 0.31291048733499255, 0.306977990924181, 0.30665805949071046, 0.30451508949876677, 0.2872780980076733, 0.27247829615325503, 0.2683541036715481, 0.261880444261505, 0.2618679570455442, 0.2564376410401429, 0.25203500684442387, 0.2508181816680554, 0.25077083918243515], "topic_strength": 49.22122731861859, "top_10_strength": 3.3729420132571732, "label": "Deployment & Build"}, {"topic_id": 1, "top_words": ["skill", "pressure", "skillmd", "scenario", "reference", "markdown", "memory", "dont", "tdd", "doc", "npx", "review", "directory", "write", "task", "red", "frontmatter", "instruction", "work", "session"], "weights": [1.4118944162176694, 0.21244511467844504, 0.16314687762230395, 0.1546080310763199, 0.13345957545593617, 0.13036816377999758, 0.1231363593947636, 0.12260076763961879, 0.11839719639109927, 0.11526922848703951, 0.11428431835351553, 0.1079409624589428, 0.10711572359175268, 0.10400639423229907, 0.10162623428771436, 0.10153990321600417, 0.09989727756027957, 0.09923273898479815, 0.09696736202247129, 0.09500918020557818], "topic_strength": 16.27825192162407, "top_10_strength": 2.685325730743193, "label": "Skill & Pressure"}, {"topic_id": 2, "top_words": ["writing", "training", "nextjs", "breaking", "know", "read", "apis", "guide", "relevant", "version", "convention", "data", "structure", "exact", "changed", "doc", "primary", "public", "unity", "human"], "weights": [0.6757463439629309, 0.6508482811925833, 0.6421083193335912, 0.5697871954874041, 0.54106435834118, 0.5280920191469023, 0.5042984187916846, 0.4371410938057431, 0.4351821018134247, 0.40739490807117446, 0.36584273141548135, 0.3347997794616374, 0.33031979425222774, 0.17549901016813882, 0.1753174772634557, 0.15617874316026317, 0.044714883932697826, 0.03391271734953491, 0.02576794067707839, 0.023953069261093238], "topic_strength": 8.69528248757548, "top_10_strength": 5.391663039946619, "label": "Writing & Training"}, {"topic_id": 3, "top_words": ["tool", "return", "import", "model", "type", "function", "error", "mcp", "const", "string", "api", "data", "class", "llm", "schema", "description", "json", "user", "result", "prompt"], "weights": [0.7044675722264652, 0.34564938225415165, 0.34302189804830363, 0.3327264543801507, 0.27970978555897674, 0.2795515064084101, 0.27645313807062527, 0.25826804657831065, 0.24020027856851534, 0.2106023888401288, 0.20994371130255524, 0.20703284449941622, 0.20279255207588467, 0.20054141923857363, 0.19169177568815932, 0.18723103091447232, 0.17906115836724365, 0.1767739201344234, 0.16760197594281528, 0.16391948957915], "topic_strength": 38.91692246264075, "top_10_strength": 3.2706504509340375, "label": "Tool & Return"}, {"topic_id": 4, "top_words": ["pnpm", "npm", "frontend", "backend", "build", "bun", "component", "dev", "api", "typescript", "server", "type", "app", "react", "lint", "vite", "bash", "import", "install", "route"], "weights": [0.8413548810223241, 0.831808908416047, 0.5176283404995689, 0.4108220348803856, 0.3505427496655085, 0.3394883488295065, 0.33189719013623636, 0.3190604482252891, 0.3156720876427296, 0.2973046601379245, 0.260920388914858, 0.25625915510278247, 0.2497486785090051, 0.24200903579179442, 0.22916716223246017, 0.22381646792548593, 0.20648534985160916, 0.20243764097674935, 0.18048392506037772, 0.1693018513641914], "topic_strength": 25.34260018859733, "top_10_strength": 4.55557964945552, "label": "Frontend Development"}], "file_type": "agents_md"}