{"timestamp": "2026-05-26T03:18:46.228516", "success": true, "message": "Analysis complete with 500 files", "files_collected": 500, "topics_discovered": 5, "topics_data": [{"topic_id": 0, "top_words": ["task", "session", "git", "change", "agent", "read", "commit", "skill", "work", "user", "rule", "workflow", "plan", "step", "new", "context", "phase", "instruction", "tool", "issue"], "weights": [0.5167398127964404, 0.46411202376248045, 0.4568140269468624, 0.4441996712174689, 0.4256014300866812, 0.3617954232465162, 0.3422754864012612, 0.33752522322848555, 0.33287026060183117, 0.32457798594935927, 0.31629725036606443, 0.2894120716180656, 0.2823493355659841, 0.2808994945294903, 0.2769507410191452, 0.2644740707523336, 0.2597933387636284, 0.25544674286271557, 0.24386283655124696, 0.24166842624029358], "topic_strength": 55.572978509760716, "top_10_strength": 4.006511344237388, "label": "Task & Session"}, {"topic_id": 1, "top_words": ["npm", "component", "react", "typescript", "page", "app", "cs", "server", "route", "tailwind", "dev", "supabase", "state", "type", "nextjs", "import", "token", "frontend", "production", "data"], "weights": [0.8289346431006337, 0.4628259366099992, 0.3602374999932347, 0.3474046650676783, 0.3009603293785264, 0.28574742480364584, 0.2482356437241586, 0.24085487076198797, 0.22626860485073866, 0.21875744908176367, 0.21652466177553775, 0.20990053636531103, 0.20357837679638452, 0.2014350644525518, 0.19837451864501265, 0.19017101376217055, 0.18477058529263468, 0.18208265613990157, 0.18079776835428013, 0.17555757082843115], "topic_strength": 34.93877571241441, "top_10_strength": 3.520227067372367, "label": "Frontend Development"}, {"topic_id": 2, "top_words": ["python", "pytest", "model", "docker", "install", "import", "fastapi", "service", "pip", "module", "data", "script", "llm", "frontend", "format", "mcp", "dependency", "venv", "backend", "check"], "weights": [1.1508697188265924, 0.3624188856958699, 0.3521381004617612, 0.31854655279909144, 0.20912697912319728, 0.19426883844931916, 0.19393986789662274, 0.19308781930990182, 0.186758896123871, 0.17762155636071353, 0.14761596762191595, 0.14655621145041364, 0.1342256765377396, 0.12837970050371456, 0.12535379405905192, 0.12483673649854994, 0.1187501963953741, 0.11400104142186644, 0.11367666825621274, 0.11156053217050269], "topic_strength": 22.98131478332695, "top_10_strength": 3.3387772150469406, "label": "Python & Pytest"}, {"topic_id": 3, "top_words": ["agentsmd", "mcp", "skill", "agent", "readonly", "claim", "pipeline", "instruction", "doc", "true", "domain", "criterion", "http", "feature", "sync", "github", "readmemd", "sonnet", "table", "pip"], "weights": [2.0043378589269447, 0.13359307542865592, 0.12218448649830337, 0.062102874978171956, 0.051337342824653596, 0.04593478457152479, 0.04075130410267839, 0.03851097708222239, 0.0378229050834318, 0.03259042269519279, 0.03201068051842019, 0.02864688988959563, 0.028410086431759417, 0.027935364892726626, 0.02678139402162533, 0.026365359272372532, 0.026208291567746924, 0.024215843718397644, 0.024185722147593965, 0.024066163103297154], "topic_strength": 4.372320078762153, "top_10_strength": 2.5691660321917804, "label": "Agentsmd & Mcp"}, {"topic_id": 4, "top_words": ["pnpm", "prisma", "component", "nextjs", "rust", "typescript", "package", "dev", "tauri", "lint", "backend", "server", "cs", "schema", "route", "monorepo", "tailwind", "type", "client", "cargo"], "weights": [1.4275352072451648, 0.25963994825716064, 0.21683021791257065, 0.19332078786486076, 0.19313695065065253, 0.19058071859322762, 0.18614527375772547, 0.1715149588991229, 0.16497053225191635, 0.13842637352534617, 0.1382813307523014, 0.13301845525496925, 0.13125193831904333, 0.12996094068408073, 0.12877430206362397, 0.12122759709063094, 0.11700094257198271, 0.11066592984069507, 0.10932597379232875, 0.10930524690909776], "topic_strength": 18.21306915664575, "top_10_strength": 3.142100968957748, "label": "Frontend Development"}], "file_type": "claude_md"}