{"timestamp": "2026-06-27T03:13:48.996300", "success": true, "message": "Analysis complete with 500 files", "files_collected": 500, "topics_discovered": 5, "topics_data": [{"topic_id": 0, "top_words": ["npm", "component", "typescript", "api", "app", "react", "supabase", "pnpm", "cs", "page", "server", "dev", "tailwind", "client", "nextjs", "import", "frontend", "route", "const", "type"], "weights": [0.7600879364186349, 0.6536149795942269, 0.4678548834942907, 0.4417043271903207, 0.37825426897452386, 0.3655960900955746, 0.34177837967450714, 0.33056355635397733, 0.3121803574873845, 0.30781985665683925, 0.3060757711624858, 0.2877978810417635, 0.27473088773482596, 0.269775608179672, 0.2665895946588999, 0.25755984166950435, 0.25138841857761535, 0.24480852374202688, 0.24305173517633033, 0.23159335512846396], "topic_strength": 39.68668885770329, "top_10_strength": 4.3594546359402795, "label": "Frontend Development"}, {"topic_id": 1, "top_words": ["change", "git", "new", "make", "commit", "rule", "check", "user", "add", "issue", "phase", "dont", "cargo", "note", "task", "type", "source", "error", "version", "work"], "weights": [0.5526243747433948, 0.43142803866094415, 0.3537311632205898, 0.3473641517825288, 0.3452574635158697, 0.3418897485182764, 0.3339428508705222, 0.3311973420892452, 0.3160760861254123, 0.3059987213322687, 0.2973007555840932, 0.2885623045404938, 0.28808183935451925, 0.28464953018370204, 0.27783566499237766, 0.27626115279250196, 0.27291316044732483, 0.2671657151549033, 0.26685210955696687, 0.2582569961290644], "topic_strength": 65.61916988878794, "top_10_strength": 3.6595099408590523, "label": "Change & Git"}, {"topic_id": 2, "top_words": ["agentsmd", "guideline", "read", "rule", "require", "follow", "convention", "instruction", "claudemd", "codebase", "directory", "plan", "architecture", "workflow", "working", "common", "truth", "complete", "context", "note"], "weights": [1.7863803872095476, 0.20156539688365283, 0.18074038116231167, 0.135209846671643, 0.11103921454225946, 0.10874358973843043, 0.10083700241574871, 0.0986311566727851, 0.08236152356301585, 0.08166832012972275, 0.0812510875217515, 0.07167472610969494, 0.06885888715232141, 0.06520390377393614, 0.06476914719156428, 0.06422978944402523, 0.06304991354553058, 0.061265788612825285, 0.060803287277357544, 0.06030320734099013], "topic_strength": 5.189626010733127, "top_10_strength": 2.8871768189891176, "label": "Agentsmd & Guideline"}, {"topic_id": 3, "top_words": ["python", "ratio", "skill", "tool", "json", "automation", "pytest", "budget", "analysis", "format", "usage", "data", "purpose", "model", "flow", "api", "feature", "total", "ruff", "actual"], "weights": [1.033678021300678, 0.4639781612640998, 0.3897946573666515, 0.35824024421486145, 0.2631254427510506, 0.21350380291644344, 0.20882253636066186, 0.19091368791538613, 0.18579813172868276, 0.17683000290862227, 0.17603883531915548, 0.1591793624500679, 0.1466735805840357, 0.1435363342528923, 0.136053468219475, 0.12947285470915806, 0.12866589517229707, 0.11571323274596065, 0.11026183572129407, 0.10928674375377727], "topic_strength": 15.658163173121872, "top_10_strength": 3.484684688727137, "label": "Python & Ratio"}, {"topic_id": 4, "top_words": ["agent", "moai", "mcp", "tool", "task", "skill", "subagent", "phase", "user", "context", "team", "plan", "prompt", "session", "execution", "teammate", "llm", "workflow", "review", "hard"], "weights": [0.889988615510322, 0.43714038417448353, 0.362107435392868, 0.33556779247300195, 0.33442397169498, 0.32499842379711086, 0.2214581534408459, 0.21692834672824973, 0.2109059288668887, 0.20174363126297037, 0.19540240712499748, 0.17734876698536797, 0.1684799948922737, 0.15382864083224781, 0.15334248852501262, 0.15245713973698602, 0.13773240624611807, 0.13560383942038626, 0.12919412038503814, 0.12349659709507772], "topic_strength": 21.311574210144045, "top_10_strength": 3.5352626833417213, "label": "Agent & Moai"}], "file_type": "claude_md"}