{"timestamp": "2026-07-03T03:28:01.152056", "success": true, "message": "Analysis complete with 500 files", "files_collected": 500, "topics_discovered": 5, "topics_data": [{"topic_id": 0, "top_words": ["agent", "tool", "change", "skill", "user", "commit", "task", "mcp", "new", "add", "context", "issue", "dont", "git", "review", "repo", "work", "model", "plugin", "step"], "weights": [0.4568570759159126, 0.4123557904936708, 0.3898019049893818, 0.37522654038553743, 0.28831672535480607, 0.2806651250772421, 0.278527276742715, 0.2714182676003956, 0.26964606561238186, 0.2679262119241494, 0.26176034990372815, 0.2610815232657173, 0.2602635598781452, 0.2562590983947028, 0.24865901613374053, 0.24485418868632128, 0.24323006879455242, 0.2380573452204218, 0.23469582340077003, 0.23429521146132537], "topic_strength": 54.11369494857804, "top_10_strength": 3.290740984096193, "label": "User Interface"}, {"topic_id": 1, "top_words": ["agentsmd", "read", "repo", "agent", "follow", "spec", "primary", "context", "root", "directory", "truth", "claudemd", "source", "exist", "canonical", "rule", "convention", "gradle", "guidance", "common"], "weights": [1.9980415331239156, 0.15184875393451552, 0.15162679764760342, 0.10992744654990766, 0.09982534565375256, 0.09944338088692607, 0.0944921319442628, 0.09433373228013342, 0.07962793251566845, 0.07601734512725027, 0.0758938157680241, 0.07079792131133177, 0.0659799438945917, 0.05667377013784921, 0.05019770176448077, 0.04749420826242005, 0.04660028423387632, 0.04479141949677546, 0.04367659426208383, 0.04158704704120376], "topic_strength": 4.477578407497179, "top_10_strength": 2.9551843996639353, "label": "Project Structure"}, {"topic_id": 2, "top_words": ["pnpm", "npm", "typescript", "component", "page", "const", "astro", "supabase", "import", "api", "content", "package", "post", "react", "frontend", "nextjs", "type", "layout", "stripe", "cs"], "weights": [0.7759299947653957, 0.4437118249811024, 0.3896902819778402, 0.37147037257706295, 0.3503773073165164, 0.27397671948579766, 0.273891934058382, 0.23703047186013051, 0.23443633457968452, 0.23144152746120356, 0.20443863623473596, 0.19676367349993643, 0.1958351886666105, 0.19442049495109479, 0.19420887648683866, 0.1932345761662036, 0.1924116084653648, 0.1919148334948859, 0.18988574736594596, 0.18738132498931856], "topic_strength": 27.36142091627637, "top_10_strength": 3.5819567690631158, "label": "Frontend Development"}, {"topic_id": 3, "top_words": ["python", "make", "pytest", "bash", "benchmark", "ruff", "docker", "config", "package", "testing", "model", "type", "install", "class", "container", "check", "development", "version", "interface", "dependency"], "weights": [0.6656889288368989, 0.44708329001438857, 0.3387449456035761, 0.2916397516736585, 0.27226666571857505, 0.2591799133476061, 0.2398378087675025, 0.23461274413002398, 0.21221466708892633, 0.207556614458708, 0.202505436693486, 0.2024262407857066, 0.2002373435306853, 0.19744386894101096, 0.19034999925163615, 0.18711173019468888, 0.1749470599612909, 0.16582480993816545, 0.15965873388682872, 0.15946321358761573], "topic_strength": 31.647937839719614, "top_10_strength": 3.168825329639864, "label": "Python & Make"}, {"topic_id": 4, "top_words": ["instruction", "format", "proposal", "change", "spec", "follow", "repo", "truth", "guideline", "structure", "bullet", "claudemd", "convention", "read", "rule", "coding", "skill", "requirement", "policy", "common"], "weights": [1.3442234919766554, 0.8950137231358686, 0.17217737503188973, 0.11628851671464072, 0.11530891497561419, 0.10155575021195258, 0.09077926171223809, 0.06580259585087521, 0.06537828251009611, 0.062398498122035025, 0.057767485948837106, 0.052725528385622035, 0.0522907542590472, 0.04928135371107457, 0.04901064417758076, 0.047739434364370545, 0.04746033684857067, 0.045986071723387985, 0.044918661715650135, 0.04481863806724219], "topic_strength": 5.506395360924858, "top_10_strength": 3.028926410241865, "label": "Testing & Quality"}], "file_type": "claude_md"}