{"timestamp": "2026-05-31T03:12:26.590371", "success": true, "message": "Analysis complete with 500 files", "files_collected": 500, "topics_discovered": 5, "topics_data": [{"topic_id": 0, "top_words": ["git", "change", "session", "read", "step", "commit", "work", "user", "rule", "new", "add", "task", "repo", "line", "skill", "ssh", "section", "source", "content", "workflow"], "weights": [0.4809454359657867, 0.441719909872706, 0.4352228734024365, 0.41562730728700265, 0.35267931003073044, 0.344673305067365, 0.3440924178309996, 0.327404863428048, 0.3137696518758298, 0.2815613225045101, 0.2811535737475134, 0.2721610829405158, 0.2655234381678112, 0.25863916439231155, 0.25206420096399923, 0.23383548985242053, 0.21890359783254132, 0.21774772133307607, 0.2176691225761063, 0.2140934794274154], "topic_strength": 49.842791249916196, "top_10_strength": 3.7376963972654145, "label": "Git & Change"}, {"topic_id": 1, "top_words": ["npm", "component", "react", "typescript", "page", "dev", "pnpm", "cs", "app", "backend", "state", "tailwind", "frontend", "production", "nextjs", "api", "content", "preview", "server", "font"], "weights": [0.7459421029822607, 0.6167449740951462, 0.397897682816825, 0.35758683393804136, 0.34694260871653126, 0.28937133418787603, 0.2823393660618811, 0.2683448457308985, 0.24047346446913323, 0.23109551725042296, 0.2163854314904624, 0.21453567121887582, 0.21173974658914754, 0.21143816060648774, 0.20405207309755127, 0.2035451749110381, 0.19666708487743967, 0.1855755078022955, 0.18312323724115545, 0.17997939876607424], "topic_strength": 30.218918542479006, "top_10_strength": 3.7767387302490163, "label": "Frontend Development"}, {"topic_id": 2, "top_words": ["python", "api", "model", "pytest", "node", "configuration", "check", "method", "function", "service", "error", "type", "package", "return", "docker", "environment", "dependency", "async", "cli", "testing"], "weights": [0.5834322826740023, 0.3923075555455479, 0.37415323558169417, 0.2867498284521415, 0.2554507226101206, 0.22958488256106735, 0.21044059157772796, 0.2057685044033054, 0.20305124751307474, 0.20077579638194087, 0.1972884276670066, 0.19706006283754235, 0.19032465805006807, 0.18628870897447014, 0.18581709371942384, 0.18334838497708109, 0.17499315953729822, 0.17497715890270635, 0.17158846309539152, 0.1712841203237271], "topic_strength": 35.35297916404825, "top_10_strength": 2.9417146473006226, "label": "Data & APIs"}, {"topic_id": 3, "top_words": ["agent", "agentsmd", "mcp", "llm", "skill", "context", "task", "tool", "doc", "instruction", "anthropic", "hook", "phase", "plan", "plugin", "review", "memory", "model", "workflow", "codex"], "weights": [1.0258602219340374, 0.6612278279655257, 0.4830327272520832, 0.39601216374510695, 0.36127991491332184, 0.33120430515145094, 0.27032498560591667, 0.22129111214405137, 0.2186491798512608, 0.17560773499479881, 0.1564649689606422, 0.1480872106719511, 0.14767914272643817, 0.14081982020240297, 0.13176854889665646, 0.11399509501538839, 0.10816641927530841, 0.10812136175820292, 0.10530187698760791, 0.10081061509093597], "topic_strength": 15.661697387831959, "top_10_strength": 4.1444901735575534, "label": "Agent & Agentsmd"}, {"topic_id": 4, "top_words": ["para", "por", "que", "del", "nunca", "sistema", "ante", "supabase", "null", "usar", "backend", "est", "frontend", "python", "vercel", "migration", "sql", "deploy", "database", "base"], "weights": [1.0382258670658946, 0.5357819760034325, 0.5047597397772362, 0.3835276208929582, 0.2896519544766551, 0.24371117239155915, 0.2421333562807113, 0.21839227007760376, 0.20881277683434393, 0.18765331874465355, 0.1431964497481119, 0.14183565157910397, 0.13236740899130403, 0.1254930237330981, 0.12537001097080136, 0.12386241863537494, 0.12291990559585154, 0.11092864657280137, 0.10489292429869056, 0.10488854847778178], "topic_strength": 11.433639856854665, "top_10_strength": 3.852650052545048, "label": "Para & Por"}], "file_type": "claude_md"}