{"timestamp": "2026-07-12T03:20:18.133617", "success": true, "message": "Analysis complete with 500 files", "files_collected": 500, "topics_discovered": 5, "topics_data": [{"topic_id": 0, "top_words": ["python", "make", "config", "command", "script", "api", "module", "model", "class", "configuration", "key", "data", "path", "type", "repository", "source", "cli", "package", "docker", "image"], "weights": [0.3800262686975405, 0.35424522843548195, 0.32419582005909314, 0.3030446886855938, 0.28587008872333125, 0.280930194846651, 0.2781644072345096, 0.2775566108528854, 0.2692734648804772, 0.2564284741177107, 0.2561239637918123, 0.25012829309849616, 0.2395834039200781, 0.23576500153767752, 0.2318302713351404, 0.22895077336995698, 0.22455186371491132, 0.22410315880590603, 0.21912403090453358, 0.21538739324075248], "topic_strength": 57.059029233087855, "top_10_strength": 3.0097352465332743, "label": "Python & Make"}, {"topic_id": 1, "top_words": ["supabase", "npm", "component", "typescript", "stripe", "const", "react", "success", "import", "error", "client", "nextjs", "type", "cs", "string", "api", "hook", "app", "data", "await"], "weights": [0.5751140845586045, 0.5386568839919218, 0.5379955075664965, 0.5360466522826638, 0.5073241279606766, 0.4154999016046887, 0.3840424321392116, 0.29768204290733236, 0.2953696711257695, 0.2949205825237012, 0.2916492583614223, 0.2896041976616128, 0.28366211621311543, 0.26040614232015485, 0.2552592081973983, 0.24260003889032603, 0.22806825010249762, 0.22504334720288807, 0.20976612599063754, 0.20514168402506042], "topic_strength": 20.862640985696235, "top_10_strength": 4.382651886661066, "label": "Frontend Development"}, {"topic_id": 2, "top_words": ["agentsmd", "read", "follow", "codebase", "repo", "guideline", "working", "instruction", "directory", "exist", "guidance", "doc", "conflict", "lib", "convention", "rule", "applies", "tree", "context", "source"], "weights": [1.7362272850777634, 0.22347536847340652, 0.16574839016982892, 0.15939308757534174, 0.15299281482172875, 0.14741910354950216, 0.12839992107673612, 0.12451724788803518, 0.10331502836177359, 0.09783762999257711, 0.08360966242154207, 0.07970123682091158, 0.05844727656559205, 0.05609763234386684, 0.0554650182900174, 0.05531780319994497, 0.05401556421808648, 0.05211178291628611, 0.04817512521906029, 0.04668365450590253], "topic_strength": 4.8763160107800125, "top_10_strength": 3.039325876986693, "label": "Project Structure"}, {"topic_id": 3, "top_words": ["agent", "tool", "mcp", "change", "issue", "git", "skill", "task", "work", "dont", "push", "commit", "context", "user", "session", "step", "spec", "add", "rule", "workflow"], "weights": [0.5539932381600644, 0.5142801636267659, 0.427029931215725, 0.36072212558112593, 0.35122054961181476, 0.3293583068187612, 0.32927586408765275, 0.32247787486869084, 0.318043377028005, 0.26513931997408585, 0.24298258212932786, 0.23777243532367723, 0.22847372622256643, 0.22661003943895303, 0.21538243969772297, 0.20646500088410175, 0.19595845797514447, 0.19269890457467315, 0.19083415210983876, 0.19040310429565926], "topic_strength": 37.09865163315869, "top_10_strength": 3.771540750972692, "label": "Agent & Tool"}, {"topic_id": 4, "top_words": ["pnpm", "package", "frontend", "type", "backend", "app", "tool", "tauri", "edit", "component", "command", "lint", "cargo", "monorepo", "filter", "doc", "install", "dev", "sdk", "typecheck"], "weights": [1.2473476264462982, 0.240042542066697, 0.21818732121956397, 0.15835147524386345, 0.1464699737029935, 0.13289064328239075, 0.12296040178925609, 0.11764429990838499, 0.11208478506080424, 0.10612300206271723, 0.10470555139041408, 0.10456192802811701, 0.10348531514223022, 0.09858250190213574, 0.09308227228019078, 0.09114868411579913, 0.08942786570726075, 0.08855284193360247, 0.08592225858054331, 0.08511541531852948], "topic_strength": 12.33685222372601, "top_10_strength": 2.602102070782969, "label": "Frontend Development"}], "file_type": "claude_md"}