{"timestamp": "2026-06-27T03:22:14.809539", "success": true, "message": "Analysis complete with 500 files", "files_collected": 500, "topics_discovered": 5, "topics_data": [{"topic_id": 0, "top_words": ["step", "task", "phase", "project", "test", "issue", "question", "review", "fix", "workflow", "plan", "code", "requirement", "run", "pattern", "research", "create", "context", "report", "feature"], "weights": [0.6226619781946756, 0.4690403197602896, 0.4489469121939772, 0.43412690483942856, 0.41827537995063224, 0.33782962926160937, 0.3142192430251263, 0.27612507024633637, 0.2649511802567993, 0.25913914347682965, 0.25906518435867154, 0.2478960701515609, 0.2412364047150442, 0.2377781466822411, 0.22881378914250897, 0.22732171163595258, 0.22236796567504863, 0.21995923538181053, 0.21438147653191825, 0.21141702944777815], "topic_strength": 45.850191638217, "top_10_strength": 3.845315761205704, "label": "Project Structure"}, {"topic_id": 1, "top_words": ["und", "oder", "prfen", "der", "welche", "die", "keine", "bgb", "bei", "ist", "ab", "zpo", "mit", "art", "live", "output", "text", "form", "register", "person"], "weights": [1.557277749924209, 0.6800420462273576, 0.3158259297225246, 0.30875810235197165, 0.29359010594319374, 0.269276652789626, 0.2600869405762562, 0.23802687842482542, 0.22911001622430643, 0.22489690263380976, 0.22168679659988283, 0.16823944075956154, 0.1572860430635186, 0.12242788362610205, 0.09603827903043713, 0.04125668390739822, 0.03178540335046663, 0.030277421718203256, 0.030110204683539584, 0.02058165122625238], "topic_strength": 5.702275641170667, "top_10_strength": 4.3768913248180805, "label": "Und & Oder"}, {"topic_id": 2, "top_words": ["python", "const", "await", "api", "import", "string", "return", "query", "json", "data", "type", "model", "bash", "async", "error", "email", "post", "result", "pattern", "str"], "weights": [0.4031374064170754, 0.3938112474008133, 0.33288122365900996, 0.31181082054072506, 0.30064385829758705, 0.28913838972106826, 0.2689433798634125, 0.25519731259645295, 0.25414895066235044, 0.23111747240199282, 0.22601956799379186, 0.21155422900835613, 0.1948543559653146, 0.1893166925033604, 0.1814508677551437, 0.1707289065466773, 0.16497379039033452, 0.15107016911969418, 0.1504479185615002, 0.14642023036131266], "topic_strength": 31.64970797320966, "top_10_strength": 3.040830061560488, "label": "Data & APIs"}, {"topic_id": 3, "top_words": ["agent", "bash", "mcp", "ngrok", "run", "tool", "prompt", "token", "remote", "instruction", "claude", "browser", "openclaw", "session", "local", "server", "install", "codex", "command", "post"], "weights": [1.266463571483894, 0.29824316484693647, 0.27700207114250663, 0.2570305978693782, 0.254260217778693, 0.24778641445540875, 0.23999131051880884, 0.22442700218830353, 0.19566780110144852, 0.19140401659655373, 0.18534784961930537, 0.18074437175989502, 0.17439592889957722, 0.17050794779188838, 0.15900609251681613, 0.15377808650714644, 0.15112874314316074, 0.14048566896854747, 0.13640586574950703, 0.13558847495907084], "topic_strength": 18.66120914736357, "top_10_strength": 3.452276167981932, "label": "Agent & Bash"}, {"topic_id": 4, "top_words": ["page", "color", "theme", "component", "accessibility", "contrast", "button", "animation", "layout", "card", "image", "light", "design", "font", "div", "text", "module", "site", "tailwind", "state"], "weights": [0.4045820773063977, 0.3014037391084061, 0.30070945037904284, 0.28304600545029, 0.273291925664613, 0.26065730853680136, 0.24736628920418427, 0.23201361339568993, 0.2163462328549323, 0.2153253446186281, 0.21150701686819406, 0.20886481337813154, 0.206639541371584, 0.2022784601878093, 0.2011450514562424, 0.19883047000041337, 0.18357506083250388, 0.18241490321194337, 0.1806270394353964, 0.17629045419073092], "topic_strength": 24.08928291642755, "top_10_strength": 2.734741986518986, "label": "Page & Color"}], "file_type": "skill_md"}