{"timestamp": "2026-04-02T00:29:53.035890", "success": true, "message": "Analysis complete with 500 files", "files_collected": 500, "topics_discovered": 5, "topics_data": [{"topic_id": 0, "top_words": ["function", "error", "module", "configuration", "pattern", "core", "game", "class", "state", "library", "package", "dependency", "method", "testing", "event", "layer", "interface", "feature", "add", "return"], "weights": [0.48611038551961827, 0.3911325225300912, 0.37124467035514014, 0.3330758682441922, 0.2915289650173228, 0.28742680352384864, 0.27945897728161767, 0.26007569000094155, 0.25551048244899627, 0.24307909915983478, 0.24131252847109114, 0.2319975842091835, 0.23161743463808238, 0.22833011733960423, 0.22571738828559265, 0.22457701235295519, 0.2205131009670342, 0.2189598110089183, 0.21773574767383946, 0.21631833109929288], "topic_strength": 50.163938170679266, "top_10_strength": 3.198643464081604, "label": "Code Guidelines"}, {"topic_id": 1, "top_words": ["backend", "frontend", "npm", "docker", "service", "database", "server", "port", "auth", "admin", "production", "react", "app", "endpoint", "authentication", "token", "dev", "user", "post", "compose"], "weights": [0.5021572281175208, 0.4776681967337172, 0.47145060761567276, 0.41423067636849586, 0.31831734078360774, 0.316002940737568, 0.2696727661732344, 0.2565166564027684, 0.2318812744564513, 0.21503123925045492, 0.21204598633126787, 0.21122780496009855, 0.21073161197677803, 0.20538637245472158, 0.203181437424927, 0.20243548482702567, 0.19295596768956283, 0.19276957821034893, 0.18664810385209235, 0.17788610064425736], "topic_strength": 24.42857903984487, "top_10_strength": 3.4729289266394914, "label": "Frontend Development"}, {"topic_id": 2, "top_words": ["python", "llm", "pytest", "agent", "model", "openai", "pip", "notebook", "install", "json", "ruff", "import", "def", "tool", "str", "env", "pydantic", "config", "pipeline", "output"], "weights": [1.2412786845414379, 0.48755599273535777, 0.29102244301894625, 0.25000171437188595, 0.23577428089720145, 0.2080317865245291, 0.19964591616621014, 0.19736644071782997, 0.18565523818676857, 0.17715395549903062, 0.17303819616325108, 0.15583534087574571, 0.14067306588702302, 0.13995908747184715, 0.1367454627761426, 0.13607267787910157, 0.1298923494918607, 0.1280205808891305, 0.12442811172958762, 0.1220716279951828], "topic_strength": 18.214863953089413, "top_10_strength": 3.473486452659198, "label": "Python & Llm"}, {"topic_id": 3, "top_words": ["component", "pnpm", "npm", "page", "typescript", "react", "cs", "bun", "tailwind", "blog", "content", "nextjs", "hook", "site", "route", "import", "const", "theme", "app", "styling"], "weights": [0.6119906385390841, 0.4935888714871272, 0.4839227819993654, 0.4513055719447381, 0.39250467146779433, 0.3876399684800807, 0.3490130660295943, 0.3203158112622771, 0.31570749870143344, 0.255757549718603, 0.24945091758022034, 0.22364179872353535, 0.22094506083608761, 0.2191609965441446, 0.2054276294065418, 0.2034152423573309, 0.18984745440392908, 0.1861640447464593, 0.17577219540741593, 0.16528678661268217], "topic_strength": 24.784023452836337, "top_10_strength": 4.061746429630098, "label": "Frontend Development"}, {"topic_id": 4, "top_words": ["task", "agent", "change", "session", "work", "tool", "git", "user", "rule", "plan", "fix", "output", "skill", "context", "step", "read", "mcp", "documentation", "instruction", "commit"], "weights": [0.4985080113667925, 0.37015805586371264, 0.26936726772579817, 0.2661068416107983, 0.2611628604605833, 0.24953644604409458, 0.24477014194399363, 0.24050564365161106, 0.22696979632134148, 0.2039961271984686, 0.20292507140078755, 0.20168798847215635, 0.2016132809011258, 0.20027550249355322, 0.1996078977055039, 0.19197587245921957, 0.18922441959542227, 0.18487485503023715, 0.1822110233574439, 0.1745694281607769], "topic_strength": 31.196313374805083, "top_10_strength": 2.831081192187194, "label": "Task & Agent"}]}