{"timestamp": "2026-07-24T03:20:26.598923", "success": true, "message": "Analysis complete with 500 files", "files_collected": 500, "topics_discovered": 5, "topics_data": [{"topic_id": 0, "top_words": ["npm", "component", "api", "page", "server", "type", "backend", "service", "app", "pnpm", "dev", "frontend", "client", "typescript", "cs", "route", "import", "react", "docker", "data"], "weights": [0.6619951468495073, 0.4902478485609372, 0.4570597108967966, 0.3483516477761764, 0.34652779449742266, 0.3428457781948947, 0.3375029319916889, 0.311549468757954, 0.3076312851110007, 0.304798176899667, 0.2894815021148861, 0.2863116704518026, 0.27920256048905395, 0.2693564937543574, 0.2675557931226123, 0.2577258241640245, 0.2567059196216815, 0.2551452282026699, 0.23682201792209284, 0.23648117975479843], "topic_strength": 51.93164245301013, "top_10_strength": 3.9085097895360454, "label": "Frontend Development"}, {"topic_id": 1, "top_words": ["agentsmd", "instruction", "repo", "require", "guideline", "context", "rule", "follow", "read", "primary", "frontend", "codebase", "guidance", "working", "spec", "immediately", "truth", "reference", "agent", "live"], "weights": [1.9908320305790947, 0.1989362704778575, 0.06982089323684387, 0.06239075153237871, 0.0613721771791302, 0.06011230785376914, 0.05805242620584863, 0.05711503950531899, 0.056634276880289956, 0.04877266843135883, 0.04830941712781819, 0.045922679944054, 0.0352830545697393, 0.03408696417729817, 0.03294545411374828, 0.032792957067940845, 0.03171605161947156, 0.03154894255594274, 0.028280887195945927, 0.028211582201818075], "topic_strength": 3.7988747829258815, "top_10_strength": 2.664038841881891, "label": "Project Structure"}, {"topic_id": 2, "top_words": ["change", "dont", "task", "write", "step", "plan", "user", "phase", "ask", "make", "commit", "rule", "add", "check", "criterion", "pas", "guideline", "verify", "work", "line"], "weights": [0.4641145676640398, 0.4189584093121614, 0.3029357986871324, 0.2598739442182509, 0.2572419647745892, 0.24390289325377396, 0.24272804424865374, 0.22415389454256796, 0.22246248190994733, 0.21990277536485545, 0.21636696371069725, 0.20787863741112214, 0.20412257951599422, 0.20137807109679956, 0.19980823867024736, 0.19401528336163232, 0.1916648512150301, 0.1855112243698143, 0.18343173304049998, 0.1761790268422143], "topic_strength": 34.92861301322044, "top_10_strength": 2.8562747739759717, "label": "Change & Dont"}, {"topic_id": 3, "top_words": ["python", "skill", "agent", "tool", "ratio", "json", "bash", "analysis", "usage", "format", "cli", "automation", "data", "budget", "flow", "purpose", "command", "script", "mcp", "install"], "weights": [0.7351091284585874, 0.6229429890514505, 0.5539566845007533, 0.42877787572158466, 0.33753983103091184, 0.24332113182330012, 0.23428874923883877, 0.18277041280814968, 0.17535132250759125, 0.16903689033739638, 0.1559788290940577, 0.1508473462275812, 0.14733038756732703, 0.14548228900599974, 0.12951383697162872, 0.1293473571424536, 0.11962798024933563, 0.10906420665652053, 0.10466549236387367, 0.10314814108683415], "topic_strength": 18.9775417299727, "top_10_strength": 3.683095015478564, "label": "Python & Skill"}, {"topic_id": 4, "top_words": ["para", "que", "por", "del", "los", "supabase", "skill", "jwt", "secret", "audio", "real", "chat", "window", "token", "admin", "gate", "issue", "deploy", "service", "app"], "weights": [0.6920616409633508, 0.6664435521876877, 0.6381889975315256, 0.578064079577794, 0.3326394368112587, 0.1800877191114802, 0.14559184109856524, 0.08824193344195141, 0.08649893921059398, 0.08376768086196891, 0.08184896748072833, 0.07856107813698603, 0.07817142477970007, 0.07789166048919542, 0.07229001431774647, 0.0710314553484235, 0.06916787009678178, 0.06669674846028924, 0.06510709918776712, 0.060544287753756074], "topic_strength": 8.872066190733507, "top_10_strength": 3.491585820796176, "label": "Para & Que"}], "file_type": "claude_md"}