{"timestamp": "2026-06-26T04:04:51.928851", "success": true, "message": "Analysis complete with 500 files", "files_collected": 500, "topics_discovered": 5, "topics_data": [{"topic_id": 0, "top_words": ["python", "tool", "command", "task", "issue", "make", "documentation", "build", "update", "rule", "doc", "work", "cli", "behavior", "bash", "cargo", "directory", "source", "check", "agentsmd"], "weights": [0.4597240236595643, 0.38840816081979984, 0.34777581594563106, 0.3345385383655048, 0.32516014890091566, 0.31696512687572315, 0.31614202898082483, 0.2870238552797029, 0.2847953317902894, 0.25915156421343505, 0.25910776021937487, 0.24884085958317165, 0.2482666041937813, 0.2429964486451566, 0.23871528756656998, 0.23801760284541054, 0.23649188204241905, 0.23590241312364715, 0.23445357583113607, 0.2328931319270953], "topic_strength": 54.88110368354923, "top_10_strength": 3.3196845948313913, "label": "Python & Tool"}, {"topic_id": 1, "top_words": ["training", "nextjs", "writing", "know", "breaking", "apis", "relevant", "guide", "read", "version", "convention", "data", "structure", "changed", "exact", "yarn", "doc", "space", "package", "unity"], "weights": [0.6650563371603351, 0.6384654214991328, 0.578537158961701, 0.5567633504412842, 0.5393292444696584, 0.5068615239211102, 0.43893139673013915, 0.43772554535598523, 0.43596449528212433, 0.4264413910598521, 0.3568308954331218, 0.34417865792510716, 0.3337831865073424, 0.08759500582544451, 0.0854056600541119, 0.07155107237242704, 0.06920975190469791, 0.043867264028683045, 0.03746243683359324, 0.029789718375237723], "topic_strength": 8.082559772120346, "top_10_strength": 5.224075864881323, "label": "Training & Nextjs"}, {"topic_id": 2, "top_words": ["skill", "tool", "pressure", "mcp", "dont", "npx", "scenario", "review", "para", "markdown", "subagent", "trigger", "available", "description", "plugin", "user", "reference", "workflow", "claude", "directory"], "weights": [1.585817190225312, 0.17470700756354635, 0.14588698211645698, 0.12804862064334818, 0.12305572623516717, 0.11948901444914142, 0.1170468373739516, 0.11396021858880849, 0.11312723526173339, 0.10596686017637963, 0.10510540259419071, 0.10435925576223579, 0.10415264543026816, 0.10401846445178252, 0.10121652411916557, 0.10080428070799291, 0.10031887630120799, 0.09549179799525505, 0.09521446780876827, 0.09437243209995695], "topic_strength": 15.550519158014149, "top_10_strength": 2.727105692633845, "label": "Skill & Tool"}, {"topic_id": 3, "top_words": ["type", "import", "function", "string", "return", "const", "error", "class", "public", "async", "component", "api", "export", "typescript", "interface", "prefer", "data", "await", "state", "value"], "weights": [0.473919322692528, 0.4671640918303496, 0.3821577483300506, 0.35696607956809945, 0.3472196921086639, 0.34128356984838126, 0.27651585680388235, 0.20877722285079764, 0.20421577584858266, 0.18585056679083026, 0.17962526764322362, 0.17645058169864905, 0.17151011798929858, 0.16723210563983934, 0.16087565052348327, 0.16076470376732474, 0.15701241979373493, 0.14891924042762172, 0.14837582074360484, 0.13914270920722546], "topic_strength": 30.48732806524062, "top_10_strength": 3.244069926672166, "label": "Code Guidelines"}, {"topic_id": 4, "top_words": ["npm", "build", "pnpm", "dev", "frontend", "lint", "bash", "api", "backend", "component", "typescript", "install", "vite", "check", "server", "app", "development", "prettier", "command", "eslint"], "weights": [1.3808262783099117, 0.4521171734471919, 0.3901692782124267, 0.3207848479922198, 0.31654881417671016, 0.28315045415683565, 0.2818403596549704, 0.27074943026397114, 0.26937195358654004, 0.25705326201544076, 0.25134745621814625, 0.2274853133873183, 0.21275493816575972, 0.1904026703783197, 0.1834593416810467, 0.17196042714896786, 0.1719110120827637, 0.16105418215483708, 0.161034663266284, 0.14834459543037148], "topic_strength": 22.488587770667927, "top_10_strength": 4.222611851816218, "label": "Frontend Development"}], "file_type": "agents_md"}