{"timestamp": "2026-02-20T01:13:11.092673", "success": true, "message": "Analysis complete with 500 files", "files_collected": 500, "topics_discovered": 5, "topics_data": [{"topic_id": 0, "top_words": ["python", "model", "api", "service", "data", "configuration", "make", "import", "class", "error", "return", "environment", "module", "pattern", "string", "tool", "database", "dependency", "pytest", "management"], "weights": [0.898027557532698, 0.3922158935850338, 0.3489298022123378, 0.319453411136319, 0.3173747454491309, 0.30224362914271247, 0.2970742933208641, 0.2888112217719898, 0.25781467792440277, 0.25429532996501447, 0.2496810806558687, 0.24703617053924531, 0.24139192307971397, 0.24103829977694963, 0.22885681609912553, 0.226377180072485, 0.22548000409138635, 0.2234553822128782, 0.22196228536734514, 0.21989797820492635], "topic_strength": 45.461168273854376, "top_10_strength": 3.676240562040503, "label": "Backend Services"}, {"topic_id": 1, "top_words": ["npm", "component", "typescript", "pnpm", "react", "api", "frontend", "backend", "app", "nextjs", "server", "cs", "start", "dev", "tailwind", "hook", "lint", "production", "router", "error"], "weights": [0.9961445496112865, 0.543675799404351, 0.4657558639861228, 0.3820498666105624, 0.33232571830602275, 0.3315101151954764, 0.31642259710778403, 0.2854952485885711, 0.2832727949084943, 0.26980238434250114, 0.23038234471887714, 0.22144743878955592, 0.21208430306462134, 0.21076880899792694, 0.19145120445415642, 0.17816027635402162, 0.1768934987328093, 0.17167506473237729, 0.1695432102973691, 0.16120092146901716], "topic_strength": 23.422846633002397, "top_10_strength": 4.206454938061172, "label": "Frontend Development"}, {"topic_id": 2, "top_words": ["rule", "task", "mcp", "agent", "change", "phase", "read", "step", "instruction", "work", "memory", "user", "context", "implementation", "update", "immediately", "session", "review", "server", "tool"], "weights": [0.49244234833584355, 0.4760582536520653, 0.31648923181038263, 0.3065303419762361, 0.2681078096607795, 0.26611543159722695, 0.2573482605897924, 0.2411506238537638, 0.23048412514904423, 0.22459200346102093, 0.21949106148013517, 0.21828733923683472, 0.2065185463791561, 0.19528201351906868, 0.1906218273678686, 0.18295837972294196, 0.17835312561898478, 0.17711063524205306, 0.17393199698230635, 0.17322162045200887], "topic_strength": 31.18662934308609, "top_10_strength": 3.079318430086155, "label": "Rule & Task"}, {"topic_id": 3, "top_words": ["bun", "import", "typescript", "react", "instead", "component", "cli", "node", "yarn", "pnpm", "package", "vitest", "skill", "runtime", "hook", "testing", "web", "nodejs", "dont", "zod"], "weights": [1.5245204328423503, 0.18616657387303226, 0.14703918124542445, 0.1456406841872217, 0.1400936646239027, 0.13675400193587944, 0.1245836164513263, 0.10926695322870512, 0.10832425037087016, 0.10773401488606767, 0.10563879760901482, 0.10077383733490752, 0.0975794068938524, 0.09567009347414704, 0.09332988849638986, 0.09282733286301328, 0.09019220187483346, 0.08527569899795745, 0.08364425704053825, 0.08178119282385889], "topic_strength": 11.866661931630066, "top_10_strength": 2.7301233736447803, "label": "Frontend Development"}, {"topic_id": 4, "top_words": ["page", "notebook", "data", "content", "html", "link", "title", "image", "site", "color", "post", "sql", "blog", "cs", "cell", "markdown", "section", "script", "main", "layout"], "weights": [0.41013383100771844, 0.337894423476985, 0.3225709545526674, 0.3081194068125714, 0.29075986676007093, 0.22400651002243493, 0.22125743017909102, 0.20613893537859285, 0.203153130195454, 0.20090831019059158, 0.19565857143933996, 0.18706704030708482, 0.17512716312329107, 0.1594767952026569, 0.15896612778967129, 0.1570122985198658, 0.15602424383196603, 0.1515397115015708, 0.14606927114873425, 0.14406257003465467], "topic_strength": 24.842638795969243, "top_10_strength": 2.724942798576177, "label": "Data & APIs"}]}