{"timestamp": "2026-05-19T03:08:18.861179", "success": true, "message": "Analysis complete with 500 files", "files_collected": 500, "topics_discovered": 5, "topics_data": [{"topic_id": 0, "top_words": ["python", "agent", "read", "task", "phase", "tool", "check", "change", "user", "work", "source", "git", "rule", "feature", "model", "update", "session", "context", "data", "commit"], "weights": [0.4539996545041675, 0.3781025664507201, 0.3725043319007155, 0.35938158615662663, 0.3330995142644364, 0.319110221481483, 0.31687040456423443, 0.30625231377507783, 0.2734165812963768, 0.26880901676082136, 0.26821954968301764, 0.26699957027205423, 0.2627229588329958, 0.25492141204500113, 0.25332725327784766, 0.2499900223229084, 0.2423450691411093, 0.23907346721022932, 0.2385280355983202, 0.23807537659498487], "topic_strength": 59.31660990286943, "top_10_strength": 3.3815461911546594, "label": "Python & Agent"}, {"topic_id": 1, "top_words": ["npm", "api", "typescript", "frontend", "backend", "react", "component", "server", "dev", "app", "production", "docker", "tailwind", "database", "nextjs", "supabase", "eslint", "service", "router", "route"], "weights": [1.1760849060733731, 0.5626818755213199, 0.38005242029766023, 0.35729069122845614, 0.3420142923208292, 0.3100638188760396, 0.30153274983753575, 0.2831558985756905, 0.2821417924585749, 0.2749890295508277, 0.20988577350172724, 0.20950119443971063, 0.19272201534594685, 0.18216266412429702, 0.17921103929385018, 0.17079890357506158, 0.1654243245208127, 0.1643718811266836, 0.15965862263751493, 0.15631715576399963], "topic_strength": 23.587672692863325, "top_10_strength": 4.270007474740307, "label": "Frontend Development"}, {"topic_id": 2, "top_words": ["agentsmd", "instruction", "mcp", "skill", "context", "agent", "repository", "para", "git", "memory", "merge", "prompt", "doc", "plan", "manager", "nextjs", "playwright", "spec", "monorepo", "development"], "weights": [1.6347708184123175, 0.30161817022159587, 0.24120530732323003, 0.1258054045269386, 0.11824865661640176, 0.11782319128779983, 0.10611019645043036, 0.10238425767588777, 0.07497962277584913, 0.07468105821713684, 0.0664254402724861, 0.061408124184980456, 0.055752305814077155, 0.0546536545030626, 0.05386145025860947, 0.05329486895066995, 0.05158665669850763, 0.0499608538980734, 0.048875775435503636, 0.04834872867634349], "topic_strength": 5.586949174036266, "top_10_strength": 2.8976266835075877, "label": "Agentsmd & Instruction"}, {"topic_id": 3, "top_words": ["pnpm", "bun", "package", "convex", "prisma", "typescript", "database", "component", "backend", "dev", "frontend", "api", "type", "rust", "nextjs", "server", "schema", "filter", "cli", "migration"], "weights": [1.351003055184486, 0.2953753955547997, 0.21516922664812962, 0.2012840647042209, 0.1864843676622818, 0.16343629227870018, 0.1577352053472061, 0.15238311863149068, 0.14629957829393503, 0.13921840084574183, 0.1359017392034051, 0.13512833971084476, 0.1338800039456847, 0.1308363100953926, 0.11938251661980906, 0.11908773406013334, 0.11225079337776206, 0.11171203645758647, 0.1091639194836881, 0.10742581044098908], "topic_strength": 14.922423169759673, "top_10_strength": 3.008388705150992, "label": "Frontend Development"}, {"topic_id": 4, "top_words": ["page", "component", "content", "color", "cs", "animation", "post", "site", "section", "theme", "layout", "text", "background", "static", "style", "font", "data", "image", "custom", "state"], "weights": [0.4579401147893395, 0.3933104629867396, 0.3137985960274269, 0.2784147369104262, 0.25355362917232066, 0.2528994351103141, 0.23064369765457726, 0.22614028167362712, 0.20130885461809275, 0.20035918678960918, 0.197393320437004, 0.1955180109928344, 0.19334588667480063, 0.18815929522367983, 0.17648626653452545, 0.17240448446298384, 0.1687351597280005, 0.16857361749737618, 0.16535819913361796, 0.1652246594952829], "topic_strength": 32.2953817663221, "top_10_strength": 2.8083689957324736, "label": "Page & Component"}], "file_type": "claude_md"}