{"timestamp": "2026-07-02T03:18:41.672767", "success": true, "message": "Analysis complete with 500 files", "files_collected": 500, "topics_discovered": 5, "topics_data": [{"topic_id": 0, "top_words": ["component", "npm", "pnpm", "react", "typescript", "cs", "app", "server", "api", "import", "dev", "page", "production", "backend", "nextjs", "type", "frontend", "tailwind", "development", "start"], "weights": [0.6947584272532494, 0.679699651046739, 0.49695313916478323, 0.4374343148494472, 0.420572647662065, 0.3811556347731796, 0.3460079946130521, 0.3453629215007667, 0.33306624704255694, 0.31232583243480005, 0.30991137537107816, 0.2940558959204392, 0.2855678880167838, 0.2723547758615579, 0.27048441714091565, 0.2618434153737006, 0.2611272347249868, 0.25336190123736024, 0.2490507207069192, 0.24813900526081115], "topic_strength": 40.17261628736557, "top_10_strength": 4.447336810340638, "label": "Frontend Development"}, {"topic_id": 1, "top_words": ["change", "git", "user", "dont", "commit", "make", "task", "new", "check", "add", "source", "fix", "read", "session", "update", "rule", "push", "repo", "version", "work"], "weights": [0.5665821057841951, 0.47331259521296787, 0.4380241616554275, 0.39653616758261107, 0.38517904189607655, 0.3813732284520836, 0.3468639167688577, 0.34548442028288673, 0.33685139243436274, 0.31675567608380606, 0.31332188438502123, 0.31213270357060946, 0.31134162345427696, 0.3077065026762716, 0.29847319354266566, 0.292513390253924, 0.28013206059846946, 0.27549514560037003, 0.27300484215688386, 0.2704735774049484], "topic_strength": 71.37283414668082, "top_10_strength": 3.986962706153274, "label": "User Interface"}, {"topic_id": 2, "top_words": ["agentsmd", "instruction", "require", "codebase", "guideline", "working", "workflow", "read", "making", "life", "guidance", "truth", "contract", "note", "follow", "aws", "repo", "assistant", "source", "doc"], "weights": [1.8896958971117435, 0.10807587181181283, 0.09356390518464121, 0.0728857452869143, 0.0622279788969601, 0.05677468278728014, 0.04680567355634027, 0.04567444139881402, 0.04400780479104417, 0.039362620185296, 0.038432547374168805, 0.03814634982398756, 0.036593886676040466, 0.03444428051876742, 0.03259481950688737, 0.02664731341754046, 0.02213455047477786, 0.022114865298449388, 0.020700579227672093, 0.02014842883173043], "topic_strength": 3.3453682117850274, "top_10_strength": 2.4590746210108465, "label": "Agentsmd & Instruction"}, {"topic_id": 3, "top_words": ["python", "skill", "ratio", "tool", "json", "analysis", "format", "data", "usage", "budget", "automation", "cli", "purpose", "model", "pytest", "output", "flow", "actual", "evaluation", "year"], "weights": [0.900183237505991, 0.4889128142708861, 0.4050701084080176, 0.3119343313418027, 0.2577006047763003, 0.25111094480274043, 0.2243031262147079, 0.19455729390235918, 0.19065907984513236, 0.18179134910780917, 0.1806269981128914, 0.17631473663399763, 0.17333121087765027, 0.1654441751895809, 0.14091212852154775, 0.14043135123819722, 0.1316106142218649, 0.12559786364104122, 0.12385541480027272, 0.112759999956689], "topic_strength": 16.321705179973026, "top_10_strength": 3.4062228901757474, "label": "Python & Skill"}, {"topic_id": 4, "top_words": ["agent", "moai", "skill", "workflow", "llm", "task", "team", "context", "tool", "subagent", "prompt", "phase", "plan", "mcp", "user", "rule", "session", "teammate", "execution", "memory"], "weights": [1.2150228637590483, 0.39289962942863604, 0.2660220110056437, 0.22057134863994862, 0.21866122158774443, 0.215254794392647, 0.20348960482324574, 0.20152738725502053, 0.20028137874259697, 0.19093126675566524, 0.1762203365883741, 0.17498383756742833, 0.16044702091879312, 0.14881335233381962, 0.14868593498794652, 0.14455143756187477, 0.1393410291254499, 0.13239512181009747, 0.12973950327622952, 0.12699133556485429], "topic_strength": 17.91774395416647, "top_10_strength": 3.3246615063901968, "label": "Agent & Moai"}], "file_type": "claude_md"}