{"timestamp": "2026-07-18T03:03:54.375698", "success": true, "message": "Analysis complete with 500 files", "files_collected": 500, "topics_discovered": 5, "topics_data": [{"topic_id": 0, "top_words": ["user", "change", "python", "make", "task", "data", "model", "api", "git", "dont", "tool", "new", "check", "version", "session", "update", "add", "bash", "feature", "pattern"], "weights": [0.3775197393898075, 0.3470124217315164, 0.3455323317284826, 0.30489274776967845, 0.2920819466009879, 0.2872242573937102, 0.2816287984091299, 0.27044183773343483, 0.2595866205416335, 0.24972922417545285, 0.24809942606332194, 0.24678537927875624, 0.22901802717554695, 0.22249164518639625, 0.22221598670718112, 0.2183518226331281, 0.2167162275208374, 0.2159477307314623, 0.21526439418939253, 0.20895577851220895], "topic_strength": 61.86297167891443, "top_10_strength": 3.0156499254738343, "label": "User Interface"}, {"topic_id": 1, "top_words": ["agentsmd", "instruction", "guideline", "require", "rule", "codebase", "live", "adapter", "read", "follow", "immediately", "developer", "global", "working", "npm", "background", "reference", "site", "invoke", "queue"], "weights": [1.9382626116894541, 0.11119919680759803, 0.11079951122227062, 0.09670241967904072, 0.07552044071840187, 0.06978627971787456, 0.04869323977779929, 0.04583442059434126, 0.042536228217061905, 0.04232690421874889, 0.04113977614574103, 0.03876578473665876, 0.038666379821049104, 0.036348375510388935, 0.032759991985279555, 0.02461892647419134, 0.01972417229035862, 0.019683345090484354, 0.01769421231544997, 0.015049864570324156], "topic_strength": 3.6366989060233594, "top_10_strength": 2.5816612526425917, "label": "Agentsmd & Instruction"}, {"topic_id": 2, "top_words": ["npm", "component", "pnpm", "page", "typescript", "dev", "react", "app", "server", "cs", "type", "tailwind", "client", "lint", "import", "nextjs", "api", "route", "supabase", "production"], "weights": [0.7400287950151802, 0.593580931872833, 0.5340972729989938, 0.414714181626991, 0.3811063385099701, 0.33979035895234666, 0.33937102205428166, 0.31747201289124694, 0.30677721435798827, 0.3028457499050112, 0.2684122028273562, 0.2513813949097739, 0.2301334572642084, 0.22395784280985373, 0.22342040394224622, 0.2232978957243109, 0.22223384755265846, 0.21768351842104972, 0.20731194978266018, 0.20042357130774593], "topic_strength": 33.439119033822536, "top_10_strength": 4.2697838781848425, "label": "Frontend Development"}, {"topic_id": 3, "top_words": ["agent", "skill", "instruction", "task", "tool", "repo", "gate", "mcp", "read", "llm", "plugin", "cli", "rule", "cursor", "applies", "review", "pipeline", "context", "bash", "model"], "weights": [1.276249018957265, 0.563218660628463, 0.29645848536636255, 0.2833416393881623, 0.21871418587297986, 0.20642165762182482, 0.18032243549814791, 0.17682429505059885, 0.16476763854139487, 0.15799390963055676, 0.1577085841169085, 0.14089703261783404, 0.1301630358649721, 0.12302496757570398, 0.11723883458214335, 0.11669899481633281, 0.11289706645132212, 0.10855518594636675, 0.10815673213303817, 0.10670505616344471], "topic_strength": 17.900415430498988, "top_10_strength": 3.5243119265557565, "label": "Agent & Skill"}, {"topic_id": 4, "top_words": ["end", "technology", "shell", "additional", "information", "plan", "read", "important", "used", "context", "start", "current", "structure", "follow", "instruction", "codex", "principle", "lesson", "author", "message"], "weights": [0.5045170540375421, 0.504238912645427, 0.4728793213925956, 0.4706208764472212, 0.4627232706671274, 0.4590571049939644, 0.42698627972817993, 0.380403722254794, 0.3228201862134818, 0.3217181688125098, 0.30674114882973125, 0.30655415549882015, 0.27994179795824364, 0.12105046599814187, 0.11994777765500328, 0.06803930253217919, 0.05487221426539912, 0.05158319271417216, 0.04967066449403239, 0.04960826750262683], "topic_strength": 8.23151045189184, "top_10_strength": 4.325964897192843, "label": "End & Technology"}], "file_type": "claude_md"}