{"timestamp": "2026-07-09T03:39:11.182072", "success": true, "message": "Analysis complete with 500 files", "files_collected": 500, "topics_discovered": 5, "topics_data": [{"topic_id": 0, "top_words": ["agent", "test", "step", "review", "issue", "task", "code", "fix", "pattern", "change", "workflow", "section", "check", "phase", "project", "context", "content", "data", "question", "specific"], "weights": [0.5853190454312143, 0.5396891781099177, 0.5037770114935597, 0.43691505535543573, 0.3883399322229627, 0.38254231446189185, 0.34808194570154694, 0.3163656884726598, 0.3159458692869095, 0.29789379814755984, 0.28074793006903154, 0.27409333124105606, 0.26093227590647644, 0.24715337490841752, 0.24659547369636617, 0.2376470576905736, 0.2294166816107638, 0.22865610140351678, 0.2194501479842299, 0.211478024027191], "topic_strength": 56.761691683168564, "top_10_strength": 4.114869838683658, "label": "Testing & Quality"}, {"topic_id": 1, "top_words": ["methodology", "method", "result", "appropriate", "problem", "assumption", "practice", "validation", "domain", "literature", "documentation", "theoretical", "established", "technique", "best", "analysis", "expertise", "complexity", "understanding", "consider"], "weights": [0.5203933373337554, 0.5085478338014163, 0.46314985513325396, 0.4359073197338715, 0.43444733099013366, 0.353548882711828, 0.3137222296580716, 0.30975729214581416, 0.3023846060740174, 0.2916976639255391, 0.28852432645467874, 0.2883140725520767, 0.2745209122688083, 0.25986543345697577, 0.25901969128172264, 0.25677825637150975, 0.2526657341793611, 0.24819046266580214, 0.24592579932231073, 0.24460265752914706], "topic_strength": 20.45834099805962, "top_10_strength": 3.933556351507701, "label": "Methodology & Method"}, {"topic_id": 2, "top_words": ["const", "await", "async", "string", "return", "import", "typescript", "error", "firebase", "function", "pattern", "component", "type", "notification", "class", "null", "button", "api", "throw", "token"], "weights": [0.6483433924263382, 0.5360955277569367, 0.4537308082565417, 0.38258019009523614, 0.3616673668158898, 0.31636573227426606, 0.288624934947254, 0.22175275744240594, 0.20520254702425356, 0.19129827577825975, 0.18245129832189722, 0.16140584558742832, 0.16116471038463415, 0.15186850252739523, 0.14975816883655424, 0.14552321697161544, 0.13828156588312604, 0.13527355629477253, 0.13306452429286778, 0.1316454119755677], "topic_strength": 22.005632552028707, "top_10_strength": 3.6056615328173818, "label": "Const & Await"}, {"topic_id": 3, "top_words": ["bash", "python", "image", "run", "json", "echo", "model", "prompt", "install", "cli", "api", "node", "url", "script", "input", "video", "command", "token", "post", "curl"], "weights": [0.5719566114977848, 0.4125367707347181, 0.4090548393359023, 0.34501943470122903, 0.3340919034505219, 0.33363961220910593, 0.32072836340022165, 0.2501984991542576, 0.24509866504225622, 0.22629783968332, 0.211684841897269, 0.20313298130233315, 0.19325140600723387, 0.17637051227375763, 0.17615165392770907, 0.17378820181453394, 0.17174322292038896, 0.1685314655359663, 0.1680744401099078, 0.16129354064432624], "topic_strength": 24.90712709193405, "top_10_strength": 3.448622539209318, "label": "Bash & Python"}, {"topic_id": 4, "top_words": ["doc", "interview", "plan", "design", "creates", "session", "run", "true", "decision", "using", "behavior", "change", "public", "command", "evidence", "validation", "changed", "repository", "note", "documentation"], "weights": [0.9063133383849936, 0.4298461650625645, 0.39460507773317977, 0.3872807752976412, 0.34050356580540375, 0.32806490088463913, 0.29645206310933697, 0.2930332880613091, 0.24447892675938154, 0.22640758138027559, 0.17270497345666674, 0.17205696055189593, 0.165566172130801, 0.14754955679246304, 0.1032034282200617, 0.10024314477401297, 0.1001519463637474, 0.09964400036051138, 0.09787814131764606, 0.09034982064176912], "topic_strength": 10.774349775968183, "top_10_strength": 3.8469856824787256, "label": "Documentation"}], "file_type": "skill_md"}