{"timestamp": "2026-06-05T03:09:20.230841", "success": true, "message": "Analysis complete with 500 files", "files_collected": 500, "topics_discovered": 5, "topics_data": [{"topic_id": 0, "top_words": ["type", "build", "function", "error", "project", "make", "prefer", "command", "module", "new", "check", "import", "doc", "package", "source", "update", "dependency", "pattern", "issue", "repository"], "weights": [0.3767368776479547, 0.35365728546213115, 0.33491050533920314, 0.33020595034988304, 0.30920499800943874, 0.29879955113986134, 0.29609839167523727, 0.2763661327797042, 0.2670640460349296, 0.2518446902300648, 0.2500187157523063, 0.24620564679881288, 0.24153631113087168, 0.23852640470750136, 0.23516475202218792, 0.23442808250293043, 0.2309124818030565, 0.22680058873335388, 0.2265497816563815, 0.22483408124724802], "topic_strength": 58.672673157896085, "top_10_strength": 3.094888428668408, "label": "Project Structure"}, {"topic_id": 1, "top_words": ["training", "nextjs", "know", "breaking", "writing", "apis", "guide", "relevant", "version", "read", "convention", "structure", "data", "guidance", "agentsmd", "backend", "changed", "python", "doc", "login"], "weights": [0.7196547014625528, 0.6676409168412943, 0.6059717078657336, 0.5983603607336873, 0.573651492158539, 0.5406730779273851, 0.496082612663301, 0.4767823929787547, 0.461586261452806, 0.42094383489270726, 0.37290015897309564, 0.3583032565489354, 0.3534249942030631, 0.04007557667143495, 0.03301914096861265, 0.02204497242751935, 0.021847442228567826, 0.020542702674796475, 0.019145866764550747, 0.018290061929043876], "topic_strength": 8.128666368676985, "top_10_strength": 5.561347358976761, "label": "Training & Nextjs"}, {"topic_id": 2, "top_words": ["npm", "build", "component", "typescript", "route", "react", "guideline", "backend", "lint", "dev", "install", "server", "bash", "frontend", "api", "php", "app", "tailwind", "cs", "nextjs"], "weights": [1.5851471977062528, 0.3309451251073396, 0.3259299694966966, 0.23605540754461915, 0.22213789241678622, 0.19898824238021254, 0.19623085934598145, 0.1951588475696932, 0.19171048377028305, 0.19102537014513152, 0.18703422560339084, 0.18477967343388124, 0.18304462774793626, 0.17611183817530798, 0.1602070563156285, 0.15144913206687102, 0.1444697750187474, 0.13478900620625495, 0.1335767737189168, 0.12570637462282186], "topic_strength": 18.67752027257362, "top_10_strength": 3.673329395482997, "label": "Frontend Development"}, {"topic_id": 3, "top_words": ["pnpm", "frontend", "backend", "type", "lint", "dev", "build", "component", "typecheck", "check", "rust", "typescript", "format", "app", "vite", "install", "comment", "import", "provider", "utility"], "weights": [1.6696428831973174, 0.34069983746453947, 0.271332026029162, 0.24738619295269107, 0.20966201393596962, 0.20686460470303258, 0.1968999527671579, 0.18199554363120185, 0.15068066010895026, 0.1469745605354981, 0.14643775740134637, 0.13608974674538443, 0.13555610860199704, 0.1243906094419835, 0.11720017567565456, 0.1127923753019461, 0.11222961017247837, 0.11108141792601924, 0.10327409781548294, 0.0956512701920138], "topic_strength": 13.689320957802813, "top_10_strength": 3.6221382753255202, "label": "Frontend Development"}, {"topic_id": 4, "top_words": ["tool", "skill", "mcp", "model", "python", "llm", "session", "api", "prompt", "server", "claude", "task", "description", "subagent", "str", "json", "memory", "context", "chat", "user"], "weights": [0.7409552943589198, 0.6302767419648196, 0.4543306763711161, 0.28428529505532646, 0.2183414051437399, 0.20862454528523097, 0.1950730098565367, 0.19095605187866443, 0.17932294115778238, 0.1757774345275176, 0.17259642408907924, 0.15164960604093497, 0.15041017343106644, 0.14596708084880664, 0.14438366000864228, 0.1432964563182276, 0.13691189288528133, 0.13202677565281276, 0.1276515427603943, 0.12691990692592306], "topic_strength": 28.169860542454416, "top_10_strength": 3.2779433955996544, "label": "Tool & Skill"}], "file_type": "agents_md"}