{"timestamp": "2026-06-11T03:13:03.851187", "success": true, "message": "Analysis complete with 500 files", "files_collected": 500, "topics_discovered": 5, "topics_data": [{"topic_id": 0, "top_words": ["api", "make", "python", "model", "git", "version", "module", "docker", "cargo", "config", "service", "package", "release", "type", "install", "pytest", "check", "backend", "data", "configuration"], "weights": [0.4224154420920168, 0.40705371712102595, 0.35826984842567233, 0.3279129490475418, 0.31363132746934086, 0.30691070463060854, 0.2990935239670625, 0.2808205770812961, 0.2803861825002917, 0.27305787771519047, 0.2722474610218164, 0.25534932273273825, 0.2528676175957577, 0.25149577057303685, 0.24281022146793968, 0.23871904182303771, 0.2337777485254502, 0.22480059031755348, 0.2179030293959422, 0.21432772732024247], "topic_strength": 54.407427253864846, "top_10_strength": 3.269552150050047, "label": "Data & APIs"}, {"topic_id": 1, "top_words": ["component", "npm", "page", "react", "cs", "typescript", "app", "supabase", "theme", "tailwind", "dev", "production", "data", "color", "server", "nextjs", "bun", "route", "api", "hook"], "weights": [0.6804860810288658, 0.6703029137475518, 0.4264572491833253, 0.3374445183634859, 0.33042246468086867, 0.3119779918642978, 0.25748892871980594, 0.25655079477983456, 0.23243445634827528, 0.2312304144700339, 0.2184670489944256, 0.2174063381493866, 0.21079333000956674, 0.20653253353155784, 0.20388808467494265, 0.19206145221032989, 0.1904235122024768, 0.19041099260613265, 0.19010965160465465, 0.18000053946056027], "topic_strength": 32.24799826131212, "top_10_strength": 3.734795813186345, "label": "Frontend Development"}, {"topic_id": 2, "top_words": ["skill", "python", "ratio", "tool", "financial", "json", "automation", "budget", "analysis", "usage", "format", "purpose", "flow", "para", "year", "actual", "calculation", "exit", "total", "feature"], "weights": [1.0259855663266786, 0.7632452494868708, 0.5984267939155067, 0.47347847273836424, 0.2911524703407893, 0.27975056396332326, 0.2404124464127139, 0.24018388510461, 0.21977104027519917, 0.21155287221641558, 0.20240037878073577, 0.18178156025099332, 0.16449175797119364, 0.1572683732961921, 0.15079065030155095, 0.1474174974280452, 0.1361191107309566, 0.1323347350767877, 0.1177996349992041, 0.11026332529455667], "topic_strength": 15.01144673970953, "top_10_strength": 4.343959360780471, "label": "Skill & Python"}, {"topic_id": 3, "top_words": ["agent", "task", "rule", "user", "moai", "phase", "plan", "workflow", "change", "tool", "issue", "review", "context", "read", "work", "fix", "agentsmd", "session", "step", "team"], "weights": [0.7404331173364018, 0.4951954056005107, 0.40476221994578215, 0.3486847777605242, 0.3268029043645534, 0.30131267337553425, 0.2919799301155824, 0.26705993463868904, 0.2273923065257993, 0.2251212233850166, 0.21824588436588474, 0.21385225604798785, 0.20708178345701178, 0.206656597635532, 0.204787104342431, 0.1994060521547202, 0.19560836008128293, 0.19104840600676617, 0.18975099356689995, 0.18234469922832028], "topic_strength": 34.30184176098405, "top_10_strength": 3.6287444930483943, "label": "User Interface"}, {"topic_id": 4, "top_words": ["pnpm", "typescript", "nextjs", "package", "router", "dev", "app", "lint", "supabase", "vitest", "import", "prettier", "api", "worker", "migration", "type", "web", "eslint", "server", "zod"], "weights": [1.561558862131794, 0.2673836377207891, 0.22011919767722202, 0.19193306979498514, 0.14477576995037336, 0.14199821392808015, 0.14053219201777498, 0.1403629523572804, 0.13836536809735864, 0.13525488030629113, 0.13395599026976562, 0.13367651692938096, 0.12661968844053637, 0.12575958457020062, 0.12174310283701749, 0.11975999054991118, 0.11737316054691797, 0.11673251733698572, 0.11270850834230181, 0.11131793364986495], "topic_strength": 12.75278507681682, "top_10_strength": 3.0822841439819486, "label": "Frontend Development"}], "file_type": "claude_md"}