{"timestamp": "2026-07-06T04:00:58.730192", "success": true, "message": "Analysis complete with 100 files", "files_collected": 100, "topics_discovered": 5, "topics_data": [{"topic_id": 0, "top_words": ["run", "agent", "project", "node", "task", "tool", "script", "pattern", "session", "workflow", "read", "report", "phase", "new", "error", "command", "search", "check", "section", "add"], "weights": [0.4854786393700654, 0.44171702077361, 0.33276926944553115, 0.27963712466159135, 0.2588564913505058, 0.23184469298958596, 0.2270926045301121, 0.21019030118551876, 0.20613678064542265, 0.18657709920685212, 0.1793041201902807, 0.1789531482133481, 0.17345627044468995, 0.17243950376671546, 0.17131347269970656, 0.17035741182890538, 0.1625369877271703, 0.15862519653899027, 0.15813350698071293, 0.1577670459582604], "topic_strength": 40.66369957830721, "top_10_strength": 2.8603000241587955, "label": "Project Structure"}, {"topic_id": 1, "top_words": ["step", "html", "agentic", "websearch", "comment", "knowledge", "persona", "grep", "track", "phase", "change", "control", "specific", "want", "like", "thing", "respond", "context", "analysis", "document"], "weights": [1.5400549171774478, 0.24145241590885083, 0.23192381694447264, 0.21890586052488628, 0.18720049943990805, 0.17096209305763163, 0.16996299195988215, 0.1656467021606963, 0.16149132876833422, 0.13739211553058697, 0.1337550679845655, 0.1111271563788297, 0.10862200098475235, 0.10190619804094068, 0.10130544577338708, 0.09892358298660907, 0.09593803239268166, 0.09126842532505372, 0.08978589158468153, 0.08608985389642855], "topic_strength": 10.419564673645516, "top_10_strength": 3.2249927414726973, "label": "Step & Html"}, {"topic_id": 2, "top_words": ["post", "agent", "curl", "authorization", "bearer", "token", "applicationjson", "contenttype", "url", "response", "register", "human", "fetch", "comment", "content", "memory", "image", "cdp", "email", "json"], "weights": [0.8110122732639886, 0.5933180333574897, 0.45352372406568975, 0.3423032417983858, 0.34073461979761266, 0.2896819800781188, 0.2529067635449245, 0.24975726517348976, 0.20213582469322894, 0.19151942530879104, 0.16839453073180674, 0.14455804768034958, 0.14238694536684285, 0.1419455093451365, 0.13734046554364845, 0.12953675398918754, 0.1294983018260147, 0.12494565098475659, 0.12278337393048784, 0.11889385941019519], "topic_strength": 18.79063827761052, "top_10_strength": 3.7268931510817196, "label": "Post & Agent"}, {"topic_id": 3, "top_words": ["python", "claude", "json", "llm", "pdf", "output", "day", "subagent", "image", "url", "publish", "powershell", "paper", "pip", "markdown", "keyword", "html", "google", "prompt", "script"], "weights": [1.039764070842038, 0.25479702872674553, 0.24050845665147727, 0.17255620043172687, 0.15882671545131918, 0.15427006802770918, 0.1462471125530627, 0.12515825414045445, 0.11248781818707411, 0.1018972224460663, 0.09643825548684641, 0.09422065091057528, 0.09416430899601941, 0.09010416243089266, 0.0842825277972669, 0.08364698847222188, 0.08283258156392771, 0.08275479072060166, 0.08133684432249869, 0.07932008887179819], "topic_strength": 8.104961136146118, "top_10_strength": 2.5065129474576735, "label": "AI Assistant Configuration"}, {"topic_id": 4, "top_words": ["button", "layout", "text", "const", "color", "style", "image", "input", "form", "function", "html", "return", "theme", "component", "compose", "cs", "frontend", "page", "box", "column"], "weights": [0.44082671765655235, 0.30863295369347715, 0.28193587600634024, 0.24623842967666096, 0.20398540329268317, 0.20372434905063233, 0.19822537812332466, 0.19010425267641035, 0.16666484895022401, 0.16592860786783975, 0.1658477558810753, 0.16001828246681565, 0.15992093495377088, 0.15642023112255424, 0.13794123901099872, 0.12983032289276294, 0.1295277551027221, 0.12568762809580258, 0.12560130632926753, 0.12546795106689587], "topic_strength": 16.153369641486382, "top_10_strength": 2.406266816994145, "label": "Button & Layout"}], "file_type": "skill_md"}