{"timestamp": "2026-05-10T00:26:24.930156", "success": true, "message": "Analysis complete with 500 files", "files_collected": 500, "topics_discovered": 5, "topics_data": [{"topic_id": 0, "top_words": ["data", "model", "service", "error", "python", "configuration", "server", "rust", "cargo", "function", "type", "http", "pattern", "tool", "token", "return", "dependency", "string", "default", "module"], "weights": [0.3815368211806394, 0.34215358602503837, 0.33409822342018997, 0.3293384900614114, 0.317815566403933, 0.2990794376210336, 0.28609239214488186, 0.2804038522175504, 0.2748101376417819, 0.27104153843467477, 0.26141384859505784, 0.2533875701680576, 0.2508758782957846, 0.24034825889948888, 0.23449944312986762, 0.23416123488191873, 0.22551204469480524, 0.21903500133985018, 0.21352586988936278, 0.2084578789306043], "topic_strength": 56.443279241106495, "top_10_strength": 3.116370045151135, "label": "Data & APIs"}, {"topic_id": 1, "top_words": ["npm", "component", "react", "typescript", "frontend", "backend", "dev", "cs", "vite", "development", "hook", "page", "tailwind", "server", "production", "theme", "npx", "eslint", "nextjs", "lint"], "weights": [1.1622319446253935, 0.46453004630267847, 0.45934609770483575, 0.39602908968023176, 0.35376188259009883, 0.2977655126484158, 0.2382204918805057, 0.22891459509012244, 0.19616303708777932, 0.1937787597512528, 0.1870565015123454, 0.17597143723178235, 0.16570785938576854, 0.15410669595879983, 0.15399756494598288, 0.15017220501464532, 0.14680249045519386, 0.1434722465052027, 0.13679370220210885, 0.13123463196337412], "topic_strength": 20.878209250261378, "top_10_strength": 3.990741457361314, "label": "Frontend Development"}, {"topic_id": 2, "top_words": ["agent", "task", "git", "change", "step", "plan", "fix", "read", "commit", "work", "session", "skill", "rule", "branch", "tool", "issue", "research", "doc", "review", "check"], "weights": [0.6310746082938604, 0.6060691316988194, 0.4433953511605624, 0.42617030584384463, 0.3952037359451657, 0.39274977603457684, 0.3650629480839179, 0.36091139930939403, 0.3588116306639772, 0.3563724708349011, 0.34014648061506353, 0.3354774296365652, 0.3195221285612422, 0.2992310725514732, 0.29502675234579684, 0.2826521320912577, 0.27963721081596127, 0.2633174876989071, 0.2574344701452878, 0.2518740515619921], "topic_strength": 49.58408027652352, "top_10_strength": 4.33582135786902, "label": "Agent & Task"}, {"topic_id": 3, "top_words": ["pnpm", "component", "nextjs", "prisma", "route", "package", "typescript", "lint", "type", "app", "dev", "router", "tailwind", "schema", "auth", "page", "production", "shared", "supabase", "cs"], "weights": [1.1771822648341914, 0.19865461914644833, 0.16660956692620185, 0.1530027722781895, 0.14957780582954014, 0.1423368325309715, 0.13791347269521376, 0.12989114547211508, 0.125396787225066, 0.12463392201923518, 0.1242089459769691, 0.12175412439503737, 0.11803071563356106, 0.10758400881197017, 0.1017160557525987, 0.09748853817405145, 0.09583983848849137, 0.09398053126112027, 0.09371322419728424, 0.0935842417955782], "topic_strength": 12.97091555641573, "top_10_strength": 2.5051991889571728, "label": "Frontend Development"}, {"topic_id": 4, "top_words": ["agentsmd", "source", "spec", "truth", "important", "best", "stay", "agent", "practice", "requirement", "behavior", "note", "repository", "single", "training", "mandatory", "skill", "playwright", "instruction", "override"], "weights": [1.635009174163204, 0.14962144088566243, 0.13849225745643007, 0.13221351622828667, 0.11676341285593608, 0.09892740137980059, 0.09833015343348525, 0.09232463426414889, 0.09206592803019578, 0.07713447438681356, 0.06878718376867916, 0.06778534828517742, 0.06491277741022881, 0.058495934168195866, 0.046392473368446124, 0.041085914956875164, 0.038554388827028774, 0.03752835133195902, 0.03476332688668221, 0.03457286158896175], "topic_strength": 4.188489838419729, "top_10_strength": 2.6308823930839633, "label": "Testing & Quality"}]}