{"timestamp": "2026-04-11T00:18:16.220815", "success": true, "message": "Analysis complete with 500 files", "files_collected": 500, "topics_discovered": 5, "topics_data": [{"topic_id": 0, "top_words": ["python", "data", "service", "cargo", "api", "module", "model", "docker", "dependency", "error", "return", "core", "entity", "database", "configuration", "pattern", "json", "http", "default", "rust"], "weights": [0.6054185377262397, 0.4515999083253451, 0.3808912146116376, 0.37485399772799466, 0.2993295115981975, 0.28346040638265374, 0.2664416333087985, 0.2585022617600109, 0.24667726415009794, 0.245913387792921, 0.23960450118829218, 0.23800276666166223, 0.23628837858849638, 0.23441673434827787, 0.22936181297332747, 0.22412078959150286, 0.21543357219954512, 0.20986360844680785, 0.2073087171807626, 0.2041165537578478], "topic_strength": 53.4107826621084, "top_10_strength": 3.4130881233838966, "label": "Backend Services"}, {"topic_id": 1, "top_words": ["npm", "react", "api", "component", "typescript", "backend", "server", "frontend", "dev", "nextjs", "const", "route", "app", "prisma", "database", "auth", "production", "hook", "router", "start"], "weights": [0.9367574758895839, 0.40727463364820243, 0.3885558142682468, 0.34083230971044187, 0.3328786969636274, 0.2878597159515638, 0.2731691353928251, 0.2650858783084236, 0.24088785755391803, 0.23423972356834674, 0.2238136688356138, 0.22370168465672935, 0.21324353523338746, 0.20040561019415276, 0.2001672559245532, 0.19208728377958748, 0.18029325175928543, 0.17133084006378865, 0.16680084387954575, 0.15894795986816906], "topic_strength": 21.544940056756737, "top_10_strength": 3.70754124125518, "label": "Frontend Development"}, {"topic_id": 2, "top_words": ["page", "content", "component", "cs", "font", "html", "section", "theme", "color", "site", "animation", "card", "static", "text", "layout", "icon", "gradient", "github", "style", "navigation"], "weights": [0.6005042322803298, 0.30065843262075176, 0.29228091507005927, 0.2839829660065411, 0.2708808329526909, 0.2683906023133887, 0.2634982850851299, 0.25309185701629294, 0.24601365172710296, 0.23412934217180714, 0.22619416220402982, 0.2197324571659423, 0.2192394234369806, 0.20578432659796392, 0.20348240209235335, 0.2027331055707148, 0.17344748298686027, 0.16203036120278289, 0.16060817983593428, 0.1503908042065338], "topic_strength": 24.971509852361912, "top_10_strength": 3.0134311172440946, "label": "Page & Content"}, {"topic_id": 3, "top_words": ["pnpm", "component", "package", "lint", "typescript", "app", "type", "monorepo", "nextjs", "web", "react", "filter", "dev", "apps", "plugin", "tailwind", "eslint", "issue", "example", "format"], "weights": [1.1740934903409583, 0.4487246544586119, 0.3204244464870725, 0.17316652403410238, 0.1709650892185842, 0.16619615203838797, 0.1438812048260169, 0.1402678101257241, 0.1300748827051428, 0.12125967083508683, 0.10955147160016417, 0.1063152386424342, 0.09853059038207809, 0.09780080195012679, 0.09155507352892561, 0.09076813221912933, 0.08968142184404422, 0.08732862088283655, 0.08441631689930872, 0.08279370281371587], "topic_strength": 12.811590540604362, "top_10_strength": 2.9890539250696877, "label": "Frontend Development"}, {"topic_id": 4, "top_words": ["agent", "task", "skill", "git", "step", "commit", "read", "mcp", "change", "rule", "work", "make", "workflow", "issue", "session", "tool", "context", "instruction", "review", "doc"], "weights": [0.42601075916089515, 0.40172962523816297, 0.3997157453200221, 0.39438849516028035, 0.2885703076308368, 0.2680411260599334, 0.26506729284700464, 0.2641454013274027, 0.2534314012665074, 0.23662109118403504, 0.23330953478931435, 0.2271319398801662, 0.22564841916683726, 0.2159604306869754, 0.2153056238317964, 0.21357185329544914, 0.2120996128743508, 0.20457627629971337, 0.20348804142049404, 0.2021467950595935], "topic_strength": 31.929881823031174, "top_10_strength": 3.1977212451950803, "label": "Agent & Task"}]}