{"timestamp": "2026-06-04T04:01:24.149805", "success": true, "message": "Analysis complete with 500 files", "files_collected": 500, "topics_discovered": 5, "topics_data": [{"topic_id": 0, "top_words": ["step", "agent", "user", "git", "change", "pattern", "code", "task", "session", "review", "issue", "audit", "tool", "report", "fix", "phase", "create", "context", "commit", "rule"], "weights": [0.6650075775077846, 0.43177138309988666, 0.3721338143005951, 0.36607754899685657, 0.3279395605802537, 0.31110230780347486, 0.308997752755169, 0.30833112094569926, 0.3081864522331087, 0.30510118760597016, 0.3038425535492963, 0.293855432773076, 0.28695692126878847, 0.2843596886799124, 0.2823891268981176, 0.28050126834063666, 0.26982476067643496, 0.2544446708458744, 0.2518915993980703, 0.24782321954041736], "topic_strength": 52.48878306856868, "top_10_strength": 3.7046487058287987, "label": "User Interface"}, {"topic_id": 1, "top_words": ["python", "bash", "search", "url", "json", "curl", "video", "entity", "memory", "query", "api", "token", "install", "srcclipy", "node", "agent", "post", "result", "identity", "openclaw"], "weights": [0.7754117973350013, 0.6588272620974301, 0.5718076085849814, 0.349129551896291, 0.34899781624345694, 0.28188627111595327, 0.23491712785721067, 0.2084904036311768, 0.2069178767512551, 0.20644543869985876, 0.20199861259880583, 0.19281193773837904, 0.17912462800105924, 0.17239331750418982, 0.17074062313763202, 0.169788137010412, 0.16345522689536549, 0.16036008513084057, 0.14831540989382958, 0.1476827470331886], "topic_strength": 26.137295202892965, "top_10_strength": 3.8428311542126155, "label": "Python & Bash"}, {"topic_id": 2, "top_words": ["typescript", "const", "await", "string", "error", "async", "component", "return", "type", "function", "browser", "sdk", "event", "data", "frontend", "url", "upload", "api", "mcp", "import"], "weights": [0.588897813181372, 0.5502818762303925, 0.38348951054248187, 0.3595310371032849, 0.32280135533772897, 0.2811074478203067, 0.2759062401828859, 0.274879248092704, 0.24663358121516663, 0.2410597165117994, 0.22244348536503056, 0.18973035811152028, 0.16812039561800998, 0.16789371229668076, 0.15893083442758782, 0.15081309179021896, 0.1499601872403601, 0.14725067913558357, 0.13788863007676505, 0.13745590936889776], "topic_strength": 20.842635033418546, "top_10_strength": 3.524587826218123, "label": "Frontend Development"}, {"topic_id": 3, "top_words": ["slide", "button", "deck", "transitionall", "html", "card", "text", "div", "content", "element", "color", "animation", "para", "visual", "image", "duration", "hoverbgvarcolorbtnhover", "hoverbordervarcolorbtnhover", "cs", "panel"], "weights": [0.6903846791693273, 0.49634268940442844, 0.33054538581144494, 0.32080397442463604, 0.2941668564542237, 0.2925062570645676, 0.23898577185627745, 0.23422448588660202, 0.2298557828415846, 0.22883386159866004, 0.2249865752139961, 0.21852101847393565, 0.2111597448450396, 0.20748702118209014, 0.2044148629955729, 0.199936945745208, 0.19291245617403274, 0.19291245617403274, 0.1814227374268407, 0.16888018766418017], "topic_strength": 19.70789749594055, "top_10_strength": 3.356649744511752, "label": "Slide & Button"}, {"topic_id": 4, "top_words": ["test", "run", "mvn", "bat", "bash", "build", "module", "export", "plugin", "jar", "usrbinenv", "myfunction", "project", "testing", "gate", "clean", "output", "status", "fixture", "echo"], "weights": [1.0921006903791792, 0.46290364598300615, 0.4604084880158064, 0.44770499891691307, 0.3605484077158877, 0.26313839584485643, 0.2612059830315092, 0.251010355383143, 0.2415530230403363, 0.21811711749851503, 0.21259913878463563, 0.19751691128687338, 0.1905842766652479, 0.18748964866679768, 0.18713428682846348, 0.1868548656127069, 0.17755527359152792, 0.16552186445199396, 0.16161995461871903, 0.15934683291020071], "topic_strength": 19.250558465547336, "top_10_strength": 4.058691105809153, "label": "Testing & Quality"}], "file_type": "skill_md"}