{"timestamp": "2026-07-14T03:12:20.318759", "success": true, "message": "Analysis complete with 500 files", "files_collected": 500, "topics_discovered": 5, "topics_data": [{"topic_id": 0, "top_words": ["package", "build", "issue", "commit", "command", "check", "prefer", "behavior", "make", "work", "git", "new", "doc", "module", "update", "function", "repository", "task", "documentation", "rule"], "weights": [0.387902665904326, 0.38529999228244677, 0.34816452808021797, 0.32607760500260236, 0.3205195290174513, 0.3083251136312993, 0.3036912151032527, 0.29723827757974997, 0.28590146091901847, 0.28250734873573996, 0.2776022777487621, 0.2729037697241783, 0.2713208759098869, 0.2690913990242318, 0.26875657412534865, 0.267736465787576, 0.26506954350162826, 0.25463524192199, 0.24296264061540823, 0.24289084270582068], "topic_strength": 52.00338313551492, "top_10_strength": 3.2456277362561052, "label": "Deployment & Build"}, {"topic_id": 1, "top_words": ["training", "nextjs", "breaking", "know", "writing", "guide", "apis", "relevant", "version", "read", "data", "structure", "convention", "exact", "changed", "doc", "function", "admin", "frontend", "backend"], "weights": [0.6941705260876171, 0.6614096717319881, 0.6100844444394592, 0.5644901168636502, 0.5492053597943723, 0.4751617974275559, 0.474914273341696, 0.46295586363508134, 0.3974513648333481, 0.3942312854349561, 0.3733508945479168, 0.3511231108128383, 0.34946327933226407, 0.05422521418288679, 0.04927327776586822, 0.02520104734102319, 0.019734005462776226, 0.01944772973255349, 0.018887050770171596, 0.018834146352907838], "topic_strength": 8.09267567347077, "top_10_strength": 5.284074703589724, "label": "Training & Nextjs"}, {"topic_id": 2, "top_words": ["skill", "readmemd", "project", "plugin", "swift", "guidance", "development", "read", "engineer", "agentsmd", "understand", "developer", "purpose", "general", "manager", "documentation", "following", "context", "access", "package"], "weights": [1.0120471089557335, 0.686168292563731, 0.6573882421616953, 0.46673986684808194, 0.4174447605711481, 0.3854529297903728, 0.2717315828732436, 0.26652698290208776, 0.25816634790841636, 0.24677017417553618, 0.22071721186896193, 0.20927939651936836, 0.20367319263240308, 0.202166755152488, 0.20059814093105083, 0.19499657327718325, 0.1940783399831883, 0.18177755695109724, 0.17346174972874565, 0.17141418345237255], "topic_strength": 13.403449972879997, "top_10_strength": 4.668436288750046, "label": "Project Structure"}, {"topic_id": 3, "top_words": ["npm", "typescript", "build", "component", "bun", "frontend", "react", "api", "dev", "backend", "lint", "vite", "node", "tailwind", "pnpm", "route", "eslint", "import", "app", "cs"], "weights": [1.3658675161014304, 0.3246128322805207, 0.3241342766258001, 0.31212967655241974, 0.2908856343356814, 0.28712834140737276, 0.28465238647868385, 0.2371381659580504, 0.23445016743694785, 0.2178999688055796, 0.19803295579312538, 0.17945786518314616, 0.1780316742336442, 0.17133859918838718, 0.17122877115557458, 0.16756836520102694, 0.1647896270010545, 0.16240415774462685, 0.16229910757924182, 0.15316201426050732], "topic_strength": 22.567753067878552, "top_10_strength": 3.8788989659824864, "label": "Frontend Development"}, {"topic_id": 4, "top_words": ["tool", "model", "python", "return", "import", "mcp", "llm", "api", "server", "const", "type", "string", "str", "data", "result", "prompt", "class", "bash", "description", "sdk"], "weights": [0.7336620678885559, 0.4046397290852264, 0.37687860171721355, 0.37654465089333194, 0.36273327110943937, 0.29963740601335176, 0.27470223101013835, 0.2371966397862093, 0.226560337382177, 0.22303908283506402, 0.22055238035958236, 0.2204943044738067, 0.21149634929561778, 0.21028441082137897, 0.20476716593520106, 0.2004809085755823, 0.19250939693263078, 0.19120088284500894, 0.1848245964762244, 0.18330845592891748], "topic_strength": 37.559051018276605, "top_10_strength": 3.5155940177207077, "label": "Tool & Model"}], "file_type": "agents_md"}