{"timestamp": "2026-07-17T03:58:34.513118", "success": true, "message": "Analysis complete with 500 files", "files_collected": 500, "topics_discovered": 5, "topics_data": [{"topic_id": 0, "top_words": ["agent", "run", "bash", "token", "json", "prompt", "image", "post", "url", "install", "api", "curl", "cli", "local", "command", "model", "const", "browser", "ngrok", "instruction"], "weights": [0.9061010902111529, 0.5168999528048775, 0.5059607799481332, 0.368006528294845, 0.34566736513751806, 0.3412546205863116, 0.3330581326976403, 0.32441553920255123, 0.2949622491309502, 0.2813791110490281, 0.2780577180193128, 0.25107481426030875, 0.23380354861502634, 0.23044750673362618, 0.2280767987018931, 0.22741799554849826, 0.22441562519438624, 0.21309023897311352, 0.2117027584722908, 0.2047482744901963], "topic_strength": 37.66330582868789, "top_10_strength": 4.217705369063008, "label": "Agent & Run"}, {"topic_id": 1, "top_words": ["und", "oder", "die", "eine", "der", "welche", "prfen", "mit", "art", "form", "email", "live", "output", "plugins", "matrix", "register", "screenshot", "person", "pdf", "text"], "weights": [1.7049461286868757, 0.6119168550313422, 0.3794430567820815, 0.32563661984185016, 0.3148947490585497, 0.2929439843004633, 0.2552341309274441, 0.22524444523490497, 0.08142026001598453, 0.05254425390585346, 0.047713040560238465, 0.03861502650067941, 0.03353771402104004, 0.02601404309825007, 0.02259226503833296, 0.01839444178247738, 0.01651206268443928, 0.016303066197730445, 0.015420726220890078, 0.014796240387451743], "topic_strength": 4.72447819829145, "top_10_strength": 4.24422448378535, "label": "Und & Oder"}, {"topic_id": 2, "top_words": ["step", "issue", "project", "context", "task", "phase", "workflow", "goal", "design", "question", "test", "pattern", "review", "code", "component", "output", "plan", "update", "create", "state"], "weights": [0.3506846873985357, 0.26527804542740446, 0.26454812076715983, 0.2582896855075085, 0.25205441640073556, 0.24029563495717562, 0.23582374190353997, 0.2326185015803146, 0.22063458288878615, 0.21346943151567366, 0.20887425512995933, 0.20881015262765348, 0.2044431102989296, 0.20111220269838653, 0.1873891962808929, 0.18168225981635358, 0.17697657927281185, 0.17463948063387227, 0.17010683667026194, 0.16139593707139996], "topic_strength": 42.45009613852887, "top_10_strength": 2.533696848346834, "label": "Project Structure"}, {"topic_id": 3, "top_words": ["python", "import", "str", "model", "bash", "def", "api", "class", "parameter", "quantization", "price", "int", "bit", "pip", "return", "data", "llm", "json", "result", "env"], "weights": [1.1600665251185949, 0.5170382947321238, 0.31358952851716226, 0.3007780925941598, 0.19743957004193466, 0.17819281673305046, 0.17506219881087828, 0.17017270141733784, 0.16703172725415616, 0.1492764367080414, 0.14911077248500587, 0.1281007075032605, 0.11364297351617689, 0.11285603467596407, 0.10989479164306452, 0.10946530839033057, 0.10303072762059953, 0.09641092691787478, 0.09521022571700756, 0.09125482773935373], "topic_strength": 17.006907621498446, "top_10_strength": 3.32864789192744, "label": "Python & Import"}, {"topic_id": 4, "top_words": ["mcp", "tool", "toolkit", "connection", "schema", "session", "search", "workflow", "available", "slug", "active", "operation", "memory", "server", "argument", "reuse", "query", "discover", "known", "step"], "weights": [0.8373181198100735, 0.6844538602212742, 0.43073461296751125, 0.35758821218150266, 0.32951445955485564, 0.32267057253824266, 0.28521284123156776, 0.258271651172751, 0.25562684567115407, 0.24987700834064075, 0.228389818644175, 0.20181757800834543, 0.1928291174483916, 0.15815061596657912, 0.14816711012707265, 0.14491750521630567, 0.1423064367436942, 0.13703625962183988, 0.13448775276794256, 0.13131106224661868], "topic_strength": 13.153947021899086, "top_10_strength": 4.011268183689573, "label": "Mcp & Tool"}], "file_type": "skill_md"}