{"timestamp": "2026-06-14T03:46:11.178564", "success": true, "message": "Analysis complete with 500 files", "files_collected": 500, "topics_discovered": 5, "topics_data": [{"topic_id": 0, "top_words": ["change", "task", "phase", "git", "version", "new", "fix", "issue", "plan", "user", "make", "check", "release", "commit", "source", "line", "rule", "add", "dont", "update"], "weights": [0.37596377124725483, 0.36783055181867236, 0.3442196021192055, 0.3271542010474445, 0.32430463310079066, 0.3015890411834167, 0.28292591740470235, 0.2827422253981016, 0.2750031805364479, 0.25860367621164676, 0.2575190718005984, 0.25629155531641595, 0.2491244091282562, 0.24190596650075294, 0.23880021709212734, 0.2382543251734234, 0.2377950610845776, 0.23488656367006291, 0.23447083423911386, 0.2303402341341758], "topic_strength": 57.91619209025464, "top_10_strength": 3.1403368000676832, "label": "Change & Task"}, {"topic_id": 1, "top_words": ["npm", "api", "component", "typescript", "docker", "app", "backend", "frontend", "cs", "react", "server", "service", "data", "page", "database", "dev", "nextjs", "web", "type", "production"], "weights": [0.667409614231488, 0.41530807167732586, 0.3813560736569524, 0.3250289125230599, 0.29458777216447823, 0.282799225947489, 0.2766203361781447, 0.258484151725251, 0.2541796757252841, 0.25278305986517136, 0.24777669904650024, 0.23663709600373034, 0.2360930670399888, 0.2170041748927795, 0.2124129274983628, 0.2027130690063962, 0.20156402639629908, 0.19218579831937457, 0.19038512861326576, 0.18858513477412062], "topic_strength": 35.23609296391229, "top_10_strength": 3.4085568936946444, "label": "Frontend Development"}, {"topic_id": 2, "top_words": ["agentsmd", "agent", "guideline", "require", "read", "repo", "contract", "guidance", "doc", "codebase", "context", "spec", "template", "workflow", "life", "mode", "checkpoint", "instruction", "making", "working"], "weights": [1.7288274103585985, 0.27991095131338195, 0.1371151396492479, 0.1320628059785801, 0.12841616889616292, 0.12155825157788518, 0.09957443278372057, 0.0973515824111307, 0.08969574520099811, 0.08697691816869456, 0.08596663773613256, 0.0798583341433754, 0.0757988702831469, 0.07399549958696666, 0.06839330796780918, 0.06808760889726796, 0.06688343970494051, 0.06657328143233884, 0.066340493854294, 0.06573426595076429], "topic_strength": 6.452258919110476, "top_10_strength": 2.9014894063384, "label": "Agentsmd & Agent"}, {"topic_id": 3, "top_words": ["python", "tool", "skill", "agent", "ratio", "mcp", "json", "analysis", "format", "usage", "automation", "script", "budget", "model", "cli", "data", "purpose", "pytest", "flow", "memory"], "weights": [1.024234953527302, 0.7209157297327173, 0.5469607324796234, 0.49936800273688614, 0.4357312238669577, 0.3121153707290712, 0.26944837396800936, 0.2511748950252092, 0.20982048345408177, 0.20700368448551992, 0.20249100511985327, 0.2020176761953595, 0.19346877661002504, 0.1901357698557674, 0.18910307142223004, 0.1645167428743525, 0.1543236135352794, 0.144650626798946, 0.14374328286354304, 0.12788687784966732], "topic_strength": 21.400195005945037, "top_10_strength": 4.476773450005378, "label": "Python & Tool"}, {"topic_id": 4, "top_words": ["pnpm", "type", "component", "package", "typescript", "import", "dev", "lint", "schema", "pdf", "agent", "token", "install", "eslint", "query", "node", "check", "typecheck", "react", "doc"], "weights": [1.358386074500803, 0.17374861055946916, 0.16895643600042118, 0.16695657983730172, 0.1368179557824735, 0.12708376261292958, 0.12094154059137502, 0.11013331929475055, 0.1086954171070587, 0.10684187727513847, 0.09957205394768469, 0.09663989875222724, 0.09236675706307489, 0.08590107013064605, 0.07984365225848099, 0.07840095786763679, 0.0780202490136964, 0.07568185558434556, 0.07435481829168306, 0.07304724476645412], "topic_strength": 12.557962724927503, "top_10_strength": 2.5785615735617204, "label": "Frontend Development"}], "file_type": "claude_md"}