{"timestamp": "2026-06-13T03:38:44.838565", "success": true, "message": "Analysis complete with 500 files", "files_collected": 500, "topics_discovered": 5, "topics_data": [{"topic_id": 0, "top_words": ["npm", "build", "project", "command", "prefer", "update", "guideline", "doc", "commit", "module", "issue", "repository", "documentation", "behavior", "work", "check", "rule", "git", "package", "local"], "weights": [0.5456044534253349, 0.46402762477878545, 0.37553654864720215, 0.32513452579318997, 0.3224025877381097, 0.30695700654629887, 0.3026902831366268, 0.3019394059800073, 0.29865424638057736, 0.2915584115292853, 0.2873606189109099, 0.27541442148068884, 0.2721982454240187, 0.2718835881424157, 0.2617450290978744, 0.25831901307569355, 0.2520090447866563, 0.24593985162018572, 0.2431726220574134, 0.2392263338095636], "topic_strength": 53.124479597665044, "top_10_strength": 3.534505093955418, "label": "Project Structure"}, {"topic_id": 1, "top_words": ["skill", "plugin", "directory", "skillmd", "read", "project", "developer", "readmemd", "following", "understand", "pressure", "reference", "context", "purpose", "space", "install", "claude", "frontmatter", "markdown", "scenario"], "weights": [1.5327782453097487, 0.4098026795494016, 0.23850044995394007, 0.18013940609204174, 0.17682306907938716, 0.17313256201606209, 0.17288969132291304, 0.16920515339300077, 0.16143542131492658, 0.15916350603763102, 0.1527921884108085, 0.15272889619506935, 0.15191435925811128, 0.14407390518481314, 0.13615492032050347, 0.13372582069543665, 0.13090785595078408, 0.12163486412838667, 0.12094472088484264, 0.1194809457356112], "topic_strength": 16.15324791203414, "top_10_strength": 3.373870184069053, "label": "File Management"}, {"topic_id": 2, "top_words": ["pnpm", "frontend", "backend", "component", "type", "rust", "vite", "typescript", "dev", "import", "app", "typecheck", "check", "lint", "vitest", "build", "react", "tailwind", "page", "provider"], "weights": [1.7926609850241773, 0.4015219808578577, 0.31631430573138086, 0.2583128102103934, 0.23803861537502452, 0.22393308973914566, 0.1977838340757223, 0.18555089152204954, 0.18011006082902078, 0.17973618087247265, 0.16866244154712884, 0.16588229567149576, 0.15505484270463138, 0.15315239547566492, 0.15272490559121427, 0.14946341502062307, 0.1386824485393297, 0.13646473933763464, 0.1270584980914755, 0.12422764768564104], "topic_strength": 15.096148946119985, "top_10_strength": 3.973962754237245, "label": "Frontend Development"}, {"topic_id": 3, "top_words": ["nextjs", "training", "writing", "breaking", "know", "apis", "read", "relevant", "guide", "version", "convention", "data", "structure", "exact", "changed", "doc", "guidance", "backend", "public", "agentsmd"], "weights": [0.7366733161373861, 0.7290414346947708, 0.6780450335300824, 0.6448076634028722, 0.6093287383305647, 0.6078606542154498, 0.5120645248164831, 0.5005163622086215, 0.48411075653816477, 0.4740274129168996, 0.40095324278164673, 0.38649127992022564, 0.36656045440482354, 0.1447920401194722, 0.13854852869353354, 0.10598268100894595, 0.07003543638903088, 0.0557105929087989, 0.05467872257351101, 0.052391658449764296], "topic_strength": 10.482907777504954, "top_10_strength": 5.976475896791295, "label": "Nextjs & Training"}, {"topic_id": 4, "top_words": ["tool", "model", "mcp", "python", "import", "api", "llm", "return", "json", "prompt", "str", "data", "key", "token", "server", "result", "string", "error", "provider", "description"], "weights": [0.7908353377112329, 0.41968965887487214, 0.40357204517010015, 0.38901135012936766, 0.35396154664328355, 0.33711179825856413, 0.3124339041567678, 0.2888347907121872, 0.22756837701368396, 0.2245526853219582, 0.2101676714227955, 0.1993714396968407, 0.18787298720050377, 0.18616314962608066, 0.18476357031064675, 0.1845932278569672, 0.1833439835468667, 0.17793023334333394, 0.17481982529052995, 0.17241550786527116], "topic_strength": 41.72528222950632, "top_10_strength": 3.747571493992018, "label": "Tool & Model"}], "file_type": "agents_md"}