{"timestamp": "2026-06-03T03:47:06.260637", "success": true, "message": "Analysis complete with 500 files", "files_collected": 500, "topics_discovered": 5, "topics_data": [{"topic_id": 0, "top_words": ["tool", "import", "type", "model", "api", "python", "error", "return", "function", "data", "server", "user", "string", "const", "client", "mcp", "session", "state", "class", "key"], "weights": [0.5744508925732352, 0.4113506986197349, 0.3963005469916935, 0.38384271638446715, 0.36490315922212885, 0.35977563918694283, 0.3204606819219849, 0.31442576200953776, 0.3013568605370714, 0.28417299847115707, 0.27393806265714643, 0.2708644954933703, 0.2691746288984651, 0.24982836869504457, 0.23605912174282923, 0.23311594887043927, 0.22696866040349037, 0.22448716206426883, 0.22208784154666286, 0.2177325285018257], "topic_strength": 54.41033953876276, "top_10_strength": 3.7110399559179537, "label": "Data & APIs"}, {"topic_id": 1, "top_words": ["pnpm", "lint", "dev", "typecheck", "vitest", "check", "package", "typescript", "component", "src", "app", "docker", "change", "prisma", "type", "vite", "content", "react", "frontend", "filter"], "weights": [1.6688572551501006, 0.22609516019942597, 0.18629706585913836, 0.1650349509993174, 0.15196596284260122, 0.14065141938625236, 0.12253348880430072, 0.1204195019491866, 0.11223178034977146, 0.10320720687062046, 0.09618006069963542, 0.08727580085724289, 0.08619124003340158, 0.08093579546226093, 0.07991408086843467, 0.0785609126891015, 0.07278270521407589, 0.07235542868309361, 0.07132081362387309, 0.07007340666195949], "topic_strength": 11.633169484219453, "top_10_strength": 2.9972937924107157, "label": "Frontend Development"}, {"topic_id": 2, "top_words": ["npm", "backend", "frontend", "api", "install", "dev", "component", "react", "lint", "doc", "typescript", "app", "vitest", "cs", "vite", "playwright", "server", "bash", "tailwind", "guideline"], "weights": [1.2396954695429536, 0.2956089587719138, 0.2666148408997837, 0.21646526231846894, 0.21416197503307857, 0.2081192346822363, 0.20136446262217098, 0.19377142625128924, 0.19080026837738956, 0.18336292589403422, 0.17591747275955236, 0.16982731609688553, 0.16623529016470473, 0.16622979054307654, 0.15645891773638063, 0.1504288773018513, 0.14089392704161846, 0.13105014855016325, 0.12806529383908302, 0.1262713305391559], "topic_strength": 18.860552337238147, "top_10_strength": 3.2099648243933188, "label": "Frontend Development"}, {"topic_id": 3, "top_words": ["change", "git", "work", "issue", "make", "commit", "task", "cargo", "update", "rule", "guideline", "check", "spec", "feature", "workflow", "doc", "bash", "new", "behavior", "module"], "weights": [0.540587324643865, 0.3387469060797798, 0.33545413198804797, 0.30153965642829444, 0.3007038845284116, 0.2867944494577105, 0.27827089355503576, 0.27497016856416867, 0.25580603939451196, 0.23809534317657505, 0.2284168533435246, 0.22366083588753854, 0.19066017359548612, 0.18895850528071945, 0.18451784749362943, 0.18413544764026, 0.18143770729976988, 0.18034532928979063, 0.17926879704504664, 0.1773847343193456], "topic_strength": 38.73522790810532, "top_10_strength": 3.1509687978164007, "label": "Change & Git"}, {"topic_id": 4, "top_words": ["skill", "pressure", "scenario", "tool", "tdd", "markdown", "doc", "agentsmd", "green", "write", "mcp", "claude", "directory", "phase", "workflow", "codex", "repo", "red", "instruction", "reference"], "weights": [1.2550249553932191, 0.33243679273392523, 0.2522725296427206, 0.23359247355389617, 0.182991182781228, 0.14483332363727244, 0.14099790803445042, 0.12749146971137837, 0.126208794943339, 0.11914660098745312, 0.11886945604750862, 0.11720905246800581, 0.11532084234114542, 0.11335425299992191, 0.11301732013630145, 0.11095603477844901, 0.10734549205426881, 0.10590991916774478, 0.10542851855549382, 0.09999792929663905], "topic_strength": 13.99002994686899, "top_10_strength": 2.914996031418882, "label": "Skill & Pressure"}], "file_type": "agents_md"}