{"timestamp": "2026-05-08T00:17:34.252520", "success": true, "message": "Analysis complete with 500 files", "files_collected": 500, "topics_discovered": 5, "topics_data": [{"topic_id": 0, "top_words": ["python", "configuration", "model", "install", "make", "module", "cli", "package", "dependency", "error", "pytest", "default", "script", "function", "output", "cargo", "path", "directory", "database", "plugin"], "weights": [0.6068686096478126, 0.37689304988471706, 0.3301901279231889, 0.2772345733156725, 0.27555467107213294, 0.2720486444592667, 0.26055283945386726, 0.2586462623505319, 0.2584596798528589, 0.25796301567885227, 0.2415562678367603, 0.23637213310983682, 0.23178983975941939, 0.22773560550489394, 0.2260638113704619, 0.2184283241269649, 0.21556762817411546, 0.2093109585407378, 0.2067527822749841, 0.20670989746802834], "topic_strength": 57.31654883967242, "top_10_strength": 3.1744114736389006, "label": "Python & Configuration"}, {"topic_id": 1, "top_words": ["npm", "component", "react", "typescript", "page", "dev", "cs", "state", "nextjs", "tailwind", "app", "vite", "production", "server", "start", "frontend", "hook", "development", "backend", "supabase"], "weights": [1.1126155746130342, 0.5695776181078195, 0.47240359539815807, 0.40074057434794236, 0.3265818292170032, 0.29648019624324445, 0.2940638862684996, 0.2568447128799218, 0.2409048026565774, 0.22850934888494676, 0.2266819266191725, 0.22600714659882898, 0.22140250294622266, 0.2087665387439545, 0.20264746047792584, 0.19203832045808514, 0.19003234547929224, 0.18395595276334142, 0.1829398707734035, 0.1811576074452739], "topic_strength": 30.115797822636914, "top_10_strength": 4.198722138617147, "label": "Frontend Development"}, {"topic_id": 2, "top_words": ["pnpm", "component", "vue", "prisma", "server", "filter", "dev", "migration", "schema", "database", "backend", "type", "package", "app", "apps", "typescript", "route", "frontend", "vercel", "issue"], "weights": [1.4944226882493588, 0.20223111631232582, 0.20077419657370094, 0.1930722605390882, 0.18391045416645702, 0.17325023368576772, 0.14865982790127963, 0.14150548501092813, 0.12917907997759293, 0.12505577838974366, 0.12401870928266875, 0.12247351260474092, 0.12106189194900845, 0.11154946249784554, 0.1078125274398313, 0.10595253614799417, 0.10192485152642816, 0.10181077456314841, 0.09984194871804737, 0.09883632305786072], "topic_strength": 14.096579310223945, "top_10_strength": 2.992061120806242, "label": "Frontend Development"}, {"topic_id": 3, "top_words": ["bun", "import", "typescript", "server", "package", "component", "error", "rule", "type", "lint", "strict", "pattern", "guideline", "function", "check", "typecheck", "http", "start", "effect", "eslint"], "weights": [1.3663362632636542, 0.15084345646401195, 0.13956967411282625, 0.13001105409952027, 0.12907295173953615, 0.12877746157246897, 0.1256229260695766, 0.12122498163325131, 0.11226860271785989, 0.09878823970504023, 0.09578970305218022, 0.08943335252189062, 0.0875495587246306, 0.08574048974257839, 0.08533021321740612, 0.08289372689118807, 0.08095920879586305, 0.08030047959120722, 0.07964068602488411, 0.07817676403133914], "topic_strength": 11.494336601920956, "top_10_strength": 2.5025156113777456, "label": "Frontend Development"}, {"topic_id": 4, "top_words": ["agent", "task", "session", "git", "skill", "work", "read", "commit", "rule", "plan", "instruction", "user", "change", "dont", "phase", "tool", "step", "context", "feature", "doc"], "weights": [0.5434613808660839, 0.5390120581706246, 0.4682384913277823, 0.40019029516809046, 0.38993105363849867, 0.38534156275924875, 0.3778558023610108, 0.3051334477309626, 0.30382829844026044, 0.2954491206467979, 0.2817054787658013, 0.2716321860991369, 0.2602354874118257, 0.22989624091961514, 0.22663872718892206, 0.21966515493258576, 0.2186127709252819, 0.21292029807666527, 0.20984691737109995, 0.19757141762440644], "topic_strength": 34.34983445457253, "top_10_strength": 4.0084415111093605, "label": "Agent & Task"}]}