{"timestamp": "2026-07-22T04:02:48.548957", "success": true, "message": "Analysis complete with 500 files", "files_collected": 500, "topics_discovered": 5, "topics_data": [{"topic_id": 0, "top_words": ["file", "step", "phase", "review", "test", "project", "code", "run", "issue", "context", "fix", "change", "section", "git", "report", "design", "check", "task", "quality", "output"], "weights": [0.4661426268265918, 0.4311870928347597, 0.34795256003955444, 0.3309912315474047, 0.3233089541073356, 0.31146449518690295, 0.30251009445611826, 0.2864688784476663, 0.27909441848298333, 0.27530248825939363, 0.2684708207378594, 0.2550721472031603, 0.24266791025582166, 0.24068442545160712, 0.2391879997873408, 0.2388660286669656, 0.22814442243041835, 0.22057879597102317, 0.2190745228194618, 0.21721573224259524], "topic_strength": 55.27679502830011, "top_10_strength": 3.354422840188711, "label": "File Management"}, {"topic_id": 1, "top_words": ["und", "oder", "die", "der", "mit", "form", "email", "live", "output", "plugins", "register", "matrix", "person", "screenshot", "template", "pdf", "text", "act", "compliance", "dashboard"], "weights": [1.6461891878538186, 0.6654566450923264, 0.35672596738324414, 0.3345442773876998, 0.19998992578825528, 0.05771215400320844, 0.05670260420569776, 0.04883106448344077, 0.04091074276205499, 0.031634951429085206, 0.03126565712508465, 0.029872963601955252, 0.02283766753605016, 0.019003648323333903, 0.01878282691835013, 0.015181253419373408, 0.013058192826817758, 0.012774097066238653, 0.011696544088256862, 0.01115774938851333], "topic_strength": 3.8110409537347394, "top_10_strength": 3.4386975203888315, "label": "Und & Oder"}, {"topic_id": 2, "top_words": ["const", "await", "string", "return", "async", "import", "typescript", "function", "export", "firebase", "email", "error", "data", "para", "var", "null", "userid", "query", "service", "class"], "weights": [0.6959598708346005, 0.5754666883683974, 0.4537452608380755, 0.3875144610336597, 0.38379603328719797, 0.3375336970023955, 0.22305721038203685, 0.21440240574033473, 0.18876189216485323, 0.18764453747777501, 0.18489850593626583, 0.17572880619343623, 0.1524285276851752, 0.1497808602165446, 0.1469059024334839, 0.14279250187327017, 0.1400726539453015, 0.13802964734369857, 0.13628965893583025, 0.13584111580444252], "topic_strength": 21.974501375332103, "top_10_strength": 3.6478820571293267, "label": "Const & Await"}, {"topic_id": 3, "top_words": ["agent", "tool", "mcp", "session", "run", "schema", "token", "ngrok", "task", "connection", "step", "server", "available", "bash", "memory", "instruction", "browser", "search", "remote", "prompt"], "weights": [0.8871492942317979, 0.4969164610779486, 0.47818258417798387, 0.2844774398166754, 0.20824832658699602, 0.19689216247712205, 0.19282280770705207, 0.19146868548722612, 0.17667775646208186, 0.1692904197648543, 0.16811880378072774, 0.15808386408443673, 0.14919091028210993, 0.14643941817151598, 0.14624326575610383, 0.14618199163272438, 0.14592067823655153, 0.13442394724646387, 0.13287519641300544, 0.13051123909396115], "topic_strength": 19.35845513912856, "top_10_strength": 3.282125937789738, "label": "Agent & Tool"}, {"topic_id": 4, "top_words": ["python", "bash", "image", "json", "model", "url", "output", "cli", "import", "video", "prompt", "install", "api", "input", "text", "command", "ocr", "script", "data", "chrome"], "weights": [0.9953271525820058, 0.428826665526409, 0.3976821495849784, 0.3100640466904625, 0.2724774146091401, 0.22315376729210937, 0.20640275598530214, 0.197681374899452, 0.18752997219328868, 0.17431788328154135, 0.16618225944714604, 0.1656052118641685, 0.15230380308573324, 0.14482788261896334, 0.14476745719000778, 0.12528008183654304, 0.1215746362999299, 0.11326506101183006, 0.11024028021127512, 0.10540286672135162], "topic_strength": 18.255560999298165, "top_10_strength": 3.3934631826446897, "label": "Python & Bash"}], "file_type": "skill_md"}