{"timestamp": "2026-06-21T03:02:43.292136", "success": true, "message": "Analysis complete with 500 files", "files_collected": 500, "topics_discovered": 5, "topics_data": [{"topic_id": 0, "top_words": ["npm", "component", "typescript", "pnpm", "server", "react", "api", "supabase", "page", "frontend", "client", "app", "backend", "cs", "data", "database", "dev", "const", "type", "nextjs"], "weights": [0.7050877003011988, 0.6315874266563182, 0.47410898901125004, 0.4244084288391104, 0.3973307611749072, 0.35795772590358, 0.34429947468988675, 0.32988620635834637, 0.3076685262987632, 0.3059656918440911, 0.3056139234411678, 0.30282609995948584, 0.29838604664151297, 0.2943310264901607, 0.2840523841451696, 0.279438145625848, 0.2750857304180226, 0.2723292759560703, 0.262570548891819, 0.25029409559969473], "topic_strength": 39.59680873523038, "top_10_strength": 4.278300931077452, "label": "Frontend Development"}, {"topic_id": 1, "top_words": ["agent", "moai", "skill", "tool", "task", "mcp", "user", "context", "team", "phase", "session", "model", "teammate", "prompt", "subagent", "execution", "memory", "workflow", "work", "worktree"], "weights": [1.1861083816003302, 0.46589257910166376, 0.37571531281284176, 0.3576863081675353, 0.32768694578883883, 0.2741130462282625, 0.2662665353031562, 0.25380702743511535, 0.23861548127831309, 0.2299114360157219, 0.21268694872135324, 0.17987530387162262, 0.17542134086306463, 0.17461911701019836, 0.17102176277830494, 0.17021555769651647, 0.16915099558135524, 0.14229396569803368, 0.14193409720151276, 0.13804039176060473], "topic_strength": 25.48545071332651, "top_10_strength": 3.975803053731778, "label": "Agent & Moai"}, {"topic_id": 2, "top_words": ["agentsmd", "instruction", "read", "follow", "rule", "require", "convention", "guideline", "repo", "workflow", "repository", "save", "live", "complete", "developer", "doc", "immediately", "exist", "architecture", "directory"], "weights": [1.7015472809094143, 0.3167293184193018, 0.21143331832513038, 0.18391868912229664, 0.1520262841190919, 0.10509331927257036, 0.10120973311422404, 0.09315645346427329, 0.08771182742489866, 0.07664802592805846, 0.07435121082962066, 0.06764382639601439, 0.06302432058873247, 0.06156438759579292, 0.05825227072975678, 0.055247373165217724, 0.054037076235533936, 0.04710367023260902, 0.04080414305339784, 0.04053626691401183], "topic_strength": 5.219435776726825, "top_10_strength": 3.0294742500992595, "label": "Agentsmd & Instruction"}, {"topic_id": 3, "top_words": ["git", "change", "version", "make", "rule", "check", "commit", "package", "release", "documentation", "type", "repo", "source", "push", "add", "config", "dont", "script", "pattern", "function"], "weights": [0.304560099010383, 0.28165471569888206, 0.23986168070232775, 0.2324361746736242, 0.22826218314088773, 0.21707778814328482, 0.19939217982430033, 0.19439168200836288, 0.19299127990322745, 0.18492552803337958, 0.18069089033100988, 0.17600456214792087, 0.1716582222010293, 0.17061876365398027, 0.17002060369163963, 0.1669749828149262, 0.16688988631741034, 0.16659378135258898, 0.16463661922414138, 0.1623832270136146], "topic_strength": 41.09249321278722, "top_10_strength": 2.2755533111386597, "label": "Git & Change"}, {"topic_id": 4, "top_words": ["python", "ratio", "skill", "tool", "json", "projection", "analysis", "data", "automation", "budget", "usage", "format", "flow", "pytest", "purpose", "model", "actual", "calculation", "feature", "install"], "weights": [1.0691792239892637, 0.508685381356062, 0.4935845111514135, 0.4007578659612149, 0.31687245752568005, 0.2487541664797313, 0.2365194581388863, 0.22610570571098443, 0.22498314472665393, 0.22156114133353536, 0.19794646248694883, 0.1958381954253038, 0.17781605728035935, 0.1698539054575438, 0.1545762289037031, 0.1441435029146172, 0.1415745524102211, 0.13134909135435036, 0.1310597121180205, 0.11838451689172365], "topic_strength": 15.87453464673624, "top_10_strength": 3.9470030563734255, "label": "Python & Ratio"}], "file_type": "claude_md"}