{"timestamp": "2026-04-03T00:34:14.411215", "success": true, "message": "Analysis complete with 500 files", "files_collected": 500, "topics_discovered": 5, "topics_data": [{"topic_id": 0, "top_words": ["task", "agent", "skill", "session", "user", "read", "phase", "work", "change", "git", "tool", "review", "rule", "report", "commit", "fix", "research", "instruction", "plan", "result"], "weights": [0.5089335683075759, 0.3957535233415651, 0.3696701982344653, 0.36839193714707213, 0.3466140354105275, 0.34402228409084085, 0.34197324747004004, 0.32345089614932504, 0.31446531802209643, 0.3002291126936371, 0.2760238245659877, 0.27508318138629234, 0.26194736988841827, 0.23197683891608947, 0.22947391252536667, 0.22293231865301072, 0.22017943691966815, 0.2139479612844317, 0.21383904973690598, 0.21321736966887644], "topic_strength": 44.852104300490794, "top_10_strength": 3.613504120867145, "label": "User Interface"}, {"topic_id": 1, "top_words": ["npm", "typescript", "component", "react", "app", "server", "cs", "nextjs", "development", "dev", "const", "page", "production", "hook", "start", "supabase", "vite", "playwright", "router", "frontend"], "weights": [1.2546916654066953, 0.4707075460760931, 0.449168367442855, 0.3989780137583547, 0.25117660062758057, 0.2487552733416383, 0.24376869540537072, 0.21229291681945342, 0.206919863985137, 0.19671850341282693, 0.19651869352220325, 0.19026738877252813, 0.1852257095327857, 0.1843538013456069, 0.17641020478082126, 0.17579314327637635, 0.14230825553936371, 0.13285648766495983, 0.13105103289835815, 0.12982392817269658], "topic_strength": 22.92188650458044, "top_10_strength": 3.933177446276005, "label": "Frontend Development"}, {"topic_id": 2, "top_words": ["pnpm", "component", "package", "react", "nextjs", "backend", "typescript", "route", "frontend", "dev", "hook", "theme", "tailwind", "bun", "database", "vue", "app", "router", "cs", "compose"], "weights": [1.2631513693372147, 0.47459943158494755, 0.2117003788827367, 0.1910623898157167, 0.18931444567318553, 0.18148454136279366, 0.17079665385407258, 0.15260355907526693, 0.1474597998453312, 0.13939597241124596, 0.13614413581989376, 0.12399858549907235, 0.12081483815342142, 0.11602282503768843, 0.11131714099964282, 0.11087795776345086, 0.10914545623709006, 0.10210333683212117, 0.10127545785750058, 0.09900853987963928], "topic_strength": 16.149864053006056, "top_10_strength": 3.1215685418425116, "label": "Frontend Development"}, {"topic_id": 3, "top_words": ["agentsmd", "agent", "convention", "context", "memory", "provides", "framework", "claim", "true", "review", "editing", "implementation", "manually", "instruction", "exit", "operation", "pattern", "workflow", "persistent", "const"], "weights": [1.7480471382182317, 0.15727016957524786, 0.08078793606089202, 0.07163950550379841, 0.05958416368102418, 0.05490747652491964, 0.037795641210697485, 0.037125253246126845, 0.03199804970451518, 0.030983612044315097, 0.02447981988980994, 0.02429134751259104, 0.0236792593318735, 0.02155867834693449, 0.01977717915505632, 0.018964925707392166, 0.01888133884935248, 0.01872520992478034, 0.018208675138917118, 0.017593165404591535], "topic_strength": 3.853906961994391, "top_10_strength": 2.310138945769769, "label": "Code Style"}, {"topic_id": 4, "top_words": ["python", "model", "configuration", "service", "import", "error", "docker", "pytest", "install", "environment", "dependency", "server", "module", "default", "check", "tool", "script", "config", "http", "pattern"], "weights": [0.5665943592899897, 0.3204567757224465, 0.23397963194362342, 0.22346057118879972, 0.21319457815883663, 0.20387164354983767, 0.20134993156024378, 0.197327836663206, 0.1940951658382906, 0.1900644713632651, 0.1844860033668298, 0.17919387041873572, 0.17509452465067263, 0.1666362246742079, 0.16607321043918202, 0.16486392838178715, 0.1639826005037688, 0.162992126989073, 0.1609705952292415, 0.15978958762962145], "topic_strength": 41.29731945723548, "top_10_strength": 2.5443949652785394, "label": "Python & Model"}]}