{"timestamp": "2026-06-11T03:16:34.693875", "success": true, "message": "Analysis complete with 500 files", "files_collected": 500, "topics_discovered": 5, "topics_data": [{"topic_id": 0, "top_words": ["build", "npm", "command", "package", "module", "type", "bash", "prefer", "guideline", "repository", "commit", "function", "make", "add", "testing", "check", "doc", "frontend", "dependency", "api"], "weights": [0.5721219345200055, 0.5040216920581295, 0.37402336111271417, 0.3457817912359754, 0.3407406470455206, 0.3299299760170428, 0.3246930790237314, 0.311622513316035, 0.27326732382251784, 0.27012844396529573, 0.25793905744716866, 0.2566953602800704, 0.2564585480605069, 0.2529229159525934, 0.24637071508215158, 0.24388373242095865, 0.24273393336583168, 0.2424639177133658, 0.24142251134544346, 0.23536541232607394], "topic_strength": 49.64737616921347, "top_10_strength": 3.6463307621169676, "label": "Frontend Development"}, {"topic_id": 1, "top_words": ["task", "work", "memory", "user", "report", "issue", "rule", "need", "update", "read", "execution", "session", "delegate", "technical", "context", "knowledge", "git", "plan", "push", "dont"], "weights": [0.5741483241197832, 0.4913571602645353, 0.43221363222959347, 0.3634926593995269, 0.34628408727947085, 0.3107260475879839, 0.2650880765565995, 0.254554792808159, 0.24614588225601275, 0.2281789951932856, 0.21991505376592155, 0.2173263471661246, 0.21549008691381175, 0.20892542695259833, 0.19713970862633656, 0.19311311543307028, 0.19305549354535323, 0.19069812677315734, 0.18544241882361373, 0.18300588984559285], "topic_strength": 34.23473527611195, "top_10_strength": 3.512189657694951, "label": "User Interface"}, {"topic_id": 2, "top_words": ["training", "nextjs", "breaking", "know", "apis", "writing", "guide", "version", "relevant", "read", "data", "convention", "structure", "changed", "exact", "doc", "unity", "public", "page", "table"], "weights": [0.6408663197064318, 0.6284994433717748, 0.5604017036619672, 0.5417835305849178, 0.5085760330345163, 0.5067638840641329, 0.44958125695059087, 0.40062686818058424, 0.39868964511452065, 0.3887874832160674, 0.3392627642204271, 0.3366770666722374, 0.3151093695658477, 0.0558125024344366, 0.04964019699807343, 0.03655129326620105, 0.031184768533705817, 0.026137625629071518, 0.02277846973500323, 0.021891933807113635], "topic_strength": 8.11377558321427, "top_10_strength": 5.024576167885504, "label": "Training & Nextjs"}, {"topic_id": 3, "top_words": ["skill", "plugin", "readmemd", "developer", "following", "understand", "install", "space", "purpose", "directory", "skillmd", "access", "context", "read", "version", "development", "claude", "del", "para", "pressure"], "weights": [1.3586059167153521, 0.6381288780902667, 0.27162596295050945, 0.26839430890306754, 0.23232739506742275, 0.22381480203550397, 0.21791124134640266, 0.20662095213698434, 0.20330345678663414, 0.19572214384175615, 0.18805207621233347, 0.18078076577034766, 0.1807511958211283, 0.1768914749979602, 0.1681550940438274, 0.16280510925014852, 0.15963328738246071, 0.12549684725741972, 0.12115030692808686, 0.10144696266632398], "topic_strength": 12.512903021702792, "top_10_strength": 3.8164550578739003, "label": "Skill & Plugin"}, {"topic_id": 4, "top_words": ["tool", "mcp", "python", "import", "model", "llm", "return", "const", "api", "str", "string", "server", "json", "error", "description", "prompt", "event", "data", "key", "job"], "weights": [0.7384647427457469, 0.39555517688689634, 0.3938208558832594, 0.36685653621843917, 0.3282596077221414, 0.31048221977012436, 0.3001627708948342, 0.2324819197224072, 0.22458471005662062, 0.21246568962359935, 0.20670417916862033, 0.18644983480264737, 0.17465434654553647, 0.17230100278300578, 0.17190399162195671, 0.16796316390829105, 0.16229984327082847, 0.15743324553154145, 0.1493837012220787, 0.14841849352296344], "topic_strength": 31.259565474495833, "top_10_strength": 3.503134229524069, "label": "Tool & Mcp"}], "file_type": "agents_md"}