{"timestamp": "2026-06-29T03:44:02.142773", "success": true, "message": "Analysis complete with 500 files", "files_collected": 500, "topics_discovered": 5, "topics_data": [{"topic_id": 0, "top_words": ["build", "cargo", "doc", "issue", "command", "update", "python", "commit", "module", "make", "check", "prefer", "package", "repository", "git", "behavior", "dependency", "add", "feature", "documentation"], "weights": [0.3870490904962835, 0.3300126508046796, 0.3168637464914613, 0.3109378145987312, 0.3010426327367152, 0.28138900265567646, 0.27964155180693434, 0.279633862211173, 0.27542409000561885, 0.2739665419654715, 0.27075090569930343, 0.2681628894997203, 0.2665230283589902, 0.25778073463938644, 0.2571043737565787, 0.2549869757804314, 0.2533716946119464, 0.23740707696910382, 0.23682257497583972, 0.22962788425247216], "topic_strength": 51.38215908695777, "top_10_strength": 3.0359609837727453, "label": "Deployment & Build"}, {"topic_id": 1, "top_words": ["training", "differ", "nextjs", "writing", "know", "breaking", "apis", "relevant", "read", "guide", "version", "convention", "data", "structure", "doc", "changed", "exact", "npx", "primary", "number"], "weights": [0.6393373929055168, 0.6293327429097917, 0.5939165700702754, 0.535871939755656, 0.5203893452692439, 0.4983999516910401, 0.49786337416359266, 0.43294030331029154, 0.4212000092365357, 0.4194927946459974, 0.4004813545777965, 0.36355864299166674, 0.35496268729231745, 0.3274993087336945, 0.04962680506402822, 0.042746267001969124, 0.042716202150178254, 0.033080689463233136, 0.027233708909294975, 0.026653443321755555], "topic_strength": 8.352503650299226, "top_10_strength": 5.188744423957942, "label": "Training & Differ"}, {"topic_id": 2, "top_words": ["pnpm", "npm", "bun", "component", "typescript", "frontend", "build", "api", "dev", "backend", "type", "lint", "import", "server", "vite", "react", "app", "error", "vitest", "cs"], "weights": [0.7158394641152025, 0.6664303136720149, 0.3794240814670347, 0.36430095213401004, 0.3187974896418747, 0.31141467036850157, 0.3004391516348506, 0.2821243188367635, 0.2648490633101319, 0.25939955262984815, 0.24193768044200978, 0.2391425804632404, 0.23076479475337663, 0.22692069965186412, 0.21891171320544095, 0.21180012874427043, 0.20403451603902106, 0.17979615349882486, 0.17292755029543258, 0.1659965707083174], "topic_strength": 23.105209450103033, "top_10_strength": 3.863019057810233, "label": "Frontend Development"}, {"topic_id": 3, "top_words": ["tool", "mcp", "const", "return", "model", "import", "function", "user", "llm", "execution", "prompt", "impact", "data", "str", "python", "await", "string", "symbol", "analysis", "class"], "weights": [0.6586722217347121, 0.36372406800446, 0.3337018408955289, 0.3291560327713486, 0.298058255553381, 0.24375441372759638, 0.2263042813961407, 0.21369758615377088, 0.1976514276918574, 0.18922048031800817, 0.18446109067153318, 0.1837045030273128, 0.18272661592777933, 0.18199110018993517, 0.17099442974959214, 0.15145364263744338, 0.1495491331398152, 0.1489945088311719, 0.14737195924177818, 0.1401786607151644], "topic_strength": 30.743688398265533, "top_10_strength": 3.053940608246805, "label": "Tool & Mcp"}, {"topic_id": 4, "top_words": ["skill", "pressure", "skillmd", "directory", "reference", "scenario", "memory", "markdown", "doc", "tdd", "npx", "prompt", "instruction", "red", "claude", "path", "dont", "section", "rule", "review"], "weights": [1.4905653203205285, 0.22065168610501026, 0.18978141436465668, 0.1564199026324671, 0.14990053386953486, 0.14973233225873556, 0.12872380136576983, 0.1280665635465464, 0.1256734026649188, 0.1222770096394293, 0.10614305559218759, 0.10353997294977038, 0.10086403083175617, 0.10067999437539323, 0.09621371897023469, 0.09287310826943292, 0.0912906159597537, 0.09112526079640236, 0.08927337385053952, 0.0864757763270211], "topic_strength": 15.25722526911168, "top_10_strength": 2.861791966767597, "label": "File Management"}], "file_type": "agents_md"}