{"timestamp": "2026-07-02T03:23:33.171467", "success": true, "message": "Analysis complete with 500 files", "files_collected": 500, "topics_discovered": 5, "topics_data": [{"topic_id": 0, "top_words": ["step", "project", "task", "test", "phase", "question", "issue", "workflow", "run", "fix", "documentation", "code", "context", "review", "feature", "requirement", "output", "command", "research", "create"], "weights": [0.6738281859263923, 0.4395835024803859, 0.414077279644509, 0.3393877062130904, 0.3324882285938191, 0.3096865794644456, 0.30888594358552185, 0.27552683707891396, 0.2651193908087524, 0.25924567515995994, 0.25545616300683965, 0.25392036527285305, 0.24645269196091682, 0.2359488596835786, 0.22681935266877878, 0.22341430370414747, 0.21866303210154245, 0.21766169231731633, 0.2087010940755142, 0.2086637308842919], "topic_strength": 48.935838113871, "top_10_strength": 3.6178293289557897, "label": "Project Structure"}, {"topic_id": 1, "top_words": ["und", "oder", "eine", "der", "mit", "live", "form", "output", "person", "plugins", "matrix", "register", "text", "pdf", "compliance", "dashboard", "pro", "email", "end", "markdown"], "weights": [1.7191690631171652, 0.5884349629931974, 0.36860479912480953, 0.32202670220069085, 0.2140519686789532, 0.06263605136665625, 0.05184100083721294, 0.038472744737508544, 0.02923005560517119, 0.026024611787518734, 0.025977669640126422, 0.021365791899378393, 0.018220123396499543, 0.01085313670784539, 0.010526711819125819, 0.009654081074382578, 0.009525331912133107, 0.008975763448778902, 0.008183325750019408, 0.006734960775129183], "topic_strength": 3.6925400852751307, "top_10_strength": 3.420491960448884, "label": "Und & Oder"}, {"topic_id": 2, "top_words": ["const", "import", "python", "await", "return", "string", "model", "str", "data", "api", "async", "def", "typescript", "type", "json", "query", "error", "email", "result", "class"], "weights": [0.4622216699705438, 0.4410152032664999, 0.41786615195388976, 0.379689235172811, 0.357216283990469, 0.32244120501598683, 0.29335708960325274, 0.2646756912767925, 0.24444449436833282, 0.2330448717505291, 0.2275481891843822, 0.2222595576293049, 0.21232276964245864, 0.2043498623649367, 0.20306812508476588, 0.19355491521895343, 0.19280925813901567, 0.17870666643706712, 0.1588774993321797, 0.15405981053456672], "topic_strength": 30.653443443547737, "top_10_strength": 3.4159718963691077, "label": "Const & Import"}, {"topic_id": 3, "top_words": ["color", "page", "component", "cs", "font", "card", "button", "theme", "design", "layout", "div", "state", "text", "background", "light", "animation", "border", "style", "display", "tailwind"], "weights": [0.4166374555139833, 0.32701425995584543, 0.30992640994236553, 0.2870770862525366, 0.2804728104091819, 0.26855430588460166, 0.2666548806714236, 0.25863694267908216, 0.2345817247649503, 0.22691612606738423, 0.21776695772864488, 0.20985175568165695, 0.20905193079670242, 0.20442543987575978, 0.20362516175922385, 0.16961592234516687, 0.16644420839099291, 0.1618119962575308, 0.16124470584342063, 0.16085800829753202], "topic_strength": 23.874148977519358, "top_10_strength": 2.876472002141355, "label": "Color & Page"}, {"topic_id": 4, "top_words": ["agent", "mcp", "bash", "prompt", "ngrok", "tool", "token", "session", "run", "remote", "openclaw", "browser", "json", "local", "post", "curl", "install", "claude", "instruction", "server"], "weights": [1.292430173951532, 0.33717634577230005, 0.33294187322335145, 0.28344446188315586, 0.28320844188061556, 0.272074142809271, 0.26749469983250423, 0.25398876598349146, 0.2477496325572883, 0.23590659073390643, 0.2167503012915944, 0.20670365401367916, 0.2008132076912694, 0.19093893688315303, 0.19049165987181232, 0.17908824685874863, 0.17861017371834859, 0.17689641279934587, 0.17342602062138776, 0.17060584216650287], "topic_strength": 22.371048689853662, "top_10_strength": 3.806415128627416, "label": "Agent & Mcp"}], "file_type": "skill_md"}