{"timestamp": "2026-05-14T00:43:14.860943", "success": true, "message": "Analysis complete with 500 files", "files_collected": 500, "topics_discovered": 5, "topics_data": [{"topic_id": 0, "top_words": ["api", "backend", "frontend", "python", "docker", "port", "service", "database", "token", "server", "model", "auth", "post", "endpoint", "client", "env", "fastapi", "user", "route", "llm"], "weights": [0.8246418992367545, 0.66351754570684, 0.6483427858358835, 0.41960711398339845, 0.36422215998754615, 0.3005545772969595, 0.29373682781476007, 0.2867857867849447, 0.28398946283346654, 0.2524922034876757, 0.24853734871311806, 0.22349133731493354, 0.22066672926065561, 0.2139470701995971, 0.21366523766026227, 0.21090286805960115, 0.20709182722430663, 0.20574018428104304, 0.202949007904433, 0.1908060773062525], "topic_strength": 34.12774422118824, "top_10_strength": 4.3378903629682295, "label": "Data & APIs"}, {"topic_id": 1, "top_words": ["npm", "typescript", "react", "component", "tailwind", "lint", "development", "app", "cs", "dev", "bun", "supabase", "nextjs", "eslint", "start", "strict", "production", "server", "hook", "type"], "weights": [1.280725576344593, 0.5196497077881808, 0.44451160978487514, 0.4406798438718535, 0.28442877842271974, 0.26016635251493786, 0.2560333757143792, 0.24448235238320098, 0.23219142536341586, 0.22764184293753556, 0.22097406904527614, 0.2158889982679015, 0.2151717497110942, 0.21507404409609202, 0.19381779987752804, 0.18718180833004885, 0.17605479926236411, 0.16267119091505436, 0.15905150895206174, 0.14622653648168496], "topic_strength": 19.90238962322507, "top_10_strength": 4.190510865125692, "label": "Frontend Development"}, {"topic_id": 2, "top_words": ["page", "component", "content", "theme", "color", "data", "text", "site", "post", "layout", "animation", "class", "image", "html", "new", "cs", "github", "blog", "section", "tag"], "weights": [0.6288277772893828, 0.40288859053134773, 0.3615591058429826, 0.3006602361328978, 0.2629477223778999, 0.2384153091392437, 0.23090839908787417, 0.22991045024635795, 0.22331644047436314, 0.22297741459981915, 0.21927693470391704, 0.21922362959338787, 0.21734204802811227, 0.20747953180885184, 0.20620204761251573, 0.20257030169832635, 0.19899632599279385, 0.1881285409503382, 0.1855872805485509, 0.1809668213065446], "topic_strength": 38.09885170175611, "top_10_strength": 3.102411445722169, "label": "Page & Component"}, {"topic_id": 3, "top_words": ["pnpm", "nextjs", "app", "typescript", "dev", "component", "prisma", "vitest", "shadcnui", "router", "tailwind", "package", "eslint", "vercel", "note", "github", "cs", "react", "git", "server"], "weights": [1.6251143207545187, 0.2168828022191069, 0.18155378903573396, 0.18072189364846955, 0.17058024765341467, 0.15276602296493066, 0.15033167252819077, 0.14954505869408907, 0.14099240781138078, 0.13824276674041341, 0.12005248335812667, 0.11195208944561433, 0.10663277254899418, 0.1028484228781635, 0.1015043288985175, 0.09648534042603081, 0.09621202560361003, 0.09377820383845413, 0.08978530461114523, 0.08459918390690525], "topic_strength": 11.012424615160699, "top_10_strength": 3.106730982050249, "label": "Frontend Development"}, {"topic_id": 4, "top_words": ["task", "agent", "tool", "rule", "skill", "read", "change", "documentation", "git", "work", "plan", "context", "implementation", "python", "user", "output", "cli", "phase", "commit", "review"], "weights": [0.3633603132045588, 0.36126957701729473, 0.29873072524291455, 0.2885522887996522, 0.28221498110601095, 0.27399885057716106, 0.2715741000624936, 0.24052151687091475, 0.22114081151723697, 0.22036323122023177, 0.21023149339480754, 0.20051449121737416, 0.19655341961190098, 0.187635005773944, 0.18757774406845792, 0.18128543566918703, 0.17629844615400542, 0.1729862866035375, 0.17271607878150522, 0.16889853136807953], "topic_strength": 40.44761252613198, "top_10_strength": 2.821726395618469, "label": "Task & Agent"}]}