{"timestamp": "2026-04-04T00:39:20.604601", "success": true, "message": "Analysis complete with 500 files", "files_collected": 500, "topics_discovered": 5, "topics_data": [{"topic_id": 0, "top_words": ["task", "change", "agent", "plan", "work", "session", "read", "commit", "git", "tool", "skill", "rule", "step", "python", "user", "prompt", "documentation", "review", "context", "phase"], "weights": [0.5091086445228372, 0.3728019366267287, 0.3460597344881112, 0.34273519424121046, 0.3090124032781387, 0.28558347754366853, 0.28345195264638373, 0.280304232772337, 0.2739649806539232, 0.2705381266310524, 0.2671774310674795, 0.2606772636933533, 0.2502666407809643, 0.24961464689201115, 0.24676796529315154, 0.24631012154334087, 0.24607785036566202, 0.24283854964573873, 0.2408652863738963, 0.23381579423449242], "topic_strength": 52.23300843145131, "top_10_strength": 3.273560683404392, "label": "Task & Change"}, {"topic_id": 1, "top_words": ["npm", "component", "page", "typescript", "react", "cs", "tailwind", "theme", "hook", "vite", "state", "content", "production", "dev", "site", "preview", "import", "server", "development", "post"], "weights": [0.8237904496952072, 0.6184024161741362, 0.41646415993326735, 0.40206610352556343, 0.3950496890775655, 0.3928953878834823, 0.27456221413636034, 0.21856323356826246, 0.21240736294657467, 0.1919611002654614, 0.18850169579437784, 0.18834028148367235, 0.18329193913363157, 0.17647074839652693, 0.16234051533145571, 0.16098965886551697, 0.16032494895931307, 0.15856941610282396, 0.156735788519519, 0.154479452438216], "topic_strength": 26.711015102610247, "top_10_strength": 3.9461621172058807, "label": "Frontend Development"}, {"topic_id": 2, "top_words": ["agentsmd", "defined", "read", "agent", "rule", "follow", "context", "convention", "para", "memory", "provides", "article", "true", "claim", "llm", "gradlew", "feature", "gate", "dev", "instruction"], "weights": [1.7789319892361894, 0.14425299364404992, 0.13167008325079044, 0.12549944779330477, 0.12020192735721964, 0.11897455261622573, 0.07607340919793099, 0.06992005906628444, 0.06054825142621174, 0.04510342294626181, 0.043438960805915756, 0.03533011236083466, 0.030304254765431103, 0.029989509995960353, 0.02478729725624346, 0.024334423882792878, 0.02338250978665009, 0.02330745499281023, 0.020457233971033526, 0.02024719119921734], "topic_strength": 4.129124130381609, "top_10_strength": 2.671176136534469, "label": "Agentsmd & Defined"}, {"topic_id": 3, "top_words": ["api", "model", "service", "python", "database", "backend", "configuration", "frontend", "server", "http", "endpoint", "error", "module", "integration", "layer", "docker", "event", "environment", "token", "type"], "weights": [0.5890741797471412, 0.34924376386463635, 0.3386624853922006, 0.32056497696059394, 0.29216216115971877, 0.2552424417225136, 0.2479192645764219, 0.24407242512046512, 0.2398183206300697, 0.2267968817687557, 0.22389587341473804, 0.2194775493662148, 0.21937544304553913, 0.21664305300875666, 0.21488603751115623, 0.20374360876790557, 0.2029802649902239, 0.19989723694964376, 0.19488359540833228, 0.18165417007165424], "topic_strength": 36.68113589103592, "top_10_strength": 3.103556900942517, "label": "Backend Services"}, {"topic_id": 4, "top_words": ["pnpm", "component", "package", "prisma", "vue", "backend", "schema", "lint", "route", "dev", "router", "biome", "vitest", "nextjs", "app", "issue", "bun", "rust", "frontend", "type"], "weights": [1.273079548392519, 0.26751027507058805, 0.21674907985832753, 0.19053652661963721, 0.18304331457675194, 0.15994583578504004, 0.1537759490012167, 0.15315108972635594, 0.15267455148873668, 0.14225024084185844, 0.1361823530299625, 0.12363136559994743, 0.12277439144732138, 0.11117468849938554, 0.11062008022626868, 0.11015345823769504, 0.10349791231764191, 0.1034910654251728, 0.1009732473580128, 0.09228004782267367], "topic_strength": 13.953003500307135, "top_10_strength": 2.8927164113610315, "label": "Frontend Development"}]}