{"timestamp": "2026-06-14T03:49:24.759251", "success": true, "message": "Analysis complete with 500 files", "files_collected": 500, "topics_discovered": 5, "topics_data": [{"topic_id": 0, "top_words": ["build", "package", "prefer", "make", "commit", "command", "doc", "repository", "documentation", "rule", "add", "behavior", "update", "dependency", "git", "issue", "module", "user", "avoid", "new"], "weights": [0.4109800905255563, 0.3523897427567413, 0.35030512781533957, 0.3362416404782268, 0.33211014833912483, 0.3155938092221226, 0.31554254404426685, 0.31309619665354327, 0.30086304981910145, 0.28936201238172043, 0.2881223953212952, 0.27755279549161904, 0.27548629803222896, 0.2573522181173387, 0.25583182389462267, 0.24722226312565657, 0.24711570436153565, 0.24459472573655966, 0.24436544697653015, 0.24333202880022536], "topic_strength": 53.73678170802289, "top_10_strength": 3.3164843620357427, "label": "Deployment & Build"}, {"topic_id": 1, "top_words": ["skill", "task", "memory", "report", "skillmd", "user", "work", "plan", "claude", "delegate", "directory", "knowledge", "read", "review", "para", "reference", "markdown", "need", "technical", "script"], "weights": [1.2198139534133121, 0.27449827230088086, 0.27134030100336054, 0.2447598044040869, 0.2259142081319941, 0.16338371830319579, 0.162708286066537, 0.1579973422404677, 0.1578533040998119, 0.14624152161896273, 0.1454712588040459, 0.13431897604412832, 0.13402532457879276, 0.13307605005438025, 0.1259484477092203, 0.12452701544623193, 0.12086346855489007, 0.11671049569905406, 0.11649741935661109, 0.11623669357575243], "topic_strength": 18.965192499787683, "top_10_strength": 3.024510711582609, "label": "Skill & Task"}, {"topic_id": 2, "top_words": ["npm", "pnpm", "frontend", "backend", "component", "react", "build", "typescript", "lint", "dev", "api", "app", "tailwind", "bash", "import", "server", "php", "type", "page", "cs"], "weights": [1.7430393931468247, 0.8354034602595, 0.7766465099236607, 0.5619138208855227, 0.489969710391765, 0.41429414990462815, 0.4004467384040739, 0.3417696340824292, 0.3142576769081828, 0.3034372684357077, 0.3005256121556356, 0.27066783782715587, 0.26901128424081006, 0.25123830210895354, 0.2498990794982987, 0.24938509779245732, 0.24925955263869304, 0.2445031929656077, 0.2380154205504109, 0.22331838428426667], "topic_strength": 28.90668236884256, "top_10_strength": 6.181178362342295, "label": "Frontend Development"}, {"topic_id": 3, "top_words": ["training", "nextjs", "know", "breaking", "apis", "writing", "guide", "relevant", "version", "read", "data", "convention", "structure", "backend", "public", "claudemd", "package", "frontend", "documentation", "post"], "weights": [0.7296064558383986, 0.6786891693748873, 0.595485341842206, 0.5926902481815118, 0.5517576360490624, 0.5175769917147202, 0.4773105258369481, 0.46224670266209206, 0.44407561455628, 0.40486608121342993, 0.36440087420514167, 0.3606346610268024, 0.3396852021754799, 0.04947666903986755, 0.04676580749069161, 0.036791357324551015, 0.03051224471526356, 0.02928886566351896, 0.0274855098362358, 0.027437912583025338], "topic_strength": 9.089219441966936, "top_10_strength": 5.454304767269537, "label": "Training & Nextjs"}, {"topic_id": 4, "top_words": ["tool", "import", "python", "mcp", "model", "return", "api", "llm", "const", "server", "string", "type", "error", "data", "str", "class", "sdk", "function", "token", "json"], "weights": [0.7681723170957389, 0.5255229831149104, 0.4890239736122325, 0.46082431830981135, 0.44044150221897715, 0.35215149539986085, 0.34382768098630623, 0.3382323902652393, 0.3108357163820168, 0.2671544653715005, 0.2580659504176204, 0.2563992821798223, 0.24431148269671354, 0.22819015845509483, 0.21666445021785075, 0.2117537391619944, 0.21026389301033951, 0.20563621422982206, 0.2031980466969127, 0.20070351707965095], "topic_strength": 42.05219280131895, "top_10_strength": 4.296186842756593, "label": "Tool & Import"}], "file_type": "agents_md"}