{"timestamp": "2026-06-01T03:26:33.715091", "success": true, "message": "Analysis complete with 500 files", "files_collected": 500, "topics_discovered": 5, "topics_data": [{"topic_id": 0, "top_words": ["tool", "user", "task", "model", "session", "mcp", "prompt", "plan", "context", "error", "memory", "string", "state", "read", "work", "claude", "data", "action", "output", "type"], "weights": [0.8016936682033489, 0.3768030168175696, 0.3498797781099697, 0.346262043447598, 0.3225826151114754, 0.2799354980401576, 0.2722197188342161, 0.26911661118024943, 0.25504952938489467, 0.24300258141408515, 0.22349278521473465, 0.22182729395679968, 0.22168920851110746, 0.2164428958775118, 0.21570798740587332, 0.21450053984137946, 0.2043455928960181, 0.2022669476980263, 0.19939036291903778, 0.1947116911018381], "topic_strength": 49.699395393392294, "top_10_strength": 3.516545060543564, "label": "User Interface"}, {"topic_id": 1, "top_words": ["pnpm", "dev", "package", "lint", "component", "typecheck", "vitest", "vue", "react", "check", "filter", "change", "typescript", "app", "docker", "testing", "src", "page", "command", "type"], "weights": [1.6322695457154064, 0.1886148303464887, 0.18458377736156786, 0.1773646134924328, 0.1679979560553074, 0.15499651152320418, 0.1281856670052191, 0.12799722363506438, 0.12180145041769896, 0.11587662018836922, 0.11161543418042524, 0.09732686745683573, 0.0873995246661571, 0.08579566712169316, 0.07872373085577007, 0.0784126060050881, 0.07499197680427633, 0.07020305254357867, 0.06957231045993052, 0.06924311750461343], "topic_strength": 12.149916184504416, "top_10_strength": 2.9996881957407595, "label": "Frontend Development"}, {"topic_id": 2, "top_words": ["npm", "component", "api", "typescript", "backend", "react", "frontend", "cs", "page", "app", "tailwind", "dev", "nextjs", "vite", "lint", "type", "export", "service", "hook", "route"], "weights": [0.9584200384539504, 0.3563264700020016, 0.28348108971938085, 0.2792174560347288, 0.2729050959186835, 0.2577025075063184, 0.24779573185544834, 0.2128619601174031, 0.2026577894277962, 0.1812978553658119, 0.18002410331748342, 0.1652910423354854, 0.14974836437511216, 0.1460177474697946, 0.14123102979250135, 0.13603062457818738, 0.1332423413418852, 0.13276708052832117, 0.13235048656719414, 0.128727615160648], "topic_strength": 20.84183102100094, "top_10_strength": 3.252665994401523, "label": "Frontend Development"}, {"topic_id": 3, "top_words": ["change", "skill", "make", "module", "commit", "doc", "cargo", "command", "git", "add", "prefer", "guideline", "package", "directory", "repository", "behavior", "rule", "script", "new", "check"], "weights": [0.42414614164279724, 0.3512384980782503, 0.32388453458701466, 0.31030656600329265, 0.28689311425223224, 0.278532355657071, 0.2601876912086316, 0.25215416549412295, 0.24744269193079071, 0.23109081658248734, 0.21644560708739052, 0.19342822437255072, 0.19130668763404896, 0.19127513486374204, 0.19121213374477075, 0.18710203494027966, 0.18282190927765699, 0.1818730432748104, 0.1813133621515924, 0.1769792771432735], "topic_strength": 35.44349736887523, "top_10_strength": 2.9658765754366905, "label": "Change & Skill"}, {"topic_id": 4, "top_words": ["python", "import", "pytest", "training", "api", "environment", "configuration", "bash", "model", "client", "setting", "parameter", "def", "ruff", "backend", "pydantic", "str", "docker", "class", "install"], "weights": [0.8881870561641946, 0.43063473659775264, 0.33164421085235546, 0.25018081205447673, 0.21980164535663202, 0.2076078306974295, 0.2073910264585568, 0.20402736818413855, 0.19937769387922782, 0.19834854000786564, 0.1963459070607202, 0.19614489622498998, 0.19449794879647622, 0.18417244188960846, 0.18013551675503686, 0.175426590524874, 0.17123389758908367, 0.17089525312435114, 0.17073286761180423, 0.15920348503070075], "topic_strength": 19.255498323357415, "top_10_strength": 3.13720092025263, "label": "Data & APIs"}], "file_type": "agents_md"}