{"timestamp": "2026-07-23T03:08:07.946687", "success": true, "message": "Analysis complete with 500 files", "files_collected": 500, "topics_discovered": 5, "topics_data": [{"topic_id": 0, "top_words": ["change", "rule", "user", "dont", "new", "read", "add", "line", "note", "phase", "check", "task", "state", "work", "write", "step", "plan", "repo", "fix", "commit"], "weights": [0.41016347852554685, 0.33876630415188863, 0.3156607553971263, 0.3152026596929458, 0.2784739700281774, 0.27349346038789957, 0.2682057879658568, 0.25439624583819087, 0.25303125163670753, 0.25097791986012824, 0.23975987218048214, 0.23637340900977682, 0.2218118425806316, 0.21950731592135206, 0.21344147524019136, 0.2126249119328555, 0.20498282289427386, 0.20012807062538238, 0.1994065207344435, 0.1962165133427534], "topic_strength": 52.621646425214024, "top_10_strength": 2.9583718334844677, "label": "User Interface"}, {"topic_id": 1, "top_words": ["agentsmd", "instruction", "follow", "read", "require", "rule", "context", "assistant", "convention", "frontend", "adapter", "truth", "live", "global", "workflow", "note", "architecture", "directory", "repo", "guideline"], "weights": [2.1610477344836614, 0.17472235154200957, 0.16343956706752294, 0.11778485524813403, 0.04947927474386196, 0.04910725300918007, 0.04765061719378666, 0.04337974301699844, 0.0425363278619631, 0.04137068328876308, 0.038963306440166566, 0.03367868129742446, 0.03273783129506475, 0.031592105786664416, 0.029285231072639736, 0.028533163924296303, 0.026930287932704352, 0.026913684962334778, 0.022609638030865624, 0.02191434271251019], "topic_strength": 3.7551059116746455, "top_10_strength": 2.8905184074558816, "label": "Agentsmd & Instruction"}, {"topic_id": 2, "top_words": ["npm", "component", "pnpm", "typescript", "server", "react", "app", "page", "cs", "dev", "api", "frontend", "nextjs", "client", "tailwind", "import", "const", "type", "production", "route"], "weights": [0.7357788054623975, 0.4977846245066223, 0.3725465174776772, 0.35938200870989806, 0.33269547244900016, 0.3140375112441382, 0.28731004728166715, 0.28590779552329676, 0.25894832314860605, 0.23656888116598934, 0.23331610662351993, 0.20131758766250266, 0.19636739099405118, 0.1924093318702684, 0.19104303587131652, 0.18753735077834033, 0.18575936890497993, 0.18429204702319554, 0.17819345903185405, 0.17694059746685808], "topic_strength": 30.585578321531113, "top_10_strength": 3.6809599869692926, "label": "Frontend Development"}, {"topic_id": 3, "top_words": ["skill", "agent", "skillmd", "tool", "mcp", "prompt", "frontmatter", "workflow", "script", "hook", "llm", "markdown", "description", "node", "codex", "cli", "bash", "nodejs", "command", "pnpm"], "weights": [1.018662930315406, 0.844543656585144, 0.24757675411153038, 0.22217910861388188, 0.2059929895406013, 0.19164010667369769, 0.18467301803471198, 0.16741133158112023, 0.16286939465915434, 0.15875929073321082, 0.14591727194865603, 0.13848377517565766, 0.12429759904214804, 0.12327928616106344, 0.12084962305024831, 0.11723286356007165, 0.11382502519872341, 0.10720572099227087, 0.10624349814223254, 0.10123206545278998], "topic_strength": 16.837001568520524, "top_10_strength": 3.4043085808484586, "label": "Skill & Agent"}, {"topic_id": 4, "top_words": ["python", "model", "pytest", "bash", "api", "install", "path", "config", "class", "import", "data", "configuration", "package", "output", "agent", "format", "cli", "endpoint", "application", "type"], "weights": [0.6467411308605682, 0.3248798637780622, 0.2947911665480218, 0.26937400829788966, 0.22963229538381813, 0.21605090793499887, 0.20994590253623177, 0.20436728688456351, 0.18723996023424172, 0.17942844675569164, 0.17762232851526868, 0.1564990858439493, 0.15638019038146683, 0.15624092028622968, 0.15616684121871277, 0.15314031704731032, 0.14671441025994675, 0.14386074097515972, 0.14371949413595422, 0.1364214447295556], "topic_strength": 28.276884444094613, "top_10_strength": 2.7624509692140875, "label": "Data & APIs"}], "file_type": "claude_md"}