{"timestamp": "2026-03-17T00:51:55.862163", "success": true, "message": "Analysis complete with 500 files", "files_collected": 500, "topics_discovered": 5, "topics_data": [{"topic_id": 0, "top_words": ["error", "type", "configuration", "pattern", "event", "state", "service", "testing", "bun", "return", "package", "game", "function", "method", "user", "class", "interface", "const", "module", "import"], "weights": [0.38765543260553664, 0.38105633404644945, 0.347159912220056, 0.32544122752507454, 0.3125966248140972, 0.30602499306415715, 0.30243335513460196, 0.277719072417807, 0.2697178788323658, 0.25581921151944204, 0.25248891964055775, 0.24158830275245385, 0.2359033737319143, 0.23413782624997576, 0.23372137001096693, 0.22807448263377975, 0.2275909907065926, 0.22748985496561192, 0.22539311529666584, 0.22384071891875304], "topic_strength": 53.10576532259229, "top_10_strength": 3.165624042179588, "label": "Error & Type"}, {"topic_id": 1, "top_words": ["npm", "component", "react", "typescript", "page", "backend", "frontend", "production", "server", "content", "cs", "dev", "post", "nextjs", "development", "start", "lint", "preview", "tailwind", "app"], "weights": [1.04967229046403, 0.4944461422208291, 0.34881606438798163, 0.34838967313631236, 0.3425608888376244, 0.27600561623896575, 0.26372802014402136, 0.25803865865957104, 0.2504769668657661, 0.24652164248337716, 0.2430655222605593, 0.23900403064384154, 0.2181849740993809, 0.21088449861065184, 0.20960898310980516, 0.19986792904165113, 0.1848960351905513, 0.18097443894070933, 0.17749899178978926, 0.17037427351308007], "topic_strength": 25.052839681933442, "top_10_strength": 3.878655963438479, "label": "Frontend Development"}, {"topic_id": 2, "top_words": ["python", "agent", "ruff", "pytest", "install", "llm", "model", "pip", "import", "def", "config", "csv", "json", "make", "tool", "cli", "slack", "notebook", "prompt", "output"], "weights": [1.3023353032974587, 0.31204588392977833, 0.2378815969850895, 0.2182519722837651, 0.19951273557191448, 0.18900758147388416, 0.18135092273277587, 0.1619066978676488, 0.13431690928005366, 0.13181180494132555, 0.12536350742339408, 0.12186541168501892, 0.12027360108266547, 0.11753851290268146, 0.11565136965660598, 0.11198880237340982, 0.10775894081265057, 0.10499168680588622, 0.1037049296403273, 0.09958626677646648], "topic_strength": 14.68892469097059, "top_10_strength": 3.0684214083636943, "label": "Python & Agent"}, {"topic_id": 3, "top_words": ["pnpm", "package", "component", "schema", "dev", "mcp", "database", "typescript", "nextjs", "backend", "check", "tailwind", "generated", "supabase", "migration", "app", "monorepo", "react", "workspace", "security"], "weights": [1.4527634076134672, 0.21379825623096352, 0.15461326654229451, 0.13673001195713538, 0.1227539439463741, 0.11372144200780922, 0.10767353889416485, 0.10423895162239115, 0.10080977989832972, 0.0945004483687928, 0.09307232607417916, 0.0914322929375973, 0.08689680995965729, 0.08447964271675859, 0.08095477670248309, 0.07980007455936422, 0.07881596165578446, 0.07724696244633153, 0.07718656500895398, 0.07711080428845447], "topic_strength": 11.386788180277406, "top_10_strength": 2.601603047081723, "label": "Frontend Development"}, {"topic_id": 4, "top_words": ["agent", "task", "change", "git", "commit", "fix", "work", "plan", "tool", "read", "session", "documentation", "workflow", "skill", "doc", "make", "phase", "issue", "ask", "user"], "weights": [0.5215736842939411, 0.4796296901246173, 0.429969388316148, 0.3806800715446051, 0.3546456472332864, 0.3330885675316353, 0.33137453081715496, 0.3236850021868709, 0.3163980399135503, 0.302981102587143, 0.2928054581113152, 0.2914691746637319, 0.2472833394691917, 0.2393610162787075, 0.23696490918537416, 0.23584936415223454, 0.22944353094656894, 0.22582616110254244, 0.2255161931891325, 0.21927056544575588], "topic_strength": 40.3973101311167, "top_10_strength": 3.774025724548952, "label": "Agent & Task"}]}