{"timestamp": "2026-06-10T04:01:52.559761", "success": true, "message": "Analysis complete with 500 files", "files_collected": 500, "topics_discovered": 5, "topics_data": [{"topic_id": 0, "top_words": ["python", "model", "data", "change", "session", "dont", "user", "task", "script", "error", "tool", "context", "check", "read", "format", "rule", "state", "work", "make", "path"], "weights": [0.45210906684006885, 0.3747067193031425, 0.33653249399272805, 0.32037056887774373, 0.304608820201002, 0.30304434372711525, 0.2696855171596313, 0.26291765183054877, 0.254232098148886, 0.2520427873514971, 0.250586013734265, 0.23456397981036675, 0.23068306703040664, 0.22899332465013283, 0.2253907308897836, 0.22352304897939076, 0.21696950497824943, 0.2154773074994981, 0.21447118177413707, 0.21417755812491032], "topic_strength": 65.94935526976464, "top_10_strength": 3.130250067432364, "label": "Data & APIs"}, {"topic_id": 1, "top_words": ["npm", "component", "page", "cs", "typescript", "react", "server", "tailwind", "dev", "type", "development", "vite", "production", "preview", "api", "layout", "route", "theme", "image", "app"], "weights": [1.0674872043355799, 0.46124690186437756, 0.41091092015390734, 0.26518453374425727, 0.25649273125362987, 0.24619324793633277, 0.23734449145710457, 0.2329699818134116, 0.22481884664762206, 0.18999411407170852, 0.18193748834828347, 0.17842830974590496, 0.17270388752162227, 0.16566365631066315, 0.1622786905221351, 0.15519225714888185, 0.1536879502598246, 0.15285913170078014, 0.15261564171813885, 0.14980541816392226], "topic_strength": 24.723481059830274, "top_10_strength": 3.5926429732779313, "label": "Frontend Development"}, {"topic_id": 2, "top_words": ["pnpm", "api", "backend", "frontend", "typescript", "route", "server", "react", "docker", "database", "dev", "router", "nextjs", "app", "prisma", "redis", "web", "git", "client", "vue"], "weights": [1.1680954133860628, 0.38357751010496427, 0.31802818106059605, 0.24607898280876675, 0.21159133629250187, 0.1947411935363522, 0.19422859955920846, 0.18037417732943925, 0.17941155074058643, 0.17622045780372272, 0.1725946354718859, 0.1632756067684912, 0.16203100552719, 0.1605082431211933, 0.15838024198520684, 0.15477702356948056, 0.15296142036059743, 0.1500546853855742, 0.13890721240865908, 0.13500394049649653], "topic_strength": 16.811219433637355, "top_10_strength": 3.252347402622201, "label": "Frontend Development"}, {"topic_id": 3, "top_words": ["rust", "generated", "function", "cargo", "module", "api", "platform", "new", "android", "plugin", "public", "source", "binding", "release", "apps", "add", "macos", "generate", "workspace", "library"], "weights": [0.9630943869243208, 0.35012833609773986, 0.3217943908666659, 0.2907839850763072, 0.2574682343286823, 0.1605991745836164, 0.16031317874435796, 0.1512198078646402, 0.14244308837636566, 0.13854740103072072, 0.13591602213828763, 0.13308511997296846, 0.1258604961876447, 0.11666839756818986, 0.11147066139787515, 0.09765065384001181, 0.0961199866654333, 0.0943204375614628, 0.09009600558517382, 0.08758820355349714], "topic_strength": 10.085423438329073, "top_10_strength": 2.936391983893417, "label": "Code Guidelines"}, {"topic_id": 4, "top_words": ["agent", "skill", "task", "instruction", "rule", "tool", "command", "spec", "memory", "mcp", "readmemd", "subagents", "user", "plan", "review", "security", "doc", "context", "plugin", "read"], "weights": [1.1644302971195668, 0.6561335701800607, 0.28528614367121186, 0.2494049472743625, 0.23011437416914782, 0.19426625048614432, 0.17618426921977742, 0.1626422825437038, 0.1479007794375445, 0.13928821553751247, 0.1264952092187675, 0.12625010435536263, 0.11942306356084437, 0.11910104489169854, 0.11712461666100422, 0.11702856541189939, 0.11412494560518814, 0.11181858224502304, 0.1069896141702923, 0.09835985067168454], "topic_strength": 17.09289761453727, "top_10_strength": 3.405651129639033, "label": "Agent & Skill"}], "file_type": "claude_md"}