{"timestamp": "2026-06-26T04:09:07.001792", "success": true, "message": "Analysis complete with 500 files", "files_collected": 500, "topics_discovered": 5, "topics_data": [{"topic_id": 0, "top_words": ["step", "project", "test", "phase", "issue", "fix", "run", "task", "check", "code", "review", "workflow", "pattern", "plan", "output", "git", "create", "report", "context", "change"], "weights": [0.5745409213656303, 0.48767027418440245, 0.456087291454776, 0.3872523191857825, 0.36246188135496615, 0.3390752997833348, 0.3324081625079697, 0.31215254497901784, 0.3117057501238718, 0.28095268339066687, 0.27359615609536597, 0.262213224154193, 0.2586158101853143, 0.2407360338987731, 0.2214634050553504, 0.2191386845311844, 0.21870535276810804, 0.21858856357054146, 0.21796589339915134, 0.21556904580806208], "topic_strength": 49.2946641277378, "top_10_strength": 3.844307128330418, "label": "Project Structure"}, {"topic_id": 1, "top_words": ["und", "oder", "der", "keine", "prfen", "die", "welche", "ist", "bei", "nur", "eine", "bgb", "wenn", "al", "ab", "nicht", "mit", "zpo", "au", "vor"], "weights": [1.516919199496865, 0.714295285393111, 0.3122492408872748, 0.29744451533497834, 0.2956180713549344, 0.286406893684863, 0.2802299304482919, 0.23493849514489284, 0.23073476862192852, 0.2299828368282795, 0.221130115337626, 0.21379520948897748, 0.20772689865690078, 0.2025689339139692, 0.20016263148920213, 0.19024849970146143, 0.17394747926273416, 0.16393914487823646, 0.1505316527432761, 0.15008755880374092], "topic_strength": 7.085882203682625, "top_10_strength": 4.398819237195419, "label": "Und & Oder"}, {"topic_id": 2, "top_words": ["const", "string", "await", "type", "return", "page", "api", "data", "email", "color", "text", "function", "div", "typescript", "error", "component", "cs", "json", "query", "var"], "weights": [0.4420702988929005, 0.3678463134769803, 0.2999524388307787, 0.2787072950338741, 0.24974012031025486, 0.24896841965587838, 0.23417228388006167, 0.23050884087470588, 0.22741936441797603, 0.20900766754529804, 0.20426502886893652, 0.1931546108062479, 0.18397606955015736, 0.18088004407001995, 0.18002982350498084, 0.17619399006842693, 0.17593363320365216, 0.17155287174558476, 0.1712613801467575, 0.1697441683317053], "topic_strength": 35.32620372587412, "top_10_strength": 2.7883930429187083, "label": "Const & String"}, {"topic_id": 3, "top_words": ["agent", "mcp", "bash", "token", "ngrok", "tool", "prompt", "run", "session", "remote", "browser", "json", "openclaw", "server", "claude", "instruction", "post", "local", "install", "curl"], "weights": [1.2723721177548202, 0.3189187429249941, 0.30862067758144923, 0.28445977508524645, 0.2744024039717326, 0.25588797110700595, 0.25425566951946843, 0.22529597954944527, 0.22409107172618029, 0.20935854167801313, 0.1983860886734637, 0.1975894877646799, 0.17993830966104055, 0.17691496474272272, 0.17643912875521658, 0.17261998153542368, 0.1679931891444407, 0.16592965083769243, 0.15872331625308486, 0.15595152846746138], "topic_strength": 20.364776736129265, "top_10_strength": 3.6276629508983556, "label": "Agent & Mcp"}, {"topic_id": 4, "top_words": ["python", "import", "bash", "model", "str", "def", "json", "quantization", "image", "script", "bit", "result", "video", "paper", "int", "cli", "keyword", "install", "markdown", "chrome"], "weights": [1.2864427058799015, 0.4063437486655383, 0.2704930089219279, 0.24388433585955338, 0.2059241931882864, 0.18324948066400554, 0.1653039660850849, 0.1629366890038284, 0.1416863625278679, 0.1108911182639506, 0.1081475113478497, 0.10750761084393755, 0.10481840658166808, 0.10469587764281012, 0.0996464030477842, 0.09839948776127797, 0.08913178335439022, 0.08836069357784818, 0.08809740074311487, 0.08677435446592], "topic_strength": 13.620549451030316, "top_10_strength": 3.1771556090599447, "label": "Python & Import"}], "file_type": "skill_md"}