{"timestamp": "2026-05-31T03:18:37.623444", "success": true, "message": "Analysis complete with 500 files", "files_collected": 500, "topics_discovered": 5, "topics_data": [{"topic_id": 0, "top_words": ["run", "agent", "step", "project", "log", "task", "command", "session", "error", "report", "api", "list", "tool", "output", "decision", "test", "action", "data", "script", "pattern"], "weights": [0.426194619211009, 0.37988541812481846, 0.37250766203407515, 0.368369167270614, 0.3443392051682093, 0.3376418303431044, 0.332770064379165, 0.31621700081499426, 0.2962966770885088, 0.29122835863695107, 0.2876311688727759, 0.28538982940066954, 0.273799472477867, 0.2680291640816715, 0.259277792889022, 0.25320537713773117, 0.2495115597550827, 0.2378460582744768, 0.22766765552175278, 0.2247931613128716], "topic_strength": 52.46430883029363, "top_10_strength": 3.4654500030714495, "label": "Project Structure"}, {"topic_id": 1, "top_words": ["git", "branch", "change", "test", "commit", "review", "main", "diff", "merge", "push", "origin", "run", "step", "open", "checkout", "delta", "issue", "dev", "focused", "create"], "weights": [0.8582948733011967, 0.550666789500653, 0.5019597675126312, 0.4645476103913874, 0.41107889271099635, 0.400711919655264, 0.3843329159118647, 0.29890562813116245, 0.27245230173941065, 0.2610293512627354, 0.2165326792318985, 0.21395666358749849, 0.21127439703118214, 0.20092600020739107, 0.20076547201910708, 0.19556344808689402, 0.1847003843004028, 0.18222429800020207, 0.17797216878911745, 0.17648226402010034], "topic_strength": 16.850755852942886, "top_10_strength": 4.403980050117301, "label": "Testing & Quality"}, {"topic_id": 2, "top_words": ["typescript", "const", "component", "await", "return", "string", "function", "type", "error", "async", "import", "event", "data", "api", "frontend", "handler", "pattern", "sync", "new", "null"], "weights": [0.7223643566587484, 0.6394562403027612, 0.5076721699060249, 0.31919046726055617, 0.2966820054368376, 0.2951549867394445, 0.289214582014722, 0.2780148269586817, 0.2750579710221133, 0.2561974859024215, 0.19600409974466582, 0.19333442746842242, 0.17292953572850048, 0.17265270153330145, 0.1707123076485015, 0.1539938122194011, 0.15015507245033516, 0.14980695447729317, 0.14758901126724158, 0.14126081807503257], "topic_strength": 19.22697734099865, "top_10_strength": 3.879005092202312, "label": "Frontend Development"}, {"topic_id": 3, "top_words": ["python", "srcclipy", "modern", "memory", "syntax", "import", "type", "video", "str", "instead", "lint", "install", "format", "json", "api", "cost", "condition", "future", "formatting", "download"], "weights": [1.3285907438123428, 0.27556763607559115, 0.2711470633559872, 0.2688848873454721, 0.24317565409060812, 0.23042479692043177, 0.228221827056045, 0.19638759277933812, 0.1780771627643701, 0.17565165928044119, 0.1689418767377591, 0.16283860659909055, 0.16257301432243873, 0.15581477145892064, 0.12443571851481774, 0.12358675874867703, 0.12140301647731201, 0.12139749074090303, 0.1178383521489767, 0.11316535469496737], "topic_strength": 13.164570145796148, "top_10_strength": 3.3961290234806274, "label": "Python & Srcclipy"}, {"topic_id": 4, "top_words": ["content", "page", "topic", "div", "html", "slide", "section", "seo", "frontmatter", "search", "entity", "review", "paper", "deck", "image", "step", "note", "tech", "research", "site"], "weights": [0.5822321591816733, 0.4201060199490028, 0.4169305674383627, 0.32051836142992823, 0.30170339024363424, 0.30069753804804084, 0.28250291760160906, 0.27674789174216324, 0.259258759192309, 0.24566642872944439, 0.22552450310202202, 0.22172634387019155, 0.22129578303620318, 0.21663824679323934, 0.2094393293488659, 0.2079770385362196, 0.20554127929530402, 0.19365830450537824, 0.1880714812709211, 0.18009085901051247], "topic_strength": 36.38223454160266, "top_10_strength": 3.4063640335561676, "label": "Content & Page"}], "file_type": "skill_md"}