{"timestamp": "2026-06-23T03:27:34.244599", "success": true, "message": "Analysis complete with 500 files", "files_collected": 500, "topics_discovered": 5, "topics_data": [{"topic_id": 0, "top_words": ["project", "cargo", "build", "make", "issue", "command", "git", "dependency", "prefer", "documentation", "release", "package", "commit", "update", "add", "repository", "type", "doc", "new", "path"], "weights": [0.4034065252543806, 0.3933337533828994, 0.38086606186476496, 0.34768658018413395, 0.30311146132584305, 0.3016886269219934, 0.2904912376112915, 0.2825071947699299, 0.2764685627000319, 0.273540792505922, 0.27085228008708134, 0.2609905147157722, 0.2574653106563742, 0.2497130589006912, 0.24095733242549053, 0.24067433380596182, 0.24007332040771492, 0.23879267641676463, 0.23810945328095542, 0.22860548519321633], "topic_strength": 52.36009523418028, "top_10_strength": 3.25310079652119, "label": "Project Structure"}, {"topic_id": 1, "top_words": ["pnpm", "npm", "frontend", "backend", "api", "component", "dev", "app", "build", "vite", "react", "lint", "server", "typescript", "type", "page", "bun", "client", "route", "check"], "weights": [0.8520202145124699, 0.7795195189569989, 0.5773773833247063, 0.40129376517507104, 0.29216767563106694, 0.28904734898027207, 0.2734735012976944, 0.23122603442113218, 0.2254505479846835, 0.2208409093394916, 0.2194720688603025, 0.2171073317720406, 0.21487235406465127, 0.19540455440518853, 0.17152806521632255, 0.1552997313793835, 0.1552880180627063, 0.14675521275477937, 0.14270739873808994, 0.14096111038518927], "topic_strength": 20.42862982604036, "top_10_strength": 4.142416899623587, "label": "Frontend Development"}, {"topic_id": 2, "top_words": ["nextjs", "training", "writing", "breaking", "know", "apis", "guide", "read", "relevant", "version", "convention", "data", "structure", "exact", "changed", "doc", "guidance", "agentsmd", "server", "claudemd"], "weights": [0.6563103639884279, 0.6304035272862966, 0.564871413843823, 0.5591329396245645, 0.5214382557455215, 0.5121886277316208, 0.45010224869900367, 0.4299698089687391, 0.42264509958964375, 0.3980463365745851, 0.3552261227623961, 0.3205761220364799, 0.3152131100542222, 0.1144078398334753, 0.10845730224770876, 0.07630772934811475, 0.056321437188881086, 0.050809617119647245, 0.033414196710516514, 0.033130309626586904], "topic_strength": 8.743903552064056, "top_10_strength": 5.145108622052225, "label": "Nextjs & Training"}, {"topic_id": 3, "top_words": ["skill", "task", "memory", "report", "directory", "work", "knowledge", "delegate", "user", "plan", "pressure", "skillmd", "technical", "need", "rule", "para", "review", "dont", "write", "context"], "weights": [1.1994725822322148, 0.38440559489031684, 0.3114406353864523, 0.30612492042374756, 0.226590721911582, 0.22228985864471135, 0.19899564584072213, 0.1964287149469003, 0.19040503280325627, 0.17773372051555353, 0.17770952359810763, 0.17669189044538408, 0.17404773737838813, 0.17243759730490085, 0.15256554837965988, 0.15170484031362813, 0.14658861330960368, 0.1448949004349444, 0.14274760933236463, 0.13898675317475362], "topic_strength": 24.182631573814604, "top_10_strength": 3.413887427595457, "label": "File Management"}, {"topic_id": 4, "top_words": ["tool", "python", "mcp", "import", "model", "return", "llm", "api", "str", "string", "json", "sdk", "class", "prompt", "server", "schema", "error", "default", "description", "function"], "weights": [0.8216675787262936, 0.41785354673627495, 0.40146576671270545, 0.376532357578181, 0.3494001346212659, 0.3319802874737164, 0.3137056072246189, 0.24926878222199927, 0.22446203122151664, 0.20708356642816236, 0.20416046920824146, 0.19055052678456427, 0.18623307514624757, 0.18182777124510116, 0.1738783204263533, 0.16649648694072644, 0.1660440321019717, 0.16490154632099568, 0.16342218560490543, 0.15952802309678696], "topic_strength": 34.31010149933792, "top_10_strength": 3.6934196589447352, "label": "Tool & Python"}], "file_type": "agents_md"}