{"timestamp": "2026-03-23T00:21:53.635273", "success": true, "message": "Analysis complete with 500 files", "files_collected": 500, "topics_discovered": 5, "topics_data": [{"topic_id": 0, "top_words": ["task", "agent", "phase", "change", "tool", "session", "work", "read", "step", "documentation", "git", "rule", "user", "skill", "new", "update", "workflow", "context", "commit", "check"], "weights": [0.5547180025289332, 0.5420367509738032, 0.40182119208423184, 0.37389615693595124, 0.3399895955366075, 0.3366708041355955, 0.3325865232334056, 0.32945938904158967, 0.30720183862074474, 0.3071302770200568, 0.3050945647465435, 0.2998809169349269, 0.27841883735207207, 0.2652763326746691, 0.260246867286648, 0.2469080029884677, 0.2415649911453635, 0.2357866880123402, 0.23560582327106833, 0.22192614305373523], "topic_strength": 52.59354736398652, "top_10_strength": 3.82551053011092, "label": "Task & Agent"}, {"topic_id": 1, "top_words": ["npm", "component", "typescript", "cs", "page", "react", "tailwind", "content", "const", "type", "import", "mode", "theme", "image", "dev", "nextjs", "data", "layout", "state", "app"], "weights": [0.8266330017978264, 0.5537938889706997, 0.3573216104089335, 0.34778103104603836, 0.31519876668821845, 0.30164271925601027, 0.23946207051930046, 0.23581315221521193, 0.2265390360398873, 0.21542967395757773, 0.19896163628443475, 0.19869372073159125, 0.1909450474274807, 0.18818379549439643, 0.1826632886457679, 0.18005986024230258, 0.17985143777375764, 0.17713449549063387, 0.1740708545022774, 0.17097755368961168], "topic_strength": 28.564944864769313, "top_10_strength": 3.6196149508997033, "label": "Frontend Development"}, {"topic_id": 2, "top_words": ["python", "install", "model", "notebook", "package", "llm", "environment", "pip", "fastapi", "pytest", "mainpy", "data", "class", "import", "openai", "def", "training", "virtual", "venv", "type"], "weights": [1.4406617073048151, 0.23084897595438192, 0.1815411675527802, 0.17600726152819673, 0.1739454145003015, 0.16188016042155032, 0.15592077304637647, 0.1547351582639944, 0.14657142949716365, 0.1440469008808524, 0.1346134483841678, 0.1320749086959867, 0.13103125865185758, 0.12889290153360364, 0.11732290196626477, 0.11353781843936586, 0.1133609800735802, 0.10815337674039566, 0.10740672957802481, 0.10717846207999437], "topic_strength": 13.848204369075473, "top_10_strength": 2.966158948950413, "label": "Python & Install"}, {"topic_id": 3, "top_words": ["backend", "service", "database", "frontend", "docker", "port", "server", "model", "mcp", "make", "token", "environment", "endpoint", "env", "postgresql", "schema", "route", "migration", "authentication", "development"], "weights": [0.4653881011676921, 0.46519648932416824, 0.42195479869988894, 0.4044477484668554, 0.3193353280998711, 0.311340558552759, 0.30215765135216544, 0.27495018726676734, 0.2247816927657695, 0.20125359704815673, 0.18697431442055443, 0.1806661277177925, 0.178892946093301, 0.1754387970879018, 0.1750181620012723, 0.17277723970555164, 0.16929461480805255, 0.16528861917811047, 0.16144704178444755, 0.16108454180383466], "topic_strength": 30.982000103187012, "top_10_strength": 3.3908061527440934, "label": "Data & APIs"}, {"topic_id": 4, "top_words": ["pnpm", "bun", "typescript", "package", "type", "strict", "import", "git", "lint", "install", "app", "script", "nodejs", "dev", "schema", "issue", "yarn", "start", "eslint", "packagejson"], "weights": [1.200779926643729, 0.8477171712876432, 0.3269696817409208, 0.3003733609545603, 0.22044574512953746, 0.181601487436205, 0.1707972513177653, 0.1566284420878601, 0.14900243442320416, 0.14479594550363875, 0.12716340524609332, 0.12667093787065414, 0.12500639479056913, 0.11844768957338675, 0.11395408179485696, 0.11380927758110004, 0.11220289897084329, 0.11145971559336404, 0.11112322448564842, 0.10922018598022327], "topic_strength": 16.341197222936163, "top_10_strength": 3.699111446525064, "label": "Frontend Development"}]}