{"timestamp": "2026-07-24T03:28:02.514611", "success": true, "message": "Analysis complete with 500 files", "files_collected": 500, "topics_discovered": 5, "topics_data": [{"topic_id": 0, "top_words": ["file", "step", "review", "project", "code", "test", "phase", "context", "issue", "run", "fix", "design", "task", "change", "output", "git", "check", "section", "rule", "report"], "weights": [0.5093861221116058, 0.48533030066202204, 0.3478869183517551, 0.3265507025100936, 0.3201956101638621, 0.3087339350792856, 0.27012142298155045, 0.2678620555267786, 0.2655516719808676, 0.2613468226667166, 0.25428289507752166, 0.24676995645320185, 0.24277522418725642, 0.24009794838709753, 0.23358874268471647, 0.22162928953021716, 0.21567685996892355, 0.21499637016034528, 0.21299828921872402, 0.21298341329632492], "topic_strength": 56.196920831205816, "top_10_strength": 3.3629655620345376, "label": "Project Structure"}, {"topic_id": 1, "top_words": ["und", "oder", "die", "welche", "der", "mit", "art", "email", "form", "live", "output", "register", "template", "pdf", "text", "compliance", "dashboard", "license", "status", "end"], "weights": [1.5812240278538308, 0.6345170143930691, 0.3586450149322531, 0.3583038909399629, 0.3229121705004035, 0.19780268195285125, 0.11848990880410089, 0.057850699431944604, 0.05467080892301175, 0.04694374174662609, 0.03720148130925324, 0.03220800971810095, 0.019302653346670372, 0.015748276365909423, 0.013215607953408991, 0.011158898910312347, 0.010425956683593257, 0.009138630541426917, 0.008575044536752355, 0.008106360058418294], "topic_strength": 4.040147071802708, "top_10_strength": 3.7313599594780538, "label": "Und & Oder"}, {"topic_id": 2, "top_words": ["python", "bash", "image", "json", "import", "model", "output", "url", "cli", "api", "markdown", "install", "input", "text", "script", "pip", "ocr", "quantization", "video", "title"], "weights": [1.3834545035374355, 0.45969018039557624, 0.2995785447260193, 0.284400708571681, 0.20871617553215613, 0.1981163724264004, 0.18502975562790908, 0.1364639439732666, 0.13485557988153996, 0.13127208981970298, 0.1298308354288629, 0.1267418744463341, 0.12572363305286505, 0.11304939314505064, 0.11278810088064069, 0.10229508783297143, 0.09511429998802214, 0.09349851961256103, 0.09100077423487425, 0.08933329002909653], "topic_strength": 14.312227593788933, "top_10_strength": 3.4215778544916877, "label": "Python & Bash"}, {"topic_id": 3, "top_words": ["const", "await", "return", "string", "async", "import", "function", "firebase", "typescript", "data", "email", "error", "null", "export", "var", "cache", "query", "service", "userid", "para"], "weights": [0.7281418185496179, 0.5896984337743044, 0.39093350533985916, 0.3821440161354986, 0.37524062253149415, 0.32205161222013984, 0.2189118148782158, 0.20175975293753143, 0.19282493640418275, 0.17729733741887468, 0.16313148102705424, 0.1615394691452944, 0.15346711894489085, 0.1525796663673495, 0.15256276443044486, 0.1445174199532456, 0.14112942072741555, 0.13741110462707473, 0.13739719420524552, 0.13324312797932245], "topic_strength": 22.803980952649212, "top_10_strength": 3.5790038501897192, "label": "Const & Await"}, {"topic_id": 4, "top_words": ["agent", "mcp", "tool", "session", "run", "token", "bash", "schema", "ngrok", "step", "browser", "connection", "server", "prompt", "remote", "available", "cli", "command", "url", "instruction"], "weights": [0.9021748899666645, 0.5144527869238851, 0.5028543089449885, 0.2660368416403073, 0.24665888402571157, 0.23439266724543176, 0.22328540882978504, 0.21657708825588937, 0.21022434649961017, 0.2008165100666729, 0.19878038085091612, 0.19826816852446347, 0.17127000674198867, 0.1652623536701259, 0.1625804347380713, 0.16246190912471178, 0.1619466873420847, 0.15694818946630465, 0.15218128298051822, 0.15124033663107528], "topic_strength": 21.9656708321278, "top_10_strength": 3.517473732398946, "label": "Agent & Mcp"}], "file_type": "skill_md"}