{"timestamp": "2026-06-13T03:41:57.841738", "success": true, "message": "Analysis complete with 500 files", "files_collected": 500, "topics_discovered": 5, "topics_data": [{"topic_id": 0, "top_words": ["step", "issue", "task", "phase", "project", "workflow", "test", "pattern", "question", "fix", "review", "code", "goal", "check", "plan", "requirement", "context", "research", "output", "create"], "weights": [0.5743950339628513, 0.46577674498404326, 0.41650549019843214, 0.39951895576916197, 0.39461760085520786, 0.3623093792756673, 0.33540536596732934, 0.2942882769371782, 0.2908925286854921, 0.2772862371415844, 0.2748384210171204, 0.2627524568456037, 0.25230787613354605, 0.2478099694803476, 0.23305205820928765, 0.23262089363768704, 0.23003982243812518, 0.22909159723816838, 0.21433425252502586, 0.20993307208118292], "topic_strength": 47.85513496812991, "top_10_strength": 3.810995613776948, "label": "Project Structure"}, {"topic_id": 1, "top_words": ["agent", "run", "bash", "json", "token", "prompt", "session", "mcp", "tool", "ngrok", "post", "remote", "command", "install", "api", "local", "curl", "browser", "cli", "openclaw"], "weights": [0.9538541035980983, 0.3519071464389323, 0.34103272599101536, 0.3004316159222992, 0.2806022941498086, 0.27329252564520495, 0.2535003292176117, 0.2485123118125189, 0.23740217527091848, 0.23522278591053838, 0.23192406203835655, 0.19408657370547402, 0.19014007995361243, 0.18826515154979423, 0.18709572308338052, 0.1866106126416265, 0.17981672050518946, 0.1795869047008227, 0.17837776621624868, 0.17576648371116793], "topic_strength": 26.850016270679557, "top_10_strength": 3.4757580139569457, "label": "Agent & Run"}, {"topic_id": 2, "top_words": ["und", "oder", "mit", "live", "output", "person", "bank", "form", "fee", "plugins", "license", "public", "slug", "pro", "sound", "format", "recording", "platform", "material", "claim"], "weights": [1.648452224691106, 0.5189854183717808, 0.14836262234085879, 0.09902468583275062, 0.030763840877305954, 0.02805904512773307, 0.022401288688792414, 0.020016248599338385, 0.016623414500356384, 0.015305277258279648, 0.01248485888050904, 0.011125657733479023, 0.01059560939708274, 0.009561612796228181, 0.009160467716953889, 0.007821943833255712, 0.007434361817830702, 0.0070884799534212, 0.006917081770650661, 0.006532478934881121], "topic_strength": 2.856820296482651, "top_10_strength": 2.547994066288302, "label": "Und & Oder"}, {"topic_id": 3, "top_words": ["const", "string", "await", "color", "return", "text", "page", "function", "cs", "component", "typescript", "type", "button", "email", "div", "plugin", "state", "error", "javascript", "var"], "weights": [0.5543183457815519, 0.2821237995201108, 0.2734441853094834, 0.25220005939778867, 0.24585246315780981, 0.24342391623704632, 0.233489131033856, 0.2198904294299251, 0.217908182346112, 0.20981368851608642, 0.20594002852134793, 0.19818752031996226, 0.1975497848086727, 0.1904326210179564, 0.187002209968354, 0.18562214745662908, 0.1832180631427962, 0.1631116153534993, 0.16164280950083298, 0.16020057546327732], "topic_strength": 30.33024430240649, "top_10_strength": 2.732464200729771, "label": "Const & String"}, {"topic_id": 4, "top_words": ["python", "import", "model", "bash", "str", "api", "def", "chrome", "quantization", "image", "class", "query", "price", "result", "int", "json", "output", "parameter", "url", "data"], "weights": [1.340511962270406, 0.4034125094754958, 0.2612399320716817, 0.25282810701968433, 0.22765291601879115, 0.2250601803188565, 0.2139338637289072, 0.143602442031142, 0.13908619990482282, 0.13835037135142036, 0.1381687947669005, 0.13700799118762774, 0.1336890295711902, 0.1294779505707322, 0.12036971117523816, 0.11727498882855708, 0.11412298718168457, 0.1111271593785998, 0.10636373712748243, 0.10319671309576564], "topic_strength": 17.543889900105285, "top_10_strength": 3.345678484191207, "label": "Python & Import"}], "file_type": "skill_md"}