{"timestamp": "2026-05-20T03:22:49.191576", "success": true, "message": "Analysis complete with 500 files", "files_collected": 500, "topics_discovered": 5, "topics_data": [{"topic_id": 0, "top_words": ["tool", "model", "api", "import", "python", "data", "user", "type", "string", "llm", "return", "key", "error", "class", "component", "state", "client", "service", "task", "action"], "weights": [0.5474194586012804, 0.4295144631709511, 0.41231105846647287, 0.37669360945483105, 0.36732612717717544, 0.3594878135898383, 0.3427607884381036, 0.33921379987977024, 0.28808147607839524, 0.2751856275777202, 0.2702407987557751, 0.2435544201792319, 0.24197697783330754, 0.2384675632656549, 0.23160524316173303, 0.22894605865424733, 0.22784037291792708, 0.21422089974262476, 0.21231424700275794, 0.21088752655127413], "topic_strength": 52.70795895626071, "top_10_strength": 3.7379942224345384, "label": "Data & APIs"}, {"topic_id": 1, "top_words": ["pnpm", "lint", "dev", "component", "react", "typescript", "vitest", "api", "typecheck", "type", "check", "package", "cloudflare", "worker", "post", "document", "main", "tailwind", "install", "app"], "weights": [1.7028230320944713, 0.1949464901807743, 0.18989090749374757, 0.17933433341402127, 0.1625926233359029, 0.14871943106872124, 0.11786590334463268, 0.11277512655986004, 0.10628867867506168, 0.10498921519059003, 0.10034087906682392, 0.09883416388607089, 0.09222054858435147, 0.08346667706472265, 0.08287141180582193, 0.0775569944599399, 0.07665593666237612, 0.07514248259301179, 0.0735561873820488, 0.07232224751286837], "topic_strength": 12.136385320410664, "top_10_strength": 3.0202257413577827, "label": "Frontend Development"}, {"topic_id": 2, "top_words": ["change", "commit", "command", "guideline", "git", "task", "issue", "work", "doc", "add", "make", "cargo", "update", "module", "source", "behavior", "check", "repository", "prefer", "script"], "weights": [0.5557851033826967, 0.41002562581798857, 0.3588854250188953, 0.34433086273352165, 0.3343387939043038, 0.3161697775605954, 0.31407825696174213, 0.30840475801770817, 0.3050564549471097, 0.2861979327422053, 0.2818123620851315, 0.2780533772030468, 0.2752819173347963, 0.26063386486316586, 0.254361299964547, 0.2530307794156184, 0.2474353328088361, 0.24501840965970703, 0.23418781114238366, 0.22868599128276287], "topic_strength": 47.77608932094447, "top_10_strength": 3.5332729910867666, "label": "Change & Commit"}, {"topic_id": 3, "top_words": ["npm", "backend", "frontend", "dev", "typescript", "install", "react", "vite", "api", "component", "bash", "vitest", "lint", "app", "server", "cs", "src", "playwright", "doc", "route"], "weights": [1.2105864041134793, 0.2625121348817944, 0.2545865436293383, 0.24730372724147592, 0.2251859727277738, 0.2181693027913956, 0.20855904942397804, 0.20478159219868475, 0.1956312979352971, 0.19374138496342297, 0.14644007898698624, 0.14499411702887968, 0.13831686534487805, 0.13407234510121008, 0.12764180144067958, 0.12558089579806847, 0.1212453201050105, 0.11465615613074852, 0.1115673190435481, 0.11115518522755088], "topic_strength": 16.823460949037962, "top_10_strength": 3.2210574099066402, "label": "Frontend Development"}, {"topic_id": 4, "top_words": ["skill", "pressure", "scenario", "tdd", "directory", "markdown", "green", "write", "red", "dont", "codex", "testing", "contains", "refactor", "workflow", "claude", "new", "reference", "rule", "pattern"], "weights": [1.3863287976975585, 0.36415018645574776, 0.2820968050535036, 0.2635603280085516, 0.2407398978113864, 0.16703011899060802, 0.1546647951480794, 0.14527978918680157, 0.14107005461267075, 0.1277819860407407, 0.12012913712152129, 0.11994412059927179, 0.11859257577122378, 0.11749203428704297, 0.11291141954457805, 0.11182368598100906, 0.10503432374506352, 0.10392702792597992, 0.10278849571455506, 0.09961547474126636], "topic_strength": 14.56492957038284, "top_10_strength": 3.2727027590056483, "label": "File Management"}], "file_type": "agents_md"}