{"timestamp": "2026-05-26T03:25:13.840952", "success": true, "message": "Analysis complete with 500 files", "files_collected": 500, "topics_discovered": 5, "topics_data": [{"topic_id": 0, "top_words": ["mcp", "search", "bash", "tool", "python", "query", "topic", "claude", "agent", "command", "page", "session", "step", "content", "json", "result", "status", "api", "install", "url"], "weights": [0.5716523543085725, 0.5369423843581925, 0.5074860665746458, 0.48055919684312354, 0.3664872390010227, 0.35588271585026543, 0.344959413559726, 0.3306626309704971, 0.3299470465452547, 0.31916167372869336, 0.31851477271412443, 0.3094907014924663, 0.30390087162015145, 0.2853495378867407, 0.28375118410273587, 0.27391527577008684, 0.2371228764457553, 0.2319951861812724, 0.23071903855951814, 0.2256381371403471], "topic_strength": 52.62220878714432, "top_10_strength": 4.143740721739993, "label": "Mcp & Search"}, {"topic_id": 1, "top_words": ["test", "document", "phase", "fix", "plan", "step", "issue", "run", "root", "error", "cause", "implementation", "review", "task", "validation", "gate", "work", "testing", "symptom", "quality"], "weights": [0.9598578458197567, 0.3418626112218053, 0.3372713123992263, 0.3155861970615805, 0.30391986142172744, 0.2904996887474265, 0.24380905704830488, 0.2382118235943374, 0.23704165493127455, 0.2332361844165785, 0.23011141759870193, 0.21949195875983687, 0.21044002706823373, 0.18386405311385517, 0.18095723359402066, 0.17234882694691459, 0.16654260263518086, 0.16337638468030913, 0.16088533326021015, 0.1603208593839627], "topic_strength": 25.67319627810131, "top_10_strength": 3.501296236662018, "label": "Testing & Quality"}, {"topic_id": 2, "top_words": ["const", "await", "data", "typescript", "string", "return", "import", "mock", "export", "function", "cache", "async", "interface", "pattern", "python", "key", "value", "class", "type", "queue"], "weights": [0.6861034234599901, 0.5338327495350844, 0.3817054745576953, 0.36889470977008565, 0.31796751267130596, 0.30718157267372986, 0.3034910392981473, 0.2911431205353259, 0.28579892258043343, 0.26169129369145766, 0.25224483353407573, 0.22736295823097985, 0.18957653891418394, 0.18385211680581287, 0.1616624981600897, 0.14603639525297493, 0.13616130093278653, 0.1311262911440143, 0.11738613003375666, 0.1137840505761456], "topic_strength": 16.922681986801077, "top_10_strength": 3.737809818773256, "label": "Frontend Development"}, {"topic_id": 3, "top_words": ["rem", "color", "button", "div", "cs", "card", "component", "para", "html", "token", "duration", "design", "padding", "hover", "bem", "fontsize", "figma", "border", "style", "background"], "weights": [0.522568835471491, 0.4798355667319664, 0.47359945355647487, 0.4550239866772017, 0.4458209469928943, 0.34711622494762256, 0.3419561968678755, 0.3030642872016238, 0.28729986746915104, 0.2609440727041437, 0.23313407237525646, 0.2258961316868987, 0.222367504308513, 0.2094092949027019, 0.20746793492496382, 0.20347826748312223, 0.19213596693444152, 0.17368366558633333, 0.17309673125694297, 0.15831846450089165], "topic_strength": 18.338729269775524, "top_10_strength": 3.917229438620445, "label": "Rem & Color"}, {"topic_id": 4, "top_words": ["git", "branch", "commit", "change", "security", "review", "main", "step", "release", "push", "run", "message", "create", "audit", "debug", "merge", "credential", "checkout", "script", "openclaw"], "weights": [0.7194673033683467, 0.5677465217897467, 0.515312745277944, 0.46331319125272236, 0.4120844147177718, 0.3227072651851181, 0.2814384143847327, 0.2633386507000711, 0.2605472249077395, 0.25426053889115163, 0.24742325445403848, 0.21949078082689533, 0.195248406201464, 0.18522958388474872, 0.18235443387477032, 0.17658921953484438, 0.17131883732446254, 0.15726412406473397, 0.15406267094332887, 0.1497835348183733], "topic_strength": 19.126502927819033, "top_10_strength": 4.060216270475345, "label": "Git & Branch"}], "file_type": "skill_md"}