{"timestamp": "2026-06-24T03:39:21.898892", "success": true, "message": "Analysis complete with 500 files", "files_collected": 500, "topics_discovered": 5, "topics_data": [{"topic_id": 0, "top_words": ["build", "python", "prefer", "module", "behavior", "package", "command", "doc", "documentation", "repository", "cargo", "update", "dependency", "issue", "commit", "git", "version", "make", "path", "avoid"], "weights": [0.36177491844242765, 0.3542439323914148, 0.3541723406303061, 0.3425265863491004, 0.31448367890391843, 0.31428994296174945, 0.29999397437031416, 0.2985253631072413, 0.2930377535695934, 0.28364096706278263, 0.28346458905672267, 0.28296520578745304, 0.2803651712382223, 0.27954825471257144, 0.27891298640688045, 0.2711236551359623, 0.25541629316611963, 0.2494053226657093, 0.24714132885639747, 0.24531502473501854], "topic_strength": 52.9899379098982, "top_10_strength": 3.2166894577888483, "label": "Deployment & Build"}, {"topic_id": 1, "top_words": ["npm", "pnpm", "component", "frontend", "build", "dev", "backend", "react", "api", "typescript", "lint", "app", "vite", "bash", "import", "cs", "vitest", "tailwind", "type", "eslint"], "weights": [1.1159307594355503, 0.5896377606316233, 0.4026041607640564, 0.3209473016348868, 0.2902381120757064, 0.2638103946936281, 0.26031583385622564, 0.2512630917400812, 0.24864911605936094, 0.23785759450215216, 0.2311802608404244, 0.2158714096669931, 0.20770715292801095, 0.1955687411262662, 0.18232312388936361, 0.1806569776350639, 0.17566820368351155, 0.17531097010826294, 0.1615310588940558, 0.16133426415484578], "topic_strength": 20.11318578909876, "top_10_strength": 3.9812541253932716, "label": "Frontend Development"}, {"topic_id": 2, "top_words": ["skill", "directory", "para", "memory", "skillmd", "pressure", "reference", "task", "markdown", "report", "frontmatter", "script", "agentes", "scenario", "folder", "del", "delegate", "knowledge", "write", "contains"], "weights": [1.5161762445719453, 0.2889886242250394, 0.28609346103812117, 0.25176124587601734, 0.23630937875566727, 0.19941053683095059, 0.18624766793325903, 0.1799679006029857, 0.17481366327350942, 0.16710489195782569, 0.16614628118020341, 0.16598317421736888, 0.14327606139424917, 0.14177839331210393, 0.1376468225455002, 0.13518382598045273, 0.12877897783750286, 0.12586918400756242, 0.12227784542860112, 0.12119546506428869], "topic_strength": 19.414555848611144, "top_10_strength": 3.4868736150653206, "label": "File Management"}, {"topic_id": 3, "top_words": ["tool", "mcp", "model", "return", "llm", "api", "import", "string", "prompt", "server", "schema", "result", "const", "event", "session", "job", "error", "json", "execution", "default"], "weights": [0.70277025293794, 0.3535464207924486, 0.3121671044734421, 0.27874797343449004, 0.2757192800928967, 0.21020168443728623, 0.2028899487385375, 0.19410839712539163, 0.17011499512049932, 0.16617636960961552, 0.16549431097780748, 0.16400869490677825, 0.1591784542053571, 0.15855141353580987, 0.15774935528600248, 0.15713101367364746, 0.15641965675970446, 0.15562707648925722, 0.1538806119630843, 0.15387971407522866], "topic_strength": 32.97573921069208, "top_10_strength": 2.8664424267625472, "label": "Tool & Mcp"}, {"topic_id": 4, "top_words": ["bun", "type", "import", "biome", "package", "typescript", "commit", "error", "format", "packagejson", "export", "message", "dont", "api", "curl", "schema", "formatting", "adapter", "yarn", "interface"], "weights": [1.3682715249375101, 0.2208267134569014, 0.17554258783979665, 0.16989841009981563, 0.16858469564094616, 0.1446230413763264, 0.10556086335330228, 0.10285914939447807, 0.0975864194685326, 0.09616293871432857, 0.09144986824180805, 0.08941366475242578, 0.0841096678681018, 0.08316046913010604, 0.0826633109213886, 0.08056555321863207, 0.08019604523309468, 0.07985364542174801, 0.07664792462963856, 0.07625922052626445], "topic_strength": 13.217077939215024, "top_10_strength": 2.6499163442819382, "label": "Bun & Type"}], "file_type": "agents_md"}