{"timestamp": "2026-06-30T04:00:13.911257", "success": true, "message": "Analysis complete with 500 files", "files_collected": 500, "topics_discovered": 5, "topics_data": [{"topic_id": 0, "top_words": ["agent", "step", "project", "tool", "task", "run", "mcp", "phase", "bash", "workflow", "check", "test", "command", "issue", "code", "fix", "question", "session", "create", "review"], "weights": [0.6513737744063546, 0.6074884261759748, 0.3872477375578738, 0.37880668638846193, 0.37661373621160077, 0.3504715489525658, 0.34742341520403036, 0.3467670974239536, 0.297883096560324, 0.29667346143777973, 0.29104743823321894, 0.2873309800695485, 0.2727609319631815, 0.27098541012871935, 0.26160597917142664, 0.25377490625186977, 0.2452324836183815, 0.22909528980010826, 0.21341565138843757, 0.21203765197993138], "topic_strength": 51.394545607014365, "top_10_strength": 4.040748980318919, "label": "Project Structure"}, {"topic_id": 1, "top_words": ["und", "oder", "keine", "die", "der", "mit", "art", "live", "output", "text", "form", "plugins", "register", "person", "matrix", "plugin", "cause", "scope", "material", "pdf"], "weights": [1.6554135704989537, 0.7750441677140117, 0.32270418057725236, 0.30856385350592314, 0.3070926311295009, 0.1634607739375113, 0.1196540238173163, 0.10340806177684062, 0.04865907410062169, 0.033926507677718445, 0.03219474707554272, 0.030045828196816175, 0.029607920074902844, 0.023028889328228767, 0.017811419943727917, 0.016395912463262313, 0.0157102260147272, 0.014467299828879246, 0.014329866926616834, 0.013062888766462716], "topic_strength": 4.35671677340173, "top_10_strength": 3.8379268447356503, "label": "Und & Oder"}, {"topic_id": 2, "top_words": ["const", "await", "return", "string", "post", "typescript", "email", "api", "type", "async", "data", "plugin", "error", "json", "token", "var", "import", "export", "authorization", "javascript"], "weights": [0.6685437622837596, 0.44898765098619037, 0.30748265412610915, 0.29669458989778436, 0.27984573482911895, 0.2500592961121109, 0.24569200015741968, 0.24069945462109474, 0.20059666655861827, 0.1952812868434242, 0.19335674612106835, 0.18585244885262306, 0.17686803733012915, 0.1722263082594603, 0.17192941412503057, 0.17042608913318844, 0.1589456557086317, 0.15662816197674792, 0.15070348623397362, 0.15052776413907407], "topic_strength": 26.659577207608326, "top_10_strength": 3.13388309641563, "label": "Const & Await"}, {"topic_id": 3, "top_words": ["color", "page", "cs", "component", "text", "button", "accessibility", "contrast", "card", "design", "state", "div", "html", "light", "animation", "image", "font", "label", "background", "focus"], "weights": [0.324370117138349, 0.2947296042010572, 0.26367417871180404, 0.26117403644818293, 0.24935588701245687, 0.24867857563979592, 0.23844108938426914, 0.23491950305905315, 0.23399053897671981, 0.22388998898313356, 0.21271685920458233, 0.20937047204375173, 0.20924502087813357, 0.17988915277454967, 0.17961214339400042, 0.17627153259887254, 0.17419455661797614, 0.17307079545600834, 0.16668795675610165, 0.15588669662034027], "topic_strength": 24.033776177962533, "top_10_strength": 2.5732235195548214, "label": "Color & Page"}, {"topic_id": 4, "top_words": ["python", "import", "model", "str", "bash", "def", "json", "quantization", "output", "price", "result", "api", "class", "input", "install", "bit", "analysis", "int", "script", "llm"], "weights": [1.1681661102016538, 0.49478737583963445, 0.31069032760623166, 0.30265248479128204, 0.23284448804531954, 0.21744125158214875, 0.1763583490210718, 0.16910563921359664, 0.14346570889891788, 0.12587593663144386, 0.12451646265562588, 0.12058384028876076, 0.12037833315403731, 0.11821263215708043, 0.1181331603884462, 0.11630574717766153, 0.11587102584153289, 0.11581415341699265, 0.10743710168841869, 0.10716888800945322], "topic_strength": 16.7883480652953, "top_10_strength": 3.3413876718313005, "label": "Python & Import"}], "file_type": "skill_md"}