{"timestamp": "2026-06-22T03:13:28.127358", "success": true, "message": "Analysis complete with 500 files", "files_collected": 500, "topics_discovered": 5, "topics_data": [{"topic_id": 0, "top_words": ["task", "rule", "change", "phase", "user", "plan", "read", "work", "issue", "dont", "agent", "tool", "fix", "write", "step", "new", "add", "context", "git", "instruction"], "weights": [0.5485369103717831, 0.4605235809113767, 0.43367971084530693, 0.40945360179828166, 0.3707282225250953, 0.34082553268105875, 0.3392152531941981, 0.2843599941876672, 0.27410374310804453, 0.263533259537394, 0.26176556829077186, 0.26120555410077906, 0.25412016390864206, 0.2526996020163283, 0.2475434271641191, 0.23443811416276344, 0.23339064421636127, 0.23265529918692585, 0.225350448476465, 0.2173345247995583], "topic_strength": 47.038545989274944, "top_10_strength": 3.724959809160207, "label": "User Interface"}, {"topic_id": 1, "top_words": ["skill", "agent", "plugin", "skillmd", "frontmatter", "mcp", "context", "description", "repo", "tool", "marketplace", "markdown", "model", "hook", "que", "doc", "issue", "script", "para", "yaml"], "weights": [1.5349735280132997, 0.578892643818576, 0.354096378091532, 0.2596524346345734, 0.21864579891688515, 0.18941494889659924, 0.18541101330547535, 0.17962676956174434, 0.17664551171251178, 0.16145479830784673, 0.15459889474687236, 0.13387765908833751, 0.12564882678499503, 0.12439603711659444, 0.11949193718655121, 0.10784900628252932, 0.10763305729980986, 0.10531499969839872, 0.10292154345175004, 0.1011814133129498], "topic_strength": 14.280154770129345, "top_10_strength": 3.8388138252590434, "label": "Skill & Agent"}, {"topic_id": 2, "top_words": ["npm", "component", "pnpm", "typescript", "api", "server", "frontend", "app", "react", "route", "page", "backend", "type", "import", "database", "dev", "service", "client", "const", "cs"], "weights": [0.6709557926232503, 0.5635475357769173, 0.38522604928988946, 0.38197394768882076, 0.3495913803304888, 0.3408618389717766, 0.32671772788749254, 0.30838093320573273, 0.2904047685161967, 0.27982915445993395, 0.27005556981522966, 0.26737720754269584, 0.26377280492910443, 0.26128405450196096, 0.2576621599526263, 0.2551606522730814, 0.24496956218078175, 0.23498382684441368, 0.23342956967661263, 0.213610107860319], "topic_strength": 41.89858043052682, "top_10_strength": 3.8974891287504985, "label": "Frontend Development"}, {"topic_id": 3, "top_words": ["python", "ratio", "tool", "json", "analysis", "budget", "pytest", "model", "format", "automation", "usage", "purpose", "mainpy", "flow", "fastapi", "feature", "calculation", "allocation", "total", "ruff"], "weights": [1.0080797178588283, 0.4679697705627091, 0.3776823814893074, 0.24685826313475856, 0.2434914786120959, 0.21714908126103974, 0.212514099830514, 0.20742588398473133, 0.19316656020493678, 0.1812665856640167, 0.17032691021307855, 0.15509055887016307, 0.15388085344112348, 0.15169922725606583, 0.14092054981955235, 0.13301511616103995, 0.12838478743763818, 0.12328332868676223, 0.11921306492854783, 0.11638906383444511], "topic_strength": 16.213146566063255, "top_10_strength": 3.355603822602938, "label": "Python & Ratio"}, {"topic_id": 4, "top_words": ["cargo", "release", "make", "rust", "version", "binary", "cli", "config", "plugin", "image", "docker", "configuration", "package", "repo", "install", "source", "tag", "script", "container", "repository"], "weights": [0.5879975256665697, 0.3131990288855426, 0.2494518510679954, 0.2443078405529087, 0.23436500065147095, 0.23337110155742707, 0.22414835449743215, 0.22092655468577363, 0.2180651753154925, 0.20344715856663478, 0.187961144614241, 0.16642470693272735, 0.1557734084094046, 0.15233800918635612, 0.15135451388020904, 0.1504918542552412, 0.14692981153119253, 0.14631341220490365, 0.14191310293669013, 0.13818059803375807], "topic_strength": 25.635688904310427, "top_10_strength": 2.7292795914472476, "label": "Cargo & Release"}], "file_type": "claude_md"}