{"timestamp": "2026-06-10T04:05:15.557567", "success": true, "message": "Analysis complete with 500 files", "files_collected": 500, "topics_discovered": 5, "topics_data": [{"topic_id": 0, "top_words": ["change", "npm", "command", "make", "commit", "rule", "git", "guideline", "new", "module", "doc", "add", "feature", "style", "check", "repository", "dependency", "update", "directory", "behavior"], "weights": [0.5812655294949971, 0.48263913644688305, 0.35524964094047506, 0.322598635509982, 0.32082583046242563, 0.3138738387589701, 0.295609137210146, 0.28845233587293495, 0.2820450277953595, 0.278106210162667, 0.275576943585127, 0.2753272870296937, 0.2602137790608885, 0.24936212406286376, 0.2488660916608618, 0.24415542997355047, 0.24336848000879913, 0.24325797186263817, 0.24308239778510016, 0.23916889645798906], "topic_strength": 55.20970876695826, "top_10_strength": 3.5206653226548412, "label": "Frontend Development"}, {"topic_id": 1, "top_words": ["pnpm", "component", "dev", "typescript", "vitest", "app", "package", "react", "tailwind", "server", "api", "page", "typecheck", "vite", "frontend", "cs", "lint", "prisma", "cloudflare", "type"], "weights": [1.5356852994251515, 0.2706490264927701, 0.23507363325193, 0.21151551612309905, 0.19871391854657186, 0.18248344861315213, 0.18000181869601292, 0.17332157106077617, 0.17289760798762563, 0.1659000117106827, 0.15401989745575667, 0.15045174777809525, 0.13729350894759174, 0.13117225621919096, 0.12686864854595042, 0.12542033932848828, 0.12371371763479143, 0.11672284151210005, 0.10801305291294158, 0.10403901370414759], "topic_strength": 16.664238799382137, "top_10_strength": 3.3262418519077723, "label": "Frontend Development"}, {"topic_id": 2, "top_words": ["tool", "mcp", "model", "server", "user", "string", "prompt", "description", "api", "type", "memory", "session", "context", "task", "llm", "service", "return", "execution", "error", "claude"], "weights": [0.8561412531397702, 0.40637101958921457, 0.3391985893899015, 0.28201712644864046, 0.27614686091226487, 0.27232081753108794, 0.23409367349762744, 0.21473174550759783, 0.2139369433389176, 0.20021507326834762, 0.1957747382547847, 0.19470781896297037, 0.18366848436392172, 0.18157060464253255, 0.1807095611697385, 0.1676552163279702, 0.16664823901102754, 0.15752258455753512, 0.15272307368419064, 0.14293265563047658], "topic_strength": 33.9907398122552, "top_10_strength": 3.29517310262337, "label": "User Interface"}, {"topic_id": 3, "top_words": ["skill", "pressure", "directory", "tdd", "scenario", "instruction", "green", "contains", "markdown", "red", "codex", "rule", "write", "workflow", "refactor", "phase", "testing", "new", "claude", "follow"], "weights": [1.5045104633146902, 0.3868819234907898, 0.27874941709775136, 0.2651529434019691, 0.24461429991259537, 0.1746783449275635, 0.15411489969942652, 0.15316592621855393, 0.1432628252834253, 0.1345924464462637, 0.1307649685694011, 0.12870377948937492, 0.12855036557784874, 0.12320155561460554, 0.11666454056945827, 0.10668622978200483, 0.10649655645087211, 0.10587500081800368, 0.10070898871564182, 0.0971203959589946], "topic_strength": 14.538472769032337, "top_10_strength": 3.439723489793028, "label": "File Management"}, {"topic_id": 4, "top_words": ["python", "import", "pytest", "client", "configuration", "class", "pydantic", "def", "await", "parameter", "str", "model", "llm", "setting", "type", "package", "training", "chat", "inference", "api"], "weights": [0.9057230312142152, 0.7443471857039962, 0.3267149370933472, 0.3097430353976574, 0.30055301362868103, 0.2986740008257702, 0.28951113890001334, 0.2860304972592604, 0.27443375977284346, 0.2641843785824336, 0.25597921590369654, 0.23599222752267104, 0.23143596134279296, 0.22925759116085767, 0.21893574765061075, 0.2023140017809505, 0.19966660052215804, 0.19830787451076703, 0.19264650293812832, 0.19254324670183773], "topic_strength": 20.510225785093006, "top_10_strength": 3.999914978378218, "label": "Python & Import"}], "file_type": "agents_md"}