{"timestamp": "2026-05-01T00:47:16.862265", "success": true, "message": "Analysis complete with 500 files", "files_collected": 500, "topics_discovered": 5, "topics_data": [{"topic_id": 0, "top_words": ["python", "model", "state", "text", "module", "template", "app", "script", "service", "game", "image", "content", "make", "config", "path", "output", "configuration", "support", "player", "event"], "weights": [0.486311035128547, 0.29941813646667287, 0.28732948072855297, 0.2706939366020705, 0.2530074520359705, 0.24856022905279523, 0.24025087495692998, 0.23864226008434442, 0.2340265812375019, 0.2322748294561383, 0.23182031019797542, 0.22477153597541036, 0.21925255755252718, 0.21711391838090946, 0.20231517650579672, 0.19993516917655207, 0.19667272356852564, 0.19422942796457254, 0.19263092907222584, 0.19087924212420507], "topic_strength": 53.956019560256294, "top_10_strength": 2.7905148157495234, "label": "Python & Model"}, {"topic_id": 1, "top_words": ["task", "change", "plan", "work", "rule", "read", "session", "implementation", "commit", "fix", "git", "phase", "dont", "review", "feature", "check", "ask", "update", "user", "new"], "weights": [0.4132742472353149, 0.3396908450885291, 0.3172433311433946, 0.2898607823184274, 0.2760380250323736, 0.25832464750877043, 0.25220085652716695, 0.2475645843803583, 0.24391375746828198, 0.24305504644230114, 0.2361291867992069, 0.21993862734771696, 0.20041304832995696, 0.19803293183768897, 0.19283764399662076, 0.19028458500363965, 0.1851638789760017, 0.18357808762683778, 0.1822607998095684, 0.18198724055649831], "topic_strength": 31.49969730761972, "top_10_strength": 2.8811661231449186, "label": "Task & Change"}, {"topic_id": 2, "top_words": ["node", "check", "python", "method", "ruff", "pytest", "depends", "package", "scan", "pull", "changing", "expected", "fixed", "linting", "committing", "short", "model", "coverage", "syntax", "added"], "weights": [1.2155351313981948, 0.32636609543648903, 0.27736921208475446, 0.2504034804396105, 0.24916541769906472, 0.23801137610615083, 0.22062377257560833, 0.1921606023683667, 0.18086290763443588, 0.17748297981146208, 0.17558831089892715, 0.17544785904377683, 0.1735948909096474, 0.1710891923410129, 0.16918545976864746, 0.16764676208406284, 0.16555578981474814, 0.16356961406592388, 0.15955240380743016, 0.1578820761499048], "topic_strength": 12.783584718255398, "top_10_strength": 3.327980975554137, "label": "Node & Check"}, {"topic_id": 3, "top_words": ["npm", "component", "api", "react", "typescript", "backend", "frontend", "server", "hook", "route", "dev", "pnpm", "page", "nextjs", "supabase", "client", "app", "query", "vite", "auth"], "weights": [0.9088682443792906, 0.6227360792461073, 0.5346996126983241, 0.5066158397541153, 0.4643755847134937, 0.40709609012651926, 0.37310102270265344, 0.3042742642991481, 0.2741061785064559, 0.2734155710040897, 0.2721188733639425, 0.2531369813406151, 0.2467840103873339, 0.23241639144065748, 0.23042392127115982, 0.21976123252776947, 0.2048340701595056, 0.2012853551855149, 0.20014898200320194, 0.19646206128659588], "topic_strength": 33.19916898266439, "top_10_strength": 4.6692884874301965, "label": "Frontend Development"}, {"topic_id": 4, "top_words": ["agent", "agentsmd", "mcp", "tool", "skill", "context", "json", "spec", "llm", "task", "server", "model", "conversation", "session", "cli", "hook", "team", "anthropic", "python", "instruction"], "weights": [1.0386823907076577, 0.4836285544096705, 0.4337173359328518, 0.30197397237073786, 0.29625708572434695, 0.19359546149650395, 0.14627304976342523, 0.13916119455067974, 0.13222424921499756, 0.1315101753006823, 0.12983995091101327, 0.12915307336697773, 0.12687428665318168, 0.12328878774895836, 0.11290767627319906, 0.10530795770425899, 0.10396784935687853, 0.10189630198777558, 0.09932064153060365, 0.09872485486535391], "topic_strength": 13.791060749760941, "top_10_strength": 3.2970234694715534, "label": "Agent & Agentsmd"}]}