{"timestamp": "2026-04-05T00:43:56.621101", "success": true, "message": "Analysis complete with 500 files", "files_collected": 500, "topics_discovered": 5, "topics_data": [{"topic_id": 0, "top_words": ["agent", "task", "tool", "read", "skill", "user", "change", "step", "context", "work", "git", "commit", "instruction", "rule", "implementation", "error", "session", "mcp", "make", "documentation"], "weights": [0.6235358142878927, 0.5568736842646088, 0.42032161852465616, 0.37788843434695, 0.36474882303465644, 0.33705624586246713, 0.32196230149874233, 0.3051340277880438, 0.2770779924172275, 0.2754138319408157, 0.2736012053843897, 0.27349345937659536, 0.248605428159491, 0.23114802513645655, 0.22823239764576814, 0.2254842091023986, 0.22514099662721657, 0.22480860871855113, 0.22291764252569746, 0.22174101804854487], "topic_strength": 50.042836209475375, "top_10_strength": 3.860012773966061, "label": "Agent & Task"}, {"topic_id": 1, "top_words": ["npm", "api", "typescript", "backend", "react", "frontend", "component", "database", "server", "app", "dev", "import", "service", "route", "type", "development", "port", "production", "docker", "prisma"], "weights": [0.8255210614710601, 0.37329819511473855, 0.3304169672331903, 0.3273658679947308, 0.32573310064596683, 0.32224138101087996, 0.31138601283171335, 0.3065445676455935, 0.24841416940973485, 0.23959177091130834, 0.21518160679381074, 0.2122492744651713, 0.21121886945442486, 0.20589201966688492, 0.19774644167724828, 0.1974397040892535, 0.19423044749049423, 0.18908444083572376, 0.18596728532716444, 0.17490332877874606], "topic_strength": 27.992033529442566, "top_10_strength": 3.6105130942689163, "label": "Frontend Development"}, {"topic_id": 2, "top_words": ["python", "bash", "script", "api", "config", "def", "llm", "prompt", "tool", "output", "default", "str", "install", "import", "environment", "template", "env", "configuration", "service", "return"], "weights": [1.1682394975812511, 0.27131378626924746, 0.21799951101597698, 0.20742766817473132, 0.18977155048473401, 0.16748473360876734, 0.14433050543888234, 0.14063329717314263, 0.1383373397660149, 0.13695885885960554, 0.13175837244067493, 0.13014861711181028, 0.12346532291725143, 0.11899877635336431, 0.11507213012213094, 0.11280963606574644, 0.11219059895736297, 0.11015589183457933, 0.10904735869796359, 0.10822383832326793], "topic_strength": 19.677337757359076, "top_10_strength": 2.782496748372354, "label": "Data & APIs"}, {"topic_id": 3, "top_words": ["pnpm", "nextjs", "lint", "typescript", "dev", "router", "bun", "component", "package", "react", "eslint", "issue", "tailwind", "cs", "typecheck", "doc", "hook", "check", "api", "zod"], "weights": [1.340669496361183, 0.19482850924134354, 0.18900002807160599, 0.17973128773780286, 0.16950528163393058, 0.1510438733334364, 0.13910050121250725, 0.13424455156007015, 0.1331268583271831, 0.12085001096828038, 0.11543874486443405, 0.11297640076612439, 0.1102122459425527, 0.10017689257776793, 0.09879340479854093, 0.09815146635116416, 0.09555546006124202, 0.09302067803548136, 0.09081878526022891, 0.09034422024625041], "topic_strength": 12.474576655314321, "top_10_strength": 2.7521003984473427, "label": "Frontend Development"}, {"topic_id": 4, "top_words": ["page", "content", "post", "game", "site", "component", "image", "color", "blog", "title", "static", "theme", "data", "tag", "cs", "search", "html", "link", "github", "date"], "weights": [0.37265385492499903, 0.36044888275032505, 0.2947953743032281, 0.25773671486934835, 0.25623312403448395, 0.23794443115009317, 0.22217177999969792, 0.20888619687198462, 0.19952342527075462, 0.19321861411959065, 0.1856937927703733, 0.1850303772977181, 0.1826352419053142, 0.18261490755593227, 0.18238068906135177, 0.1613501566541481, 0.15922506201536987, 0.1526168110611654, 0.15142913382885306, 0.15009018848301994], "topic_strength": 28.423437840909948, "top_10_strength": 2.6036123982945054, "label": "Page & Content"}]}