{"timestamp": "2026-07-22T03:54:55.766590", "success": true, "message": "Analysis complete with 500 files", "files_collected": 500, "topics_discovered": 5, "topics_data": [{"topic_id": 0, "top_words": ["change", "task", "git", "commit", "user", "rule", "phase", "dont", "new", "work", "add", "fix", "step", "feature", "plan", "update", "write", "read", "check", "line"], "weights": [0.5099486518587738, 0.40496704894479646, 0.37484119346403627, 0.3355723697242309, 0.3291928608368998, 0.3025620557608697, 0.29051197543678625, 0.2864130383425693, 0.2802552893198257, 0.28004175699473544, 0.26804715480589875, 0.2529128021577083, 0.25093991502965357, 0.24720349249375223, 0.2466066598152391, 0.2443538883840698, 0.24318449240645654, 0.24273223884863326, 0.23851418664399898, 0.23346033347476042], "topic_strength": 47.1064767702626, "top_10_strength": 3.394306240683524, "label": "User Interface"}, {"topic_id": 1, "top_words": ["agentsmd", "read", "require", "rule", "para", "guidance", "convention", "documentation", "primary", "detailed", "context", "spec", "note", "exec", "contract", "confidence", "root", "workflow", "que", "adapter"], "weights": [2.105386136183274, 0.061600749269177066, 0.055225822098171506, 0.04584030524554685, 0.04492508828646628, 0.04275575393286809, 0.038806977049282626, 0.038300495200113104, 0.03641286951591329, 0.03540257545680565, 0.03286091072631237, 0.029141151082081006, 0.024687019885223687, 0.02405585981096348, 0.024035347320911234, 0.02371861810349572, 0.023017923275828606, 0.02274105946419045, 0.022192664806990597, 0.021656506476314657], "topic_strength": 3.622019722400121, "top_10_strength": 2.5046567722376185, "label": "Agentsmd & Read"}, {"topic_id": 2, "top_words": ["npm", "component", "pnpm", "react", "typescript", "api", "page", "server", "cs", "dev", "supabase", "type", "eslint", "const", "hook", "frontend", "app", "token", "route", "import"], "weights": [0.6846900899938306, 0.527127358063501, 0.3776286067112336, 0.3122821247143638, 0.3054589250514513, 0.3015053342436806, 0.2967398943922014, 0.27981745372214256, 0.25342960582138374, 0.2263150717059596, 0.22411624561371998, 0.19950347796631723, 0.1833650272648723, 0.18163550678321844, 0.1812331077896924, 0.18060026537107732, 0.17825027101908536, 0.17715893085418088, 0.1744003313276895, 0.17289324417711602], "topic_strength": 30.52192427761955, "top_10_strength": 3.5649944644197475, "label": "Frontend Development"}, {"topic_id": 3, "top_words": ["python", "model", "bash", "api", "pytest", "docker", "data", "backend", "service", "module", "port", "window", "install", "llm", "pattern", "frontend", "config", "repository", "command", "analysis"], "weights": [0.48612824733986976, 0.3532266755699972, 0.2613589677538643, 0.24871150469726536, 0.2367479430934048, 0.23127715167110596, 0.22597656737333635, 0.20892664999348554, 0.20732393028702992, 0.19880847399762439, 0.1944071081094179, 0.16841977942928052, 0.16687587486358116, 0.16590395561804658, 0.16468173701432873, 0.1642723912414154, 0.16344927739722442, 0.1595488310702387, 0.159174501949845, 0.15914943184154554], "topic_strength": 34.23197022631646, "top_10_strength": 2.6584861117769836, "label": "Data & APIs"}, {"topic_id": 4, "top_words": ["agent", "skill", "tool", "instruction", "session", "task", "mcp", "issue", "context", "work", "repo", "workflow", "memory", "prompt", "bash", "description", "frontmatter", "hook", "script", "action"], "weights": [0.9394342188027608, 0.841220945894687, 0.29044295217317406, 0.18428378806483084, 0.1816056956715735, 0.1652359608401626, 0.1636515534710823, 0.1538263799830187, 0.15179547793888135, 0.1301252519271869, 0.1258522515103664, 0.12197727349765981, 0.11987338032454428, 0.11790475336759407, 0.11260237453736788, 0.10589477403121132, 0.10589029931483049, 0.10051137739455906, 0.0989341562206582, 0.09823560276533684], "topic_strength": 15.991065152573753, "top_10_strength": 3.2016222247673576, "label": "Agent & Skill"}], "file_type": "claude_md"}