{"timestamp": "2026-05-29T03:51:09.818937", "success": true, "message": "Analysis complete with 500 files", "files_collected": 500, "topics_discovered": 5, "topics_data": [{"topic_id": 0, "top_words": ["api", "service", "component", "python", "data", "error", "state", "database", "server", "backend", "model", "token", "import", "user", "app", "post", "type", "frontend", "route", "configuration"], "weights": [0.5039470278340352, 0.36871557917284714, 0.36211595437331634, 0.34998706566726456, 0.32162301476558586, 0.29062753548044623, 0.2821383225725, 0.2762489277770216, 0.2669813853743785, 0.26459568270254846, 0.2632093491309731, 0.26209022997768877, 0.2592666584704232, 0.2564087929421895, 0.25229532837173596, 0.2514137850266267, 0.2500142581504375, 0.2422475281369501, 0.22982439654627193, 0.2290303224221481], "topic_strength": 52.85901274437556, "top_10_strength": 3.2869804957199444, "label": "Backend Services"}, {"topic_id": 1, "top_words": ["npm", "typescript", "dev", "component", "page", "react", "production", "cs", "server", "eslint", "nodejs", "start", "lint", "type", "vite", "package", "cloudflare", "npx", "vitest", "api"], "weights": [1.5560884498337346, 0.34543503378803736, 0.33275159208480576, 0.27663129980439993, 0.24030301195916598, 0.23255995218862813, 0.2220734624059896, 0.1916023157276673, 0.18947721679141166, 0.15520066296211105, 0.15448055383873477, 0.1539236088214287, 0.15298660739986533, 0.15072563462689192, 0.1425524344014187, 0.13645761536896134, 0.1326108733626811, 0.13211490593226594, 0.12863109815946094, 0.12848595092169954], "topic_strength": 18.184431012385357, "top_10_strength": 3.7421229975459513, "label": "Frontend Development"}, {"topic_id": 2, "top_words": ["pnpm", "package", "typescript", "dev", "router", "manager", "component", "app", "lint", "filter", "eslint", "cs", "vitest", "prettier", "react", "bun", "nextjs", "start", "note", "tailwind"], "weights": [1.5345705027122405, 0.24330384591505166, 0.16537423197813375, 0.16140723124263506, 0.14887839861978003, 0.1486966559302002, 0.13945579957919996, 0.1354244615621879, 0.13122010121875746, 0.1220759383418519, 0.11087112040164289, 0.10862783719301965, 0.10498405810223349, 0.10495624650862401, 0.10083778059540514, 0.09952894280583563, 0.09926488169482696, 0.09866277647110369, 0.09813671350200717, 0.09796069313760292], "topic_strength": 11.583586371352364, "top_10_strength": 2.9304071671000385, "label": "Frontend Development"}, {"topic_id": 3, "top_words": ["task", "agent", "read", "skill", "change", "tool", "session", "git", "rule", "work", "plan", "commit", "context", "step", "phase", "check", "user", "feature", "fix", "review"], "weights": [0.5222236066101711, 0.4727717412376453, 0.40903325247372146, 0.40728803554916887, 0.39618652119372366, 0.38051069980142704, 0.37873783356263063, 0.35950626467669183, 0.3507079059054666, 0.34056961770078475, 0.3321905868013116, 0.32392626292372856, 0.2792326873392493, 0.26044853229246967, 0.25674645027093995, 0.25371671621523806, 0.24626117620770407, 0.24145382407461433, 0.23599529355015256, 0.22478311885298466], "topic_strength": 50.582223393811915, "top_10_strength": 4.017535478711431, "label": "Task & Agent"}, {"topic_id": 4, "top_words": ["para", "que", "com", "testis", "vercel", "supabase", "arquivo", "null", "sql", "select", "google", "actual", "const", "git", "seo", "deploy", "api", "real", "cs", "base"], "weights": [1.2985744321785337, 0.45742249293857246, 0.3598647336445824, 0.2225049879030052, 0.2055496075616228, 0.19788215933504288, 0.1948931799066992, 0.19405143101394845, 0.1144142775851865, 0.10620776866822716, 0.09484260009215557, 0.09422415579426045, 0.092871189383322, 0.0914390949007504, 0.0907730843558418, 0.09075326743155385, 0.08305814880395994, 0.08249451392414273, 0.07994373350691553, 0.07950739032826598], "topic_strength": 9.71172383096002, "top_10_strength": 3.351365070735421, "label": "Para & Que"}], "file_type": "claude_md"}