{"timestamp": "2026-07-09T03:35:16.784605", "success": true, "message": "Analysis complete with 198 files", "files_collected": 198, "topics_discovered": 5, "topics_data": [{"topic_id": 0, "top_words": ["make", "git", "python", "doc", "commit", "tool", "work", "behavior", "update", "task", "new", "model", "bash", "documentation", "issue", "skill", "existing", "check", "user", "rule"], "weights": [0.30587845820880094, 0.27495200142304727, 0.27309443339877715, 0.2690376371555987, 0.2507028352933256, 0.24080269647169372, 0.23859928615823758, 0.23638485263900996, 0.22855146767152282, 0.22546883616081018, 0.22357612261425022, 0.220217456971629, 0.2192343029645772, 0.21745035725396095, 0.2075864806714701, 0.2054668946301413, 0.20485022577906042, 0.20345887039683364, 0.20272448354019956, 0.20026124259715558], "topic_strength": 49.54899125579364, "top_10_strength": 2.5434725045808237, "label": "Documentation"}, {"topic_id": 1, "top_words": ["differ", "writing", "nextjs", "know", "breaking", "apis", "read", "relevant", "guide", "version", "data", "convention", "structure", "exact", "changed", "doc", "npx", "number", "llm", "rule"], "weights": [0.7379898526415899, 0.6860906336457965, 0.6401493604454902, 0.6324869334473858, 0.6161347895060179, 0.5784855399597073, 0.5515001233773474, 0.49839204780894214, 0.4862665778707443, 0.4297631425491416, 0.4065071846233486, 0.3714189957015124, 0.3543772900363617, 0.18117085237080943, 0.16406227331926998, 0.12808721435062592, 0.09065506664239015, 0.06415117814093747, 0.06117644724354659, 0.04437966697226191], "topic_strength": 9.987678625278757, "top_10_strength": 5.857259001252165, "label": "Differ & Writing"}, {"topic_id": 2, "top_words": ["const", "import", "return", "function", "await", "string", "tsx", "typescript", "div", "data", "component", "export", "impact", "async", "incorrect", "number", "item", "value", "event", "state"], "weights": [0.9076824116149536, 0.4632267791680235, 0.37667928107016907, 0.35794323061770145, 0.3150875319612955, 0.2490273363755237, 0.21556526341163593, 0.20638171298484645, 0.19358513687706588, 0.17889988879084884, 0.14828351390423905, 0.14307740347175577, 0.14283483812959352, 0.1417151151211015, 0.1412582178702095, 0.14030675111965574, 0.13167510207112915, 0.12802519864775752, 0.12613188790459948, 0.12424887217768789], "topic_strength": 22.693951435036887, "top_10_strength": 3.464078572872064, "label": "Code Guidelines"}, {"topic_id": 3, "top_words": ["pnpm", "cargo", "backend", "lint", "frontend", "post", "component", "shared", "render", "extension", "server", "page", "web", "type", "workspace", "package", "unit", "dev", "typescript", "rust"], "weights": [1.1824846951400756, 0.21282505066900742, 0.14781952250367375, 0.1386116617187482, 0.12588270081586078, 0.12039071576232765, 0.11678478933492159, 0.11108940695730342, 0.10770173526801127, 0.10047296001112146, 0.09529754617387017, 0.09064951357477256, 0.087104772658575, 0.08311693782091731, 0.08175359176611156, 0.07571094819527761, 0.07343317062048192, 0.07232859723569238, 0.07221988585946537, 0.0721787991770071], "topic_strength": 9.083575966813687, "top_10_strength": 2.3640632381810516, "label": "Frontend Development"}, {"topic_id": 4, "top_words": ["npm", "bun", "typescript", "type", "cli", "lint", "electron", "import", "vitest", "dev", "hook", "react", "export", "typecheck", "bash", "component", "engine", "npx", "plugin", "eslint"], "weights": [0.7303947824795582, 0.5608261203631537, 0.20739128853886918, 0.1730165891870823, 0.15211364494589072, 0.149840013769538, 0.1417459749988141, 0.1317770700512982, 0.12931606305935292, 0.1232415232340795, 0.12013299540178023, 0.11757521899474223, 0.11437460092642804, 0.10959431566511593, 0.10800506304594581, 0.10374642526560515, 0.10339652663255125, 0.10288309481628213, 0.10258699208052316, 0.10247397286006785], "topic_strength": 17.00277705983773, "top_10_strength": 2.4996630706276366, "label": "Frontend Development"}], "file_type": "agents_md"}