{"timestamp": "2026-06-20T03:54:54.943609", "success": true, "message": "Analysis complete with 500 files", "files_collected": 500, "topics_discovered": 5, "topics_data": [{"topic_id": 0, "top_words": ["build", "package", "project", "make", "pnpm", "command", "type", "update", "behavior", "documentation", "module", "commit", "new", "dependency", "feature", "repository", "bash", "doc", "issue", "prefer"], "weights": [0.4635124272308358, 0.3984145011891283, 0.3866059031106584, 0.37571195615450526, 0.3385493352472601, 0.3241724012383104, 0.30766740784313135, 0.2954758840582471, 0.29042391140952706, 0.285932104727059, 0.2796602076365747, 0.27712282343152184, 0.27470681667925195, 0.27382402949923906, 0.2722937103164843, 0.2677817558481165, 0.26590037396287886, 0.2610721447242231, 0.25769024533564977, 0.2564508202788321], "topic_strength": 53.379422719243124, "top_10_strength": 3.466465832208663, "label": "Project Structure"}, {"topic_id": 1, "top_words": ["skill", "directory", "skillmd", "para", "task", "pressure", "memory", "report", "markdown", "reference", "work", "scenario", "review", "npx", "delegate", "folder", "need", "tdd", "design", "user"], "weights": [1.4739212515760862, 0.2608034134539071, 0.2447891393929772, 0.23454010880195947, 0.20148146260227956, 0.19735709846184477, 0.17325140693574947, 0.16292190724739847, 0.14608388049340273, 0.1312326373469309, 0.12958967750583827, 0.12909557825437007, 0.12249440785164468, 0.11657691803123059, 0.1133034908826154, 0.10719494591059253, 0.10512957253651985, 0.10398982849312434, 0.10183644581321473, 0.10176152271359429], "topic_strength": 17.798645407839693, "top_10_strength": 3.2263823063125354, "label": "File Management"}, {"topic_id": 2, "top_words": ["npm", "typescript", "react", "build", "dev", "component", "lint", "route", "import", "api", "server", "npx", "tailwind", "app", "game", "php", "bash", "frontend", "hook", "cs"], "weights": [1.528548482355807, 0.287702942471503, 0.258361422904218, 0.2523337705179392, 0.2505270987074009, 0.24135173589416464, 0.21845969346166938, 0.2166421954126765, 0.20275942172636993, 0.19359512699760892, 0.19228777970064792, 0.1879547068581562, 0.16114677839956748, 0.15881714381546527, 0.15018844656381913, 0.14923542880086008, 0.13992722898580517, 0.13763402060462193, 0.13618795702454692, 0.13482401796446677], "topic_strength": 17.279268323084622, "top_10_strength": 3.6502818904493575, "label": "Frontend Development"}, {"topic_id": 3, "top_words": ["tool", "return", "mcp", "model", "import", "llm", "user", "execution", "const", "function", "python", "string", "prompt", "str", "error", "json", "api", "task", "result", "cli"], "weights": [0.8301134236341645, 0.4231495179325574, 0.35794265748252785, 0.33365331881503146, 0.3138640037094696, 0.2651931728631753, 0.25720887561871336, 0.2327557611902593, 0.2312513142128921, 0.22530673949702, 0.2204863517111491, 0.2122400273961537, 0.19576188382340404, 0.1943027609307484, 0.18984512690497699, 0.18682980806919838, 0.1846181394124045, 0.18162232534257924, 0.17853447541451012, 0.17510670555249905], "topic_strength": 39.98874811609113, "top_10_strength": 3.4704387849558107, "label": "Tool & Return"}, {"topic_id": 4, "top_words": ["nextjs", "writing", "apis", "breaking", "know", "guide", "relevant", "read", "version", "data", "structure", "convention", "changed", "exact", "doc", "guidance", "public", "agentsmd", "julia", "human"], "weights": [0.5785834905012961, 0.5145246505702781, 0.4938861405725471, 0.49386832290591065, 0.47960952391951656, 0.4034247017280974, 0.401241900857174, 0.3980350986125395, 0.379346136182038, 0.3033417864982266, 0.30217929395245896, 0.3008385395341786, 0.09055166145350667, 0.07941086881781247, 0.07528278260027435, 0.071590474904385, 0.062192801559579416, 0.05909535512440203, 0.03886503794914276, 0.03494362658301157], "topic_strength": 8.291670032731517, "top_10_strength": 4.445861752347623, "label": "Nextjs & Writing"}], "file_type": "agents_md"}