{"timestamp": "2026-06-24T03:42:49.005339", "success": true, "message": "Analysis complete with 500 files", "files_collected": 500, "topics_discovered": 5, "topics_data": [{"topic_id": 0, "top_words": ["step", "project", "test", "phase", "issue", "task", "check", "workflow", "run", "fix", "pattern", "review", "code", "output", "question", "change", "context", "report", "git", "example"], "weights": [0.588311267490461, 0.415888430723908, 0.41221859632735675, 0.3632994097767961, 0.3402397803016229, 0.31781523006595447, 0.30820828217826374, 0.3035089952774048, 0.30023591767782665, 0.30015799257731746, 0.27157658904197274, 0.26967477625345637, 0.26624191653034834, 0.22332185393485116, 0.21921103809368975, 0.21856760109312548, 0.21676126232374854, 0.21450946862956122, 0.2138584815333502, 0.2133822520628234], "topic_strength": 52.67782084996042, "top_10_strength": 3.6498839023969127, "label": "Project Structure"}, {"topic_id": 1, "top_words": ["und", "oder", "der", "keine", "die", "welche", "prfen", "bei", "ist", "bgb", "nur", "eine", "al", "wenn", "nicht", "zpo", "mit", "au", "art", "live"], "weights": [1.513563842475148, 0.6856769210253985, 0.32827802808232903, 0.3001017171306767, 0.28159968925410606, 0.27574370234453666, 0.25983564519904195, 0.2509223793230917, 0.24056498498776388, 0.22479591448318273, 0.2193167745448806, 0.21313436591883808, 0.19940844066676125, 0.19823855109529348, 0.19483998621978071, 0.17700659260054588, 0.16928439746156165, 0.16190032423541012, 0.13608136608967644, 0.07587677404724086], "topic_strength": 6.743132481425768, "top_10_strength": 4.361082824305275, "label": "Und & Oder"}, {"topic_id": 2, "top_words": ["const", "string", "page", "color", "await", "return", "div", "button", "component", "type", "function", "typescript", "cs", "text", "state", "javascript", "data", "card", "plugin", "font"], "weights": [0.5723739895088419, 0.3395580598962901, 0.2785732185258402, 0.27782501443584856, 0.26048057157231225, 0.24435103365728028, 0.24285346477536518, 0.24194931842859846, 0.23513894174752353, 0.2334055147638157, 0.22918152039514972, 0.2200954453639359, 0.2165302587419908, 0.2162192001732857, 0.1880060802161183, 0.17869580466948515, 0.17716091706482284, 0.17449006641367376, 0.17040324254997125, 0.16976055947782082], "topic_strength": 31.128609381233694, "top_10_strength": 2.9265091273117165, "label": "Const & String"}, {"topic_id": 3, "top_words": ["python", "import", "model", "str", "def", "bash", "image", "api", "quantization", "json", "await", "async", "video", "int", "llm", "cli", "result", "install", "bit", "url"], "weights": [1.1179385655351182, 0.5581289273257373, 0.38676450918333505, 0.3179611795689119, 0.2732449095969786, 0.20293616124254557, 0.19777531774041368, 0.18809010419767339, 0.18598334369242073, 0.17356400025176255, 0.1642658099803355, 0.15469749124646548, 0.15237286247331297, 0.15076154784726942, 0.14181087105449366, 0.13544128047244564, 0.13515965345165504, 0.1321057316176871, 0.1290679171241856, 0.12785014950388165], "topic_strength": 18.447093522220303, "top_10_strength": 3.6023870183348965, "label": "Python & Import"}, {"topic_id": 4, "top_words": ["agent", "token", "bash", "ngrok", "prompt", "post", "remote", "curl", "browser", "mcp", "run", "json", "local", "openclaw", "tool", "session", "instruction", "claude", "codex", "url"], "weights": [1.2105087642369914, 0.34738107067093255, 0.33171827163268863, 0.2977126035749989, 0.2700811628473907, 0.26850338259341955, 0.23987878323902093, 0.22495931589211351, 0.22458377864767015, 0.22333223476362365, 0.21507817159989595, 0.19542034406244352, 0.19175021133727516, 0.1915318204563332, 0.18968087750406812, 0.18060484271555996, 0.17249700501672818, 0.17165838226212904, 0.15928816729826054, 0.15921001969455245], "topic_strength": 21.168652585978297, "top_10_strength": 3.63865936809885, "label": "Agent & Token"}], "file_type": "skill_md"}