{"timestamp": "2026-04-22T00:02:27.889820", "success": true, "message": "Analysis complete with 500 files", "files_collected": 500, "topics_discovered": 5, "topics_data": [{"topic_id": 0, "top_words": ["python", "model", "service", "data", "database", "error", "configuration", "make", "cargo", "check", "integration", "async", "backend", "event", "function", "development", "return", "dependency", "pattern", "frontend"], "weights": [0.5093837588456166, 0.4256978071359316, 0.3644359232526146, 0.34098583857879233, 0.3228583425056664, 0.3143805379230446, 0.29088398038613544, 0.2725923440673943, 0.25874803593312595, 0.24376205613009785, 0.23986831148185062, 0.2336717170254925, 0.2279135049784296, 0.2248979512084362, 0.22114332210017984, 0.22038445860331535, 0.2176361695389746, 0.21498050831573337, 0.21130790544091277, 0.20857410076097874], "topic_strength": 50.74656645239649, "top_10_strength": 3.3437286247584197, "label": "Data & APIs"}, {"topic_id": 1, "top_words": ["npm", "typescript", "docker", "dev", "prisma", "vitest", "lint", "react", "npx", "backend", "frontend", "server", "eslint", "development", "database", "component", "cloudflare", "start", "prettier", "production"], "weights": [1.4371676531096, 0.31881621008615096, 0.28508354545091374, 0.23858079011560357, 0.21648160466250654, 0.20492550290689665, 0.19440863416505297, 0.18806676684369314, 0.18361764799055905, 0.17914392622032435, 0.17393565512914344, 0.17298942756779145, 0.16893964225344352, 0.16551626135775727, 0.16082046382400958, 0.15013233280776578, 0.14102181585177076, 0.14017017926307682, 0.1359555294745211, 0.13568031657091567], "topic_strength": 15.570659915760883, "top_10_strength": 3.446292281551301, "label": "Frontend Development"}, {"topic_id": 2, "top_words": ["agentsmd", "instruction", "important", "pnpm", "repository", "development", "follow", "training", "skillmd", "rust", "mandatory", "distributed", "download", "override", "copy", "want", "claim", "standalone", "contains", "mcp"], "weights": [1.8212700986447332, 0.1376938911393413, 0.08558775289463655, 0.07709774243167611, 0.045903915521049575, 0.04167279307307117, 0.03279580310335961, 0.03013256148487712, 0.02942504649900191, 0.029319616527335366, 0.028496190576381048, 0.02618414884877933, 0.02525892625825939, 0.023899160875448903, 0.023485004869555876, 0.023176314188078643, 0.022631159835218524, 0.021704657917058667, 0.02162640368883576, 0.020912418502243926], "topic_strength": 3.529096760250624, "top_10_strength": 2.3308992213190822, "label": "Project Structure"}, {"topic_id": 3, "top_words": ["component", "pnpm", "page", "react", "cs", "animation", "content", "hook", "theme", "state", "tailwind", "site", "section", "custom", "typescript", "blog", "card", "layout", "image", "icon"], "weights": [0.6669457935965407, 0.5109290545208255, 0.42504718879689113, 0.3213435691884359, 0.3144085772837385, 0.23681528264719912, 0.23470155867308462, 0.2247952349634359, 0.22476368923980727, 0.21397695524809546, 0.2128379113340654, 0.21144173438900943, 0.19882537662877103, 0.19689022877998288, 0.1933467479500139, 0.18967820761011653, 0.1746751440470279, 0.17354691226742652, 0.16977732025211953, 0.1654770942864421], "topic_strength": 27.331011444807807, "top_10_strength": 3.373726904158054, "label": "Frontend Development"}, {"topic_id": 4, "top_words": ["agent", "skill", "git", "task", "change", "session", "plan", "read", "tool", "user", "work", "context", "doc", "commit", "workflow", "review", "step", "instruction", "phase", "template"], "weights": [0.4750067721958485, 0.4025507121591473, 0.3898501068880593, 0.36714081747286514, 0.33142375157427506, 0.310672010960872, 0.26797677861181574, 0.26148620067667827, 0.2520824576056373, 0.2505062398061391, 0.23628327949190003, 0.2196943070260393, 0.2130867777636392, 0.20716077295918664, 0.20098243649607295, 0.19982340470820603, 0.19952934766041489, 0.19836002111227466, 0.19047667899986712, 0.187907496739563], "topic_strength": 38.158174628804325, "top_10_strength": 3.3086958479513378, "label": "Agent & Skill"}]}