{"timestamp": "2026-07-08T03:23:01.807562", "success": true, "message": "Analysis complete with 500 files", "files_collected": 500, "topics_discovered": 5, "topics_data": [{"topic_id": 0, "top_words": ["skill", "change", "python", "project", "tool", "task", "source", "doc", "build", "command", "new", "workflow", "rule", "make", "model", "documentation", "git", "check", "work", "user"], "weights": [0.4300255775717906, 0.42780476888983715, 0.4219591689114854, 0.3936063280764128, 0.3597855317270101, 0.3334294745213127, 0.28960033215555836, 0.28295696759505284, 0.2814888715132073, 0.2768339610201682, 0.27590864942590754, 0.2687183144053165, 0.26598722800604363, 0.2591431511704115, 0.2588410139207853, 0.2541950114942496, 0.2503793799686048, 0.24893879462561294, 0.2467526938563095, 0.24538807016440645], "topic_strength": 58.031389676533706, "top_10_strength": 3.4974909819818354, "label": "Project Structure"}, {"topic_id": 1, "top_words": ["differ", "nextjs", "breaking", "know", "writing", "apis", "relevant", "guide", "version", "read", "data", "convention", "structure", "change", "changed", "frontend", "bump", "exact", "admin", "information"], "weights": [0.664969551835257, 0.6191366887276213, 0.6174068744883744, 0.5922259098955548, 0.5436651875869735, 0.5126103347547911, 0.4791571896641437, 0.4574458875068373, 0.43227221204827837, 0.38865578505583737, 0.37755669246044116, 0.3604782317419762, 0.3396317500193614, 0.31369938348616017, 0.024166475992527994, 0.023122416605756445, 0.021841469171675055, 0.019410701611826564, 0.019176390130938855, 0.018653153453828335], "topic_strength": 8.037415417105407, "top_10_strength": 5.307545621563669, "label": "Differ & Nextjs"}, {"topic_id": 2, "top_words": ["const", "return", "function", "import", "await", "tsx", "typescript", "string", "type", "div", "impact", "error", "incorrect", "async", "correct", "user", "value", "data", "array", "state"], "weights": [0.8736971983279161, 0.4793369294067612, 0.4179966613308376, 0.32121852310490656, 0.29161094375360047, 0.27551766880612805, 0.24314891500442612, 0.23740949089523677, 0.23003089269951837, 0.21797563442683085, 0.20777088523598364, 0.2008497871328209, 0.1986795970095892, 0.1826723950531024, 0.18221377470169753, 0.16826801290591312, 0.15756802765175126, 0.1506349736111111, 0.13218540665004525, 0.12739062023099423], "topic_strength": 23.485031528347257, "top_10_strength": 3.5879428577561625, "label": "Code Guidelines"}, {"topic_id": 3, "top_words": ["pnpm", "package", "cargo", "workspace", "lint", "shared", "build", "type", "component", "typescript", "frontend", "import", "apps", "dev", "typecheck", "generated", "filter", "schema", "root", "rust"], "weights": [1.164383177070639, 0.4620616155177626, 0.238625095690985, 0.18919738661058363, 0.16130905511509172, 0.15981028264117103, 0.14601983984040298, 0.14462150974347718, 0.126938801809473, 0.12466936204300798, 0.11962796055338812, 0.1174162691063234, 0.11519553525435311, 0.1094195615595732, 0.10672120910614964, 0.10122837701259356, 0.09442844322795622, 0.09234554565855364, 0.08990763407841641, 0.08884946897305868], "topic_strength": 11.444082159393453, "top_10_strength": 2.917636126082594, "label": "Frontend Development"}, {"topic_id": 4, "top_words": ["npm", "bun", "api", "build", "app", "frontend", "dev", "route", "lint", "bash", "typescript", "component", "hook", "command", "service", "react", "vite", "local", "backend", "install"], "weights": [1.0485677818282646, 0.3872065495357678, 0.3670000728061743, 0.34275617407394937, 0.24766576800776133, 0.22432130941989586, 0.2189059969119957, 0.20881793685057065, 0.1907504271650084, 0.19021939283618863, 0.17434209867497888, 0.15463597250511402, 0.14637085860692475, 0.14294136741936186, 0.140074725197788, 0.13869406122818226, 0.13365773533290265, 0.13179040180339457, 0.13144759191562383, 0.1266255814374766], "topic_strength": 24.17447358172209, "top_10_strength": 3.4262114094355764, "label": "Frontend Development"}], "file_type": "agents_md"}