{"timestamp": "2026-07-21T03:45:49.035773", "success": true, "message": "Analysis complete with 500 files", "files_collected": 500, "topics_discovered": 5, "topics_data": [{"topic_id": 0, "top_words": ["tool", "model", "python", "make", "type", "new", "work", "task", "issue", "function", "error", "command", "add", "user", "check", "rule", "return", "default", "module", "data"], "weights": [0.5113358234223463, 0.32937640522836287, 0.32609537933006877, 0.31583943427871514, 0.29503130215092865, 0.2901914154592561, 0.28218693280803064, 0.274140713086699, 0.2697310501658359, 0.26946945542303197, 0.2653474971593551, 0.2641256545854083, 0.25623285260678724, 0.25560668070526193, 0.2550528360501705, 0.2524742894014652, 0.2455018912105591, 0.23303405470664673, 0.23244415712728936, 0.23241493962102205], "topic_strength": 66.83385305320965, "top_10_strength": 3.1633979113532757, "label": "Tool & Model"}, {"topic_id": 1, "top_words": ["npm", "component", "pnpm", "typescript", "react", "dev", "frontend", "import", "nextjs", "lint", "route", "hook", "eslint", "app", "vite", "tailwind", "npx", "server", "page", "backend"], "weights": [1.3068826225140922, 0.4399374482456925, 0.33236730581792856, 0.32341128430706373, 0.26429206609124506, 0.24518966603937842, 0.24278917464917027, 0.23471302476999123, 0.21316845148504196, 0.20581097313344865, 0.19853418857920746, 0.19608516563427653, 0.1931585025368119, 0.1848407533077543, 0.17283050417692622, 0.16183232593184382, 0.16067778691168147, 0.1535273685097267, 0.15011379280772524, 0.1482106123681235], "topic_strength": 24.153721200126274, "top_10_strength": 3.808562017053052, "label": "Frontend Development"}, {"topic_id": 2, "top_words": ["readmemd", "guidance", "package", "swift", "documentation", "agentsmd", "manager", "general", "shared", "development", "target", "note", "architecture", "convention", "read", "release", "parent", "directory", "dependency", "pnpm"], "weights": [0.8382914631172338, 0.5099722769428103, 0.5075914139292759, 0.47689515421755413, 0.3833552385835338, 0.34883178710677515, 0.30558146184849183, 0.27615132471324955, 0.2592382428654355, 0.23108825018260606, 0.22878582772327027, 0.20910295237685436, 0.2074157325220893, 0.18835401060546023, 0.1755160223750157, 0.149742033052653, 0.13985711181301444, 0.12690854947480604, 0.12407954845964685, 0.12011680342879977], "topic_strength": 11.981477984635013, "top_10_strength": 4.136996613506966, "label": "Documentation"}, {"topic_id": 3, "top_words": ["skill", "para", "subagent", "claude", "user", "codex", "instruction", "pressure", "session", "frontmatter", "markdown", "tool", "available", "workflow", "cursor", "del", "read", "memory", "description", "review"], "weights": [1.605372845094252, 0.20569014500098726, 0.15225901267158848, 0.14267998289195272, 0.14086142604276, 0.1403306001429771, 0.1380352053838509, 0.13752059008757134, 0.1353086433130932, 0.13178640190363825, 0.12187638807853766, 0.11671114207438857, 0.11635704925492586, 0.11584458832759154, 0.11455074058229188, 0.1145139814692818, 0.11443802196346017, 0.11411453953712769, 0.11027435360855974, 0.104630733842816], "topic_strength": 16.45240953633628, "top_10_strength": 2.929844852532671, "label": "AI Assistant Configuration"}, {"topic_id": 4, "top_words": ["bun", "commit", "doc", "install", "typescript", "package", "api", "command", "dont", "mcp", "type", "fix", "release", "feat", "cli", "commits", "conventional", "behavior", "request", "mode"], "weights": [1.485855814183499, 0.14430358515946004, 0.13361209954183303, 0.1280282279959916, 0.12595563751916078, 0.12270160676460153, 0.1200693086058388, 0.11002205922045552, 0.10604630910127387, 0.10591782719448627, 0.10568083993977279, 0.10402276024579082, 0.09268117015430177, 0.09193066449672711, 0.0882220206386585, 0.08745571255013637, 0.07588549420277528, 0.07413917632853581, 0.07398014266991756, 0.07276207458667437], "topic_strength": 13.339530932455338, "top_10_strength": 2.5825124752866, "label": "Frontend Development"}], "file_type": "agents_md"}