{"timestamp": "2026-05-05T00:04:09.489530", "success": true, "message": "Analysis complete with 500 files", "files_collected": 500, "topics_discovered": 5, "topics_data": [{"topic_id": 0, "top_words": ["data", "service", "error", "model", "string", "api", "user", "return", "type", "database", "const", "response", "domain", "client", "layer", "state", "import", "event", "route", "request"], "weights": [0.4756024170933717, 0.46510350453119914, 0.4306629579832778, 0.39421873488900677, 0.3482676360103756, 0.32859731793934494, 0.3216463751309622, 0.30751922176443186, 0.2876981813814989, 0.2778969482018489, 0.2646659763459806, 0.25501203083178964, 0.2533429660666495, 0.2371419269321041, 0.23044186906950634, 0.21488951208691676, 0.21187537442389892, 0.211050037586982, 0.20997224932343242, 0.2068143290851242], "topic_strength": 48.33806256100553, "top_10_strength": 3.6372132949253175, "label": "Data & APIs"}, {"topic_id": 1, "top_words": ["npm", "component", "pnpm", "react", "typescript", "nextjs", "cs", "page", "dev", "tailwind", "app", "frontend", "development", "server", "api", "hook", "production", "eslint", "start", "lint"], "weights": [0.7893760994285317, 0.5697146979727084, 0.47293092486541527, 0.4161678729577053, 0.4099564690517954, 0.3026748163257775, 0.2900769654625629, 0.2748828928438444, 0.2681894485010144, 0.26173085586134476, 0.24725516785137455, 0.21869243358035054, 0.21125909589890707, 0.20057743001821238, 0.19919146386004016, 0.19781688014111587, 0.19022563096216205, 0.1864128832193991, 0.18163147273025307, 0.17928205873141587], "topic_strength": 25.146418679921965, "top_10_strength": 4.0557010432707, "label": "Frontend Development"}, {"topic_id": 2, "top_words": ["python", "mcp", "tool", "pytest", "task", "agent", "para", "install", "script", "docker", "api", "frontend", "server", "backend", "llm", "del", "json", "cli", "ruff", "fastapi"], "weights": [0.9701502581934583, 0.6136471817192872, 0.30263390624366204, 0.2493252360160931, 0.24218422109753954, 0.23685580212216775, 0.222653694402157, 0.18910662367191297, 0.17333465597253617, 0.16322971507604858, 0.15627495902023575, 0.1488135784568804, 0.14691216256740933, 0.13824526156040573, 0.1354378053090307, 0.13414716274177932, 0.13334428828686587, 0.12983434973569635, 0.12963588827356748, 0.12127692104991906], "topic_strength": 17.619610307591554, "top_10_strength": 3.363121294514862, "label": "Python & Mcp"}, {"topic_id": 3, "top_words": ["git", "change", "work", "task", "session", "read", "agent", "rule", "plan", "spec", "context", "fix", "dont", "commit", "repo", "source", "decision", "doc", "user", "memory"], "weights": [0.39544899069542533, 0.38521397583445777, 0.34258892172568867, 0.329792007561863, 0.32269032970627964, 0.3214888133786605, 0.3084499741992854, 0.2696052364801456, 0.2286262959638376, 0.22363285106555983, 0.2220252296086989, 0.21819520657020736, 0.21770611411112686, 0.21487624313512463, 0.20794504584504095, 0.2065059034442311, 0.2017904406917703, 0.20027491909806577, 0.1922908040530054, 0.1900908864239437], "topic_strength": 38.06366491926117, "top_10_strength": 3.127537396611203, "label": "Git & Change"}, {"topic_id": 4, "top_words": ["make", "cli", "release", "rust", "lint", "api", "package", "integration", "binary", "version", "testing", "install", "development", "configuration", "unit", "github", "module", "service", "documentation", "coverage"], "weights": [1.311448055540528, 0.2702950768499321, 0.1986827001592234, 0.1714458045234579, 0.14800903639589888, 0.14344462458154736, 0.14034422422982296, 0.13214332062352654, 0.1157087244041343, 0.11349031947140209, 0.1134681460681693, 0.10976320220512789, 0.10883268990210723, 0.10460352287957113, 0.10004626042447397, 0.09902989925267303, 0.09871044464652122, 0.09597424691340473, 0.09474256509415598, 0.09162604661478964], "topic_strength": 15.37649980871887, "top_10_strength": 2.7450118867794737, "label": "Make & Cli"}]}