{"timestamp": "2026-07-01T03:10:01.095167", "success": true, "message": "Analysis complete with 500 files", "files_collected": 500, "topics_discovered": 5, "topics_data": [{"topic_id": 0, "top_words": ["change", "make", "build", "doc", "python", "package", "command", "behavior", "documentation", "project", "update", "cargo", "repository", "module", "commit", "prefer", "unless", "issue", "existing", "check"], "weights": [0.6163887229809983, 0.404817792128978, 0.39693286871632505, 0.3786613827140204, 0.36710187132259053, 0.3417971417207928, 0.3412324863609997, 0.3343012276087046, 0.3313088744424724, 0.3246124284889773, 0.31320927738780774, 0.3010316734394496, 0.2915237103019523, 0.28410548443449574, 0.2782724618180787, 0.27737225003070914, 0.26076500101971617, 0.25519971808000225, 0.25291229905654594, 0.24211087049164706], "topic_strength": 44.921613066232496, "top_10_strength": 3.8371547964848594, "label": "Deployment & Build"}, {"topic_id": 1, "top_words": ["training", "differ", "nextjs", "know", "breaking", "writing", "apis", "read", "guide", "relevant", "version", "data", "convention", "structure", "change", "doc", "primary", "npx", "number", "changed"], "weights": [0.6509380977920232, 0.5993662082958672, 0.5800181907569169, 0.5430636085054371, 0.5257261412914008, 0.5054715661207344, 0.4798993825859398, 0.42645089234052314, 0.419612110430255, 0.40453973261423093, 0.3892175204970056, 0.35761598400093125, 0.3566794605260087, 0.32388170022863805, 0.28884190938021803, 0.03861360198473218, 0.027333857515675995, 0.02635502533663809, 0.02358258505109979, 0.02276404256901391], "topic_strength": 8.762139372673303, "top_10_strength": 5.135085930733329, "label": "Training & Differ"}, {"topic_id": 2, "top_words": ["npm", "pnpm", "frontend", "backend", "build", "component", "dev", "api", "vite", "react", "server", "typescript", "lint", "bash", "install", "para", "app", "tailwind", "bun", "vitest"], "weights": [1.08952868295473, 0.4996454231429144, 0.4843172373322113, 0.35441572553213185, 0.3294915431631789, 0.28814428370190953, 0.27968738653688524, 0.2723791315490616, 0.22912298638389825, 0.19527875642957673, 0.18872650828454707, 0.18533675393802593, 0.17042575945687422, 0.1507402251958731, 0.1408542489847549, 0.1406361879622849, 0.1379980453929642, 0.13613755580562326, 0.13345195614714966, 0.13308163720525945], "topic_strength": 17.573040223578033, "top_10_strength": 4.022011156726498, "label": "Frontend Development"}, {"topic_id": 3, "top_words": ["const", "return", "function", "import", "string", "type", "error", "component", "class", "await", "export", "async", "typescript", "bun", "data", "tsx", "div", "value", "user", "impact"], "weights": [0.6123778864288126, 0.4413941036369312, 0.43394939436290303, 0.40561636627558184, 0.30882123360560637, 0.3084955953417397, 0.28939030995596926, 0.2561369225745768, 0.24192266488151987, 0.22413028316139802, 0.21799704670332662, 0.21377500394552545, 0.20503578596923297, 0.203729750668578, 0.18961072383424035, 0.16988007129422447, 0.16637822469032124, 0.1559317920043179, 0.14647099169349187, 0.13078666697570426], "topic_strength": 27.239719431128634, "top_10_strength": 3.5222347602250386, "label": "Code Guidelines"}, {"topic_id": 4, "top_words": ["tool", "skill", "model", "mcp", "prompt", "task", "review", "mode", "session", "json", "llm", "subagent", "markdown", "execution", "role", "description", "work", "workflow", "memory", "write"], "weights": [0.7142019886882602, 0.49153730745544544, 0.3636955608088205, 0.3635426688872719, 0.31930984588852906, 0.23486661555821703, 0.22871204794880687, 0.2241817884768351, 0.215042388560518, 0.20759804692312714, 0.20547638532769347, 0.19915488021126304, 0.19300961827373947, 0.18366514277411825, 0.1806764798137837, 0.17626881793655397, 0.166087359495646, 0.1660436715720369, 0.16180769437501452, 0.15995437184322578], "topic_strength": 34.71574306977709, "top_10_strength": 3.3626882591958314, "label": "Tool & Skill"}], "file_type": "agents_md"}