{"timestamp": "2026-06-30T03:52:45.723990", "success": true, "message": "Analysis complete with 500 files", "files_collected": 500, "topics_discovered": 5, "topics_data": [{"topic_id": 0, "top_words": ["change", "user", "rule", "dont", "new", "check", "version", "release", "phase", "git", "module", "add", "type", "path", "commit", "model", "task", "make", "implementation", "function"], "weights": [0.37592718549858767, 0.299705126295121, 0.2984894114983197, 0.28615070552581384, 0.2833972872441425, 0.2832143938156199, 0.26138112863443086, 0.2565141651648055, 0.253767053440259, 0.24654956270575443, 0.2428772485603193, 0.2426281462362569, 0.24258870014955528, 0.236281995863292, 0.23524031344428237, 0.23392993816075588, 0.2295705463949137, 0.22131529216196896, 0.22074611113641582, 0.2161746427990499], "topic_strength": 60.62935734860026, "top_10_strength": 2.8450960198228548, "label": "User Interface"}, {"topic_id": 1, "top_words": ["agentsmd", "context", "require", "rule", "frontend", "read", "instruction", "agent", "codebase", "guideline", "spec", "live", "repo", "follow", "claudemd", "plan", "primary", "working", "life", "root"], "weights": [2.07080078709403, 0.07325156501369992, 0.05918849742847402, 0.05175702974566377, 0.04784561097881329, 0.04750599763785642, 0.04669370119423846, 0.04623304966060377, 0.03895750837577462, 0.0344217094727987, 0.03279356280891527, 0.0327802858960561, 0.031941122687525046, 0.02979459027906167, 0.028273293061438987, 0.028256577866720436, 0.02752071345577876, 0.026232564627059696, 0.02585031330885385, 0.024695995407141735], "topic_strength": 3.407029953635515, "top_10_strength": 2.5166554566019537, "label": "Agentsmd & Context"}, {"topic_id": 2, "top_words": ["npm", "component", "typescript", "pnpm", "react", "api", "server", "cs", "page", "dev", "app", "client", "tailwind", "frontend", "supabase", "type", "auth", "web", "backend", "database"], "weights": [0.6473593884600736, 0.5344064981223768, 0.3649385664398413, 0.3458120315158257, 0.33518051586330955, 0.32137273340825495, 0.3049692681516912, 0.26841052816488187, 0.25372019349548397, 0.2500586795922268, 0.2447405642451363, 0.24098823369054062, 0.2331296078862162, 0.2269507401877735, 0.21368583586837117, 0.1854353338350293, 0.17914787717720812, 0.1770165594513189, 0.17654695660540856, 0.16955585669236528], "topic_strength": 31.05724963091044, "top_10_strength": 3.6262284032139656, "label": "Frontend Development"}, {"topic_id": 3, "top_words": ["python", "ratio", "bash", "api", "tool", "pytest", "json", "model", "format", "budget", "analysis", "ruff", "package", "data", "automation", "docker", "str", "usage", "agent", "flow"], "weights": [1.1279889759148463, 0.36536900870623124, 0.27971044755462116, 0.27213094809613336, 0.2566625284871131, 0.239314352127279, 0.2236116719049369, 0.1917795561234192, 0.17288770804276923, 0.1671593305769463, 0.16021736969542774, 0.15639258404167083, 0.15299653336732882, 0.15216742344895479, 0.14831683952296493, 0.1388873562398581, 0.12984408155921418, 0.12901536951809253, 0.1242226286394386, 0.12194887719165966], "topic_strength": 18.08396288714308, "top_10_strength": 3.2966145275342957, "label": "Data & APIs"}, {"topic_id": 4, "top_words": ["skill", "agent", "skillmd", "plugin", "mcp", "bun", "repo", "description", "llm", "frontmatter", "tool", "phase", "template", "cli", "workflow", "prompt", "bash", "claudemd", "instruction", "task"], "weights": [1.1601190835900135, 0.7618851058459004, 0.2118475959516505, 0.2035920340823033, 0.19818087372307197, 0.18988883051711464, 0.15009323936965918, 0.1425722975522152, 0.13982885716464147, 0.1374567894813387, 0.13724474976597348, 0.13078479362663467, 0.13061809992811496, 0.1261114565682912, 0.12118169899461079, 0.11316875693902051, 0.1081234819564912, 0.10547540490787113, 0.10523395201139339, 0.10176596142661343], "topic_strength": 15.211331765612538, "top_10_strength": 3.2954647072779086, "label": "Skill & Agent"}], "file_type": "claude_md"}