{"timestamp": "2026-04-27T00:29:36.675562", "success": true, "message": "Analysis complete with 500 files", "files_collected": 500, "topics_discovered": 5, "topics_data": [{"topic_id": 0, "top_words": ["session", "change", "agent", "read", "skill", "commit", "git", "user", "task", "work", "instruction", "tool", "context", "add", "step", "plan", "review", "issue", "dont", "workflow"], "weights": [0.45531790102885256, 0.43243561129433084, 0.4197037989426766, 0.40678274553511923, 0.3810511095814696, 0.3637660417440264, 0.3636471967238029, 0.3634182883174752, 0.36095782151333655, 0.3527616661300416, 0.31550006866644675, 0.28818692259392886, 0.27112152482016383, 0.2608189761166754, 0.25206326418169933, 0.24031249964040025, 0.2392088841911763, 0.23885351899005064, 0.23529360802132177, 0.22070469648171837], "topic_strength": 46.886635772894614, "top_10_strength": 3.899842180811131, "label": "Session & Change"}, {"topic_id": 1, "top_words": ["npm", "component", "react", "frontend", "page", "cs", "typescript", "backend", "app", "server", "dev", "route", "tailwind", "nextjs", "production", "cloudflare", "post", "image", "start", "vite"], "weights": [1.0278551470879034, 0.523175420181092, 0.3738254708114886, 0.33546235987600553, 0.307816411951049, 0.30733536719438675, 0.3066063139531109, 0.30268151392061055, 0.28175365877814634, 0.2810143771830658, 0.2600580891656028, 0.23159499021081836, 0.22954706739723546, 0.2132917941332356, 0.2062907191381747, 0.1837089431680696, 0.17986712208061564, 0.17287885509236914, 0.16950644781184168, 0.16806054523845684], "topic_strength": 29.004314056352662, "top_10_strength": 4.047526040936859, "label": "Frontend Development"}, {"topic_id": 2, "top_words": ["bun", "component", "typescript", "import", "react", "node", "lint", "instead", "prisma", "mcp", "auth", "server", "service", "dev", "supabase", "mode", "cli", "query", "web", "route"], "weights": [1.5164309674083918, 0.13446501989050624, 0.11791544693243407, 0.11759379500420696, 0.11362128985429527, 0.10434247720509786, 0.08940033835949988, 0.08876387826020689, 0.08657677491736404, 0.08180226031213447, 0.08116866188288394, 0.08057312097852712, 0.07955200099767719, 0.0793655378265796, 0.07924230522873293, 0.0730899038229893, 0.07273463904448255, 0.07149380395484843, 0.07133340587725699, 0.06904575535136774], "topic_strength": 10.364521248422426, "top_10_strength": 2.450912248144138, "label": "Frontend Development"}, {"topic_id": 3, "top_words": ["pnpm", "package", "rust", "component", "prisma", "dev", "workspace", "typescript", "import", "server", "filter", "vue", "change", "cargo", "nextjs", "theme", "npx", "extension", "web", "vitest"], "weights": [1.345310945240609, 0.2857869032059858, 0.28242984277569466, 0.18448052948834157, 0.18143817209953775, 0.16654865566150784, 0.15230172775379025, 0.14340334893794546, 0.13608867950560433, 0.11509257013217826, 0.11089750255573658, 0.10663434698304097, 0.09897123607993151, 0.09861428454416674, 0.09793011912225473, 0.09707019608167301, 0.09375808500063508, 0.09016302710349636, 0.08948011310222338, 0.0893486601582389], "topic_strength": 14.657565064908193, "top_10_strength": 2.992881374801194, "label": "Frontend Development"}, {"topic_id": 4, "top_words": ["python", "data", "model", "module", "configuration", "pytest", "event", "integration", "package", "cli", "dependency", "install", "error", "service", "make", "format", "interface", "operation", "core", "development"], "weights": [0.49316237832873494, 0.30211313367036735, 0.28367834413507553, 0.2575815740222421, 0.2573840212656655, 0.2504509483066419, 0.2396719203208363, 0.23051569816827827, 0.21925952341560473, 0.21433261241334162, 0.20674275871451214, 0.20296357488799893, 0.2017086333979562, 0.19876184037209355, 0.19205860762440555, 0.19167346387821962, 0.1879118381013408, 0.1871531993459324, 0.18561982657596174, 0.17862432957681354], "topic_strength": 40.41216395820183, "top_10_strength": 2.748150154046788, "label": "Data & APIs"}]}