{"timestamp": "2026-07-04T03:37:05.875775", "success": true, "message": "Analysis complete with 500 files", "files_collected": 500, "topics_discovered": 5, "topics_data": [{"topic_id": 0, "top_words": ["python", "model", "data", "make", "cli", "config", "image", "api", "version", "script", "install", "output", "class", "module", "default", "path", "pattern", "pipeline", "package", "set"], "weights": [0.47500484558325007, 0.3301832883693239, 0.320619186877007, 0.29744435936314473, 0.28958662814091796, 0.2835784359131977, 0.26016927831137315, 0.2476430056937555, 0.23961237803525745, 0.2352665398998773, 0.22518443012985925, 0.22391039694589057, 0.22251029827369073, 0.22064383805168652, 0.21923595900055243, 0.21536597407929828, 0.2143296889942308, 0.21055907148881453, 0.2033940593883289, 0.20336188427077942], "topic_strength": 56.72226432027187, "top_10_strength": 2.9791079461871046, "label": "Data & APIs"}, {"topic_id": 1, "top_words": ["agentsmd", "read", "guideline", "instruction", "follow", "life", "convention", "gate", "area", "guidance", "codebase", "bundle", "truth", "final", "prefer", "common", "workflow", "change", "snapshot", "coding"], "weights": [1.9923025857265326, 0.14399835436854538, 0.10793235966455081, 0.10663910331329587, 0.0794134586275922, 0.06799725143457197, 0.062118365096881456, 0.057073014959348585, 0.05141468583571361, 0.05132780448651525, 0.046105291693879426, 0.04574526423850938, 0.044531558414804155, 0.0435708751704315, 0.042133293013930304, 0.04127873807478411, 0.04055164562773038, 0.039038521006617505, 0.03859947921284799, 0.03476895189527992], "topic_strength": 4.396966621428808, "top_10_strength": 2.720216983513548, "label": "Agentsmd & Read"}, {"topic_id": 2, "top_words": ["npm", "component", "pnpm", "react", "typescript", "frontend", "backend", "cs", "app", "server", "dev", "api", "bun", "nextjs", "page", "start", "vite", "import", "tailwind", "production"], "weights": [0.6203681134829353, 0.4556363541066831, 0.4353786475089286, 0.3778763434089694, 0.35559324144957144, 0.351404954101034, 0.3437146782445381, 0.2803761053119533, 0.27070012587863673, 0.261931523099763, 0.24623686384324533, 0.242665027566506, 0.24035257197907492, 0.23175866420741045, 0.22055002391759213, 0.20082167181815616, 0.2003948325555427, 0.19444292774529054, 0.19156092209149353, 0.18726089958719622], "topic_strength": 27.52945602139578, "top_10_strength": 3.7529800865930127, "label": "Frontend Development"}, {"topic_id": 3, "top_words": ["agent", "skill", "harness", "prompt", "llm", "openai", "tool", "context", "mcp", "service", "session", "container", "instruction", "sdk", "python", "message", "memory", "user", "team", "log"], "weights": [1.3695716761750734, 0.2596054499942611, 0.2282777361321097, 0.17958550133697487, 0.168000851580927, 0.16755135405892177, 0.1640904271569435, 0.1406065090100455, 0.13956923186676493, 0.13743965341987754, 0.13655531537764742, 0.13598586351265424, 0.1019500038568038, 0.09531869045009747, 0.09507732320526499, 0.09507438785508397, 0.09353464028548977, 0.08741338173935141, 0.08013727170828268, 0.07981619817382382], "topic_strength": 12.628721854970728, "top_10_strength": 2.954298390731899, "label": "Agent & Skill"}, {"topic_id": 4, "top_words": ["task", "git", "commit", "change", "cargo", "push", "check", "read", "work", "add", "rule", "fix", "write", "update", "dont", "main", "workflow", "branch", "feature", "ask"], "weights": [0.5585118103527752, 0.4786531928370765, 0.3989107932917836, 0.39153532431255345, 0.3078209300466128, 0.23367484450739995, 0.21289539337330296, 0.20875520528412, 0.20221221883210017, 0.19503815541111805, 0.1909316672127888, 0.1905199896468225, 0.18838874630588406, 0.18485748094907573, 0.17524312618274315, 0.15932492736826592, 0.15777178305474668, 0.15176833419847713, 0.1463712911729742, 0.1462242774351978], "topic_strength": 25.15646182249229, "top_10_strength": 3.1880078682488424, "label": "Task & Git"}], "file_type": "claude_md"}