{"timestamp": "2026-03-09T00:45:01.703780", "success": true, "message": "Analysis complete with 500 files", "files_collected": 500, "topics_discovered": 5, "topics_data": [{"topic_id": 0, "top_words": ["mcp", "rule", "task", "change", "git", "add", "user", "error", "step", "make", "update", "issue", "new", "feature", "implementation", "documentation", "server", "work", "commit", "tool"], "weights": [0.6113272246613927, 0.53802752156811, 0.4591673285093423, 0.37639789946668506, 0.3446434759154307, 0.336065281313793, 0.32149208037824006, 0.3128810245686654, 0.30955326860006577, 0.30182448836583153, 0.30148748025993405, 0.28992832833933785, 0.27700385546861717, 0.26492938435757185, 0.2640306212444364, 0.2603272859693852, 0.25751638508963387, 0.25658395368100523, 0.25326667250122803, 0.24899488919640436], "topic_strength": 45.331207534541555, "top_10_strength": 3.9113795933475566, "label": "Mcp & Rule"}, {"topic_id": 1, "top_words": ["npm", "backend", "frontend", "database", "typescript", "service", "docker", "auth", "dev", "server", "endpoint", "user", "start", "route", "schema", "production", "post", "react", "vite", "migration"], "weights": [0.9513031083348541, 0.42560677039790207, 0.36809917369709744, 0.3622131305343371, 0.3092592504775475, 0.25992700149966097, 0.25773222245103605, 0.22639362516623643, 0.20965602722809748, 0.20030346381632205, 0.1853711395955597, 0.18336558593507024, 0.183037298135732, 0.1829406217770815, 0.17864828306044198, 0.177533458115486, 0.17716908699268374, 0.17052838439180343, 0.153138927175802, 0.14863044641709974], "topic_strength": 24.87126550490406, "top_10_strength": 3.5704937736030917, "label": "Frontend Development"}, {"topic_id": 2, "top_words": ["python", "model", "pytest", "llm", "fastapi", "configuration", "dependency", "openai", "default", "ruff", "docker", "environment", "script", "install", "def", "module", "mainpy", "config", "class", "path"], "weights": [1.0212951242289596, 0.31319931543318935, 0.23947818542814903, 0.20106459623631825, 0.18414713366278604, 0.16219340950997704, 0.1580861931591846, 0.14831382207677443, 0.1464749778421517, 0.14462071725689313, 0.14301418014740463, 0.1418091955502337, 0.13529315523162747, 0.13209452856793055, 0.12808612886476653, 0.12422764301806644, 0.11873965075913682, 0.11859828524042024, 0.1176112156515936, 0.11635414853286728], "topic_strength": 24.403456858316524, "top_10_strength": 2.7188734748343832, "label": "Python & Model"}, {"topic_id": 3, "top_words": ["component", "pnpm", "cs", "page", "game", "color", "react", "typescript", "state", "bun", "tailwind", "content", "theme", "app", "animation", "layout", "import", "nextjs", "html", "card"], "weights": [0.570077905246589, 0.3389907123540934, 0.32836464640175617, 0.31760626252715185, 0.29870555047457137, 0.24599625237507372, 0.24289027689600812, 0.23320979382931317, 0.2230344273761801, 0.21456977053812848, 0.21367793826092524, 0.21182110106756563, 0.19948494389739352, 0.1955411865766928, 0.18730785913797557, 0.18348310958495695, 0.18206562169923746, 0.17574687505818223, 0.17383680717801506, 0.16537077070572856], "topic_strength": 29.112863707381933, "top_10_strength": 3.0134455980188646, "label": "Frontend Development"}, {"topic_id": 4, "top_words": ["agent", "skill", "task", "memory", "session", "orchestrator", "tool", "context", "phase", "plan", "agentsmd", "read", "research", "hook", "workflow", "prompt", "analysis", "specialized", "parallel", "source"], "weights": [1.1328886099405355, 0.40991521140618525, 0.19476080920344052, 0.1852209477055341, 0.1827608470672498, 0.1597138107552852, 0.1517511194687627, 0.13889807125653242, 0.12077231885381717, 0.11702049922888659, 0.1066405839814567, 0.10510342687649069, 0.10348397484109428, 0.10339758278364226, 0.09675205149021714, 0.09462069247241896, 0.09278225245896125, 0.09138078614618352, 0.08968292233863008, 0.08259158160870797], "topic_strength": 14.975070847359975, "top_10_strength": 2.7937022448862296, "label": "Agent & Skill"}]}