{"timestamp": "2026-06-16T03:12:01.717909", "success": true, "message": "Analysis complete with 500 files", "files_collected": 500, "topics_discovered": 5, "topics_data": [{"topic_id": 0, "top_words": ["build", "cargo", "update", "make", "task", "work", "command", "issue", "repository", "commit", "doc", "behavior", "new", "check", "documentation", "unless", "version", "rule", "user", "prefer"], "weights": [0.38960794207923477, 0.3605803659202165, 0.3466739478457319, 0.3442160322961054, 0.34245446812303565, 0.3201025931223707, 0.31487095986523544, 0.30726259319718646, 0.2994479367227967, 0.297486629149269, 0.279661074335417, 0.2782003485101579, 0.2742235837858775, 0.27372812406777564, 0.2649195962758065, 0.2602792838466217, 0.2522002783641252, 0.25171106349764133, 0.24955145812880727, 0.24821544402861304], "topic_strength": 52.88622423329829, "top_10_strength": 3.3227034683211825, "label": "Deployment & Build"}, {"topic_id": 1, "top_words": ["skill", "para", "memory", "pressure", "task", "review", "report", "markdown", "skillmd", "claude", "user", "scenario", "work", "plan", "read", "dont", "tdd", "que", "reference", "directory"], "weights": [1.6250692665534496, 0.2480127061445611, 0.22967077642390682, 0.20405333902405706, 0.18730525529562986, 0.16412717129614707, 0.16281967073903886, 0.16130371081540842, 0.14741968923392987, 0.13969502197515982, 0.13691208410183364, 0.1366233342015515, 0.12335089137214118, 0.12019233697209365, 0.1188225292193569, 0.11788414911018, 0.11022651750458583, 0.10994790578524956, 0.10976879074877685, 0.1091416140234967], "topic_strength": 18.620507290100818, "top_10_strength": 3.2694766075012884, "label": "Skill & Para"}, {"topic_id": 2, "top_words": ["npm", "bun", "component", "pnpm", "typescript", "build", "react", "nextjs", "frontend", "dev", "app", "lint", "api", "cs", "tailwind", "route", "server", "backend", "import", "type"], "weights": [1.238120180464732, 0.6166384502198048, 0.45302248042949855, 0.3924661051646577, 0.3714801805413311, 0.3694654028152048, 0.33013356474029226, 0.3002062043313251, 0.29041121576776224, 0.2770579918333629, 0.26313996092037995, 0.2436479167014066, 0.23581133807098587, 0.2313225926121156, 0.22150454785426354, 0.20837360477701516, 0.20238828440110646, 0.1939153230337077, 0.19141505981440796, 0.17853969090808924], "topic_strength": 23.242087526669174, "top_10_strength": 4.639001776307972, "label": "Frontend Development"}, {"topic_id": 3, "top_words": ["tool", "return", "model", "mcp", "string", "type", "error", "api", "const", "function", "llm", "event", "json", "data", "job", "key", "import", "result", "token", "prompt"], "weights": [0.630717533721113, 0.37760034861566266, 0.34521708817219565, 0.3222075089458231, 0.2900030357526685, 0.2777836992004716, 0.26395656612642115, 0.24408927401459454, 0.21577130352886859, 0.20884198595595205, 0.20644702870549672, 0.19646755630340332, 0.18998304031747001, 0.18145266718281344, 0.18095534207722055, 0.16545071381022264, 0.1646623275041385, 0.15367631242931046, 0.15248136930689388, 0.15096376114606994], "topic_strength": 36.023333645081735, "top_10_strength": 3.1761883440337706, "label": "Tool & Return"}, {"topic_id": 4, "top_words": ["python", "import", "pytest", "str", "install", "llm", "pip", "sdk", "module", "def", "model", "bash", "openai", "example", "package", "env", "server", "ruff", "script", "training"], "weights": [1.1336744857525565, 0.4860687558346548, 0.40692710458090114, 0.20979300818190663, 0.18509177892875517, 0.16127926472662446, 0.15505485460782, 0.15131435019906, 0.14541572173314224, 0.13671351309654126, 0.13304131884534215, 0.12945195895194514, 0.12555589452133153, 0.12168304107113873, 0.11858580952967299, 0.11444952324617741, 0.1134990850105595, 0.11083449630517253, 0.10610068020928105, 0.10583608628136504], "topic_strength": 14.713043302369327, "top_10_strength": 3.1713328376419625, "label": "Python & Import"}], "file_type": "agents_md"}