{"timestamp": "2026-03-15T00:25:33.906782", "success": true, "message": "Analysis complete with 500 files", "files_collected": 500, "topics_discovered": 5, "topics_data": [{"topic_id": 0, "top_words": ["agent", "tool", "task", "user", "change", "mcp", "read", "documentation", "context", "git", "skill", "update", "session", "workflow", "new", "phase", "error", "model", "work", "configuration"], "weights": [0.4588772595360791, 0.42331916195168645, 0.4222938226800863, 0.35911780763120876, 0.34804178073125847, 0.29670556748152244, 0.2892278259729201, 0.28843911830750746, 0.27326551858006887, 0.2727579865738802, 0.2670331352387095, 0.26436755632180725, 0.2611538562621139, 0.25876334392301636, 0.25772481102793365, 0.25564499944335084, 0.2490742911838932, 0.24694668423450802, 0.2433450065987507, 0.23908708147589464], "topic_strength": 60.89725916506046, "top_10_strength": 3.4320458494462183, "label": "User Interface"}, {"topic_id": 1, "top_words": ["npm", "component", "typescript", "react", "cs", "page", "tailwind", "nextjs", "production", "import", "server", "hook", "dev", "const", "app", "state", "style", "lint", "frontend", "start"], "weights": [0.9721065107111279, 0.6808704917696013, 0.39951671254472876, 0.38600778027724547, 0.31212289725646136, 0.2874344141418133, 0.23719244703950687, 0.2256423574984029, 0.21315107180899978, 0.21292572971746215, 0.20746176534978342, 0.20347600018519962, 0.18638998251058497, 0.18491452052616122, 0.18486233745243238, 0.18444601728847698, 0.18051735393580257, 0.1726424405636968, 0.1644961230366404, 0.1639000423370581], "topic_strength": 29.784998896409746, "top_10_strength": 3.9269704127653506, "label": "Frontend Development"}, {"topic_id": 2, "top_words": ["python", "fastapi", "pytest", "docker", "llm", "frontend", "backend", "model", "service", "install", "import", "post", "json", "env", "return", "def", "pydantic", "pip", "config", "compose"], "weights": [1.523975000469619, 0.3835284812559027, 0.3231633720973455, 0.2943142873885773, 0.2449973596084928, 0.2245528826785646, 0.20360834679983883, 0.19766675631273023, 0.1759011978037779, 0.1743282571337126, 0.17099410564994114, 0.16414652497203389, 0.15966065386987424, 0.15126570983744042, 0.1475061597604931, 0.14575812068241725, 0.14389822954499912, 0.14299868392124523, 0.12486406389786721, 0.12401235372636188], "topic_strength": 21.129776182750692, "top_10_strength": 3.7460359415485613, "label": "Python & Fastapi"}, {"topic_id": 3, "top_words": ["pnpm", "backend", "frontend", "dev", "package", "typescript", "component", "database", "cloudflare", "git", "nextjs", "route", "cli", "schema", "server", "biome", "react", "rust", "commit", "nodejs"], "weights": [1.5121838652541348, 0.3499227092925875, 0.25872683026593574, 0.19573609311882353, 0.19401650174175547, 0.18077242553639475, 0.16459720885681672, 0.15787223669153164, 0.15505961257324619, 0.1521435513828068, 0.1384678032664895, 0.12419283379302319, 0.12392328826148297, 0.1189351964809098, 0.11071605646642345, 0.10679368785150667, 0.10638895094944284, 0.10623076748010463, 0.10476801532683581, 0.10101578166629095], "topic_strength": 16.016125131911412, "top_10_strength": 3.321031034714033, "label": "Frontend Development"}, {"topic_id": 4, "top_words": ["bun", "typescript", "package", "biome", "service", "install", "handler", "import", "lint", "format", "function", "database", "manager", "await", "plugin", "schema", "typecheck", "dependency", "instead", "cs"], "weights": [1.4096033737864664, 0.15998916703489965, 0.15684306965111622, 0.1174304230446072, 0.11684544669627708, 0.10716930181635818, 0.10017814911560174, 0.10017709834638365, 0.09106968196195447, 0.08089259616755039, 0.07794898845089455, 0.07685743502275755, 0.07515418497375016, 0.07341334160225521, 0.07302450087068234, 0.0729582614083324, 0.07032821053992729, 0.06750386736399719, 0.06476200443911585, 0.06467473151106984], "topic_strength": 11.918943923624843, "top_10_strength": 2.440198307621215, "label": "Frontend Development"}]}