{"timestamp": "2026-06-08T03:45:02.119970", "success": true, "message": "Analysis complete with 500 files", "files_collected": 500, "topics_discovered": 5, "topics_data": [{"topic_id": 0, "top_words": ["step", "test", "project", "task", "run", "issue", "phase", "pattern", "code", "git", "change", "question", "review", "fix", "path", "workflow", "branch", "create", "rule", "update"], "weights": [0.6347264245202985, 0.455294363280604, 0.43129063273833684, 0.4214826411548657, 0.33835819802599226, 0.3351741427543598, 0.3342225609434648, 0.2899005045625417, 0.2823078313184413, 0.28117810394194925, 0.27976104284267084, 0.2634143041368832, 0.26155142699867917, 0.251725240359462, 0.23963490959002973, 0.228849664350655, 0.2217602067108828, 0.22072622107601686, 0.2169701173815227, 0.2131328134366408], "topic_strength": 52.41166112429151, "top_10_strength": 3.8039354032408546, "label": "Project Structure"}, {"topic_id": 1, "top_words": ["und", "oder", "die", "der", "mit", "prfen", "welche", "live", "dashboard", "article", "budget", "compliance", "form", "service", "better", "scope", "management", "board", "bank", "doc"], "weights": [1.7934196742768216, 0.4393710868161247, 0.33632855074632517, 0.2718166932542107, 0.24723696361431538, 0.23955821027551463, 0.22106531714096145, 0.0697811102543523, 0.02169148231235447, 0.018545674201059462, 0.015412499142495808, 0.013636181330201147, 0.012380487723563737, 0.011914863325855604, 0.0118115569225785, 0.009896171250100007, 0.00973135699803545, 0.009319027359330474, 0.008203860935058822, 0.006933548502758451], "topic_strength": 4.047807673502521, "top_10_strength": 3.6588147628920398, "label": "Und & Oder"}, {"topic_id": 2, "top_words": ["const", "div", "return", "typescript", "await", "string", "color", "button", "function", "component", "import", "export", "error", "text", "state", "page", "type", "data", "html", "cs"], "weights": [0.7574009916587787, 0.38376118569449263, 0.31164879466464207, 0.29211854768590967, 0.2847017089944841, 0.27219818376948374, 0.242006043871125, 0.23697880607420568, 0.23601248282015438, 0.21849098213611176, 0.21579039775794834, 0.20247237093637707, 0.20119760543058265, 0.19610722440988512, 0.18708511288430982, 0.1859920260310077, 0.18223730639218821, 0.1796339615769108, 0.17608458964244358, 0.17345868330297406], "topic_strength": 29.694251903814816, "top_10_strength": 3.235317727369387, "label": "Frontend Development"}, {"topic_id": 3, "top_words": ["agent", "bash", "ngrok", "json", "token", "run", "post", "url", "prompt", "browser", "openclaw", "mcp", "claude", "remote", "curl", "instruction", "codex", "local", "api", "session"], "weights": [1.1256138874598431, 0.27384421266897435, 0.2533868091740409, 0.24315802359745525, 0.23226770820266313, 0.2286068247868847, 0.22649521566509304, 0.21065317806386094, 0.19371665545598762, 0.1911575952291659, 0.18540202055468386, 0.1851062753655393, 0.18340089830396666, 0.17743319280866637, 0.17413409580713332, 0.16481719564684716, 0.16250024365089427, 0.16221935963274908, 0.1614457958902219, 0.1597271254142877], "topic_strength": 19.99595710112986, "top_10_strength": 3.1789001103039687, "label": "Agent & Bash"}, {"topic_id": 4, "top_words": ["python", "import", "def", "model", "bash", "data", "str", "result", "bit", "return", "json", "url", "parameter", "query", "price", "compound", "llm", "async", "video", "image"], "weights": [1.2664518492763277, 0.43575934655166865, 0.26031706258164666, 0.2503304309925744, 0.2013279640034693, 0.1770648625075439, 0.17048725647081897, 0.14428770019781728, 0.14372917943037183, 0.14208226975086705, 0.12159139084592104, 0.11997898379759837, 0.11945898563840987, 0.11281249143752016, 0.10947848576586304, 0.10244896159590389, 0.09922943596163931, 0.09773445299075219, 0.09522693802785406, 0.09377929397176273], "topic_strength": 16.091696591310964, "top_10_strength": 3.191837921763106, "label": "Python & Import"}], "file_type": "skill_md"}