{"timestamp": "2026-07-21T03:41:18.816234", "success": true, "message": "Analysis complete with 500 files", "files_collected": 500, "topics_discovered": 5, "topics_data": [{"topic_id": 0, "top_words": ["agent", "task", "model", "change", "tool", "make", "user", "python", "check", "cli", "update", "skill", "version", "bash", "new", "documentation", "path", "default", "add", "feature"], "weights": [0.40737387905049777, 0.36343170864619484, 0.3454916557601742, 0.32153753618185477, 0.2939645835855736, 0.28963711727504515, 0.2864451796292225, 0.27185961154518157, 0.25594426002054815, 0.24672748068627784, 0.24207892700285133, 0.24033245169582734, 0.23744969175075237, 0.23568621399702225, 0.23228810131298827, 0.22975907289747827, 0.22766352018018934, 0.21867357043059607, 0.21681389734779247, 0.21136560304066945], "topic_strength": 61.709309732485394, "top_10_strength": 3.0824130123805706, "label": "Agent & Task"}, {"topic_id": 1, "top_words": ["agentsmd", "instruction", "truth", "repo", "require", "source", "assistant", "read", "codebase", "follow", "guideline", "working", "spec", "single", "primary", "agent", "note", "adapter", "java", "behavior"], "weights": [1.9229561521350358, 0.15418721607327368, 0.10820193910145477, 0.08523023484089011, 0.07361308706556985, 0.06716583477289881, 0.06185164134602018, 0.05628591554442978, 0.04986920777000429, 0.048511392115851475, 0.04756050856694905, 0.04550008294192906, 0.04493731609576571, 0.03312290985680692, 0.03310940768308567, 0.0323269977519689, 0.0321621786024604, 0.031805273961048895, 0.03173572438765366, 0.0314243106031664], "topic_strength": 4.108033202900213, "top_10_strength": 2.627872620765429, "label": "Project Structure"}, {"topic_id": 2, "top_words": ["npm", "component", "api", "frontend", "backend", "react", "dev", "typescript", "server", "nextjs", "data", "bash", "route", "start", "client", "app", "production", "vite", "hook", "auth"], "weights": [1.0276808191317155, 0.3639984400882919, 0.34707888370690443, 0.3054744659469644, 0.2954571730998669, 0.2744233868816267, 0.27111410382330003, 0.2617902847985317, 0.2357567904424517, 0.18572780725610286, 0.18548783282139852, 0.18120216359770433, 0.1778901398642822, 0.17624000346249521, 0.17496622710593704, 0.1670116490087797, 0.16419837613998886, 0.16387230132780817, 0.16369771355063575, 0.15962361763809413], "topic_strength": 23.4958795511353, "top_10_strength": 3.5685021551757563, "label": "Frontend Development"}, {"topic_id": 3, "top_words": ["page", "image", "section", "cs", "card", "site", "content", "text", "link", "post", "font", "animation", "html", "layout", "mobile", "nav", "button", "component", "blog", "theme"], "weights": [0.6722508882254462, 0.42511413564309813, 0.28895984197773866, 0.2762188209764724, 0.2501155371626647, 0.24483878183185695, 0.2387818953790373, 0.2326315301871346, 0.22772607910914675, 0.21520183183759609, 0.2047604574420936, 0.19730713000035266, 0.17373511924246463, 0.1714261102303258, 0.16680002475874794, 0.1651328980027351, 0.16403467740088903, 0.15504506894690623, 0.1546113772701478, 0.15032899712026182], "topic_strength": 24.680810545893106, "top_10_strength": 3.0718393423301924, "label": "Page & Image"}, {"topic_id": 4, "top_words": ["pnpm", "package", "import", "component", "type", "doc", "typescript", "lint", "dev", "eslint", "vitest", "export", "src", "typecheck", "change", "version", "pdf", "const", "format", "react"], "weights": [1.1447247382935795, 0.34649728133735574, 0.2131465289084738, 0.1770932883937455, 0.15188301429058462, 0.14846058242545349, 0.14104041755465302, 0.13256514043985518, 0.11393024017659792, 0.10640155687261048, 0.10357659387393715, 0.1012066234431731, 0.09842694785898942, 0.0962988244574754, 0.09620793491735832, 0.09467906840809175, 0.09327529912282008, 0.09307079333119714, 0.09213618196739777, 0.08676777015145233], "topic_strength": 12.96180802595843, "top_10_strength": 2.6757427886929097, "label": "Frontend Development"}], "file_type": "claude_md"}