{"timestamp": "2026-07-23T03:16:14.858027", "success": true, "message": "Analysis complete with 500 files", "files_collected": 500, "topics_discovered": 5, "topics_data": [{"topic_id": 0, "top_words": ["step", "file", "issue", "review", "project", "code", "workflow", "phase", "test", "run", "change", "context", "fix", "task", "output", "section", "git", "report", "check", "design"], "weights": [0.49578521839368705, 0.481047798800968, 0.359955177797913, 0.3464835214462701, 0.32036236478185975, 0.31583074975065806, 0.3087118194962311, 0.2878712168229743, 0.287689833242059, 0.2718675095042782, 0.2666092735808239, 0.2647680701349072, 0.253256003418285, 0.2529665232879444, 0.24118827961249015, 0.23926193870274767, 0.23858315414328615, 0.23290791288417004, 0.2308305451248499, 0.22925891857258873], "topic_strength": 55.850401107840575, "top_10_strength": 3.475605210036899, "label": "Project Structure"}, {"topic_id": 1, "top_words": ["und", "oder", "welche", "die", "der", "eine", "mit", "email", "form", "live", "output", "plugins", "register", "person", "template", "screenshot", "pdf", "text", "act", "compliance"], "weights": [1.587148124717124, 0.6321707955326242, 0.3612701920944058, 0.3489404785252535, 0.3124485599918988, 0.30866834766297147, 0.1917311403164804, 0.05503804310291714, 0.05257487611851646, 0.04968187703423919, 0.03891093980513119, 0.03047042858173801, 0.030134350962184423, 0.022429334996594646, 0.01813291109163674, 0.017031522250462464, 0.015808278715156276, 0.013302189860352967, 0.012240807270324627, 0.010506561170124107], "topic_strength": 4.313940517870842, "top_10_strength": 3.899672435096431, "label": "Und & Oder"}, {"topic_id": 2, "top_words": ["python", "bash", "json", "model", "image", "import", "output", "cli", "install", "chrome", "api", "input", "markdown", "command", "env", "url", "video", "quantization", "str", "pip"], "weights": [1.3638064781969912, 0.47993222074270364, 0.28460686638667126, 0.21621367413904674, 0.20359748310483103, 0.20240774127786545, 0.1656079175855511, 0.15806648479271115, 0.15027097056468938, 0.1348922583293294, 0.13287298819327933, 0.11967273464001155, 0.11124559293498858, 0.10965546422944884, 0.10705550284320473, 0.10704458392067981, 0.1055395757445498, 0.10433162537860592, 0.09980383963371507, 0.09874494266549548], "topic_strength": 15.081710628640012, "top_10_strength": 3.35940209512039, "label": "Python & Bash"}, {"topic_id": 3, "top_words": ["const", "await", "string", "return", "async", "import", "typescript", "function", "firebase", "email", "data", "export", "yield", "query", "error", "null", "class", "service", "post", "cache"], "weights": [0.7375851139718562, 0.49346971470659307, 0.40275282493301096, 0.37258785639443237, 0.35214927187553824, 0.33453009090163077, 0.2202328557488042, 0.21129159016856788, 0.18723178628714066, 0.17339411338315905, 0.17327423540053197, 0.17167018781159676, 0.16013037429558222, 0.15490238669599815, 0.15334562861772497, 0.14818757655666404, 0.14787209243182917, 0.14678740617171718, 0.1455453068815694, 0.14406396874942315], "topic_strength": 23.762712121505086, "top_10_strength": 3.485225218370733, "label": "Const & Await"}, {"topic_id": 4, "top_words": ["agent", "mcp", "tool", "session", "prompt", "run", "token", "ngrok", "step", "schema", "browser", "bash", "url", "server", "connection", "instruction", "model", "memory", "remote", "cli"], "weights": [1.03131921702173, 0.5055357343121472, 0.5041553191566249, 0.28072096593425827, 0.25670321009346725, 0.2444254546974351, 0.224153946077211, 0.2192813646129779, 0.21674364838830543, 0.20776072891073438, 0.19453635388141188, 0.18502556564161024, 0.18223629786604456, 0.17676505066153822, 0.17351202452405165, 0.16585926419611122, 0.1646993770204128, 0.1628021174034201, 0.16095387913648515, 0.16034720508715844], "topic_strength": 22.17138480504329, "top_10_strength": 3.6907995892048917, "label": "Agent & Mcp"}], "file_type": "skill_md"}