{"timestamp": "2026-06-29T03:48:04.170663", "success": true, "message": "Analysis complete with 500 files", "files_collected": 500, "topics_discovered": 5, "topics_data": [{"topic_id": 0, "top_words": ["file", "step", "project", "test", "issue", "phase", "run", "fix", "task", "check", "git", "code", "review", "workflow", "change", "output", "pattern", "context", "commit", "feature"], "weights": [0.5942014333132316, 0.5637229544205862, 0.4598718592788517, 0.4390224838796221, 0.3579793190931897, 0.33894919161038906, 0.32869471365347697, 0.32577503153010917, 0.31761442249362903, 0.309665343075902, 0.3009913010418695, 0.2817557895763221, 0.27818219948876505, 0.23845382771079499, 0.22994087586733686, 0.22276132052916905, 0.2128370827552687, 0.20248345549762803, 0.19996912363116112, 0.1974378063248326], "topic_strength": 49.663970555267284, "top_10_strength": 4.035496752348988, "label": "Project Structure"}, {"topic_id": 1, "top_words": ["und", "oder", "keine", "der", "die", "prfen", "bgb", "ist", "bei", "mit", "art", "live", "output", "text", "register", "plugins", "form", "person", "matrix", "plugin"], "weights": [1.5369611183364542, 0.7465718037593122, 0.3255022388410635, 0.3137670153088915, 0.3099511668515334, 0.3015017009955447, 0.2660674817714176, 0.25924671158928986, 0.2026866127342404, 0.16830020263813708, 0.11766297639910299, 0.093139446237801, 0.05138667163425578, 0.03697423078276933, 0.031145269757110745, 0.03021386207538836, 0.024506260344761093, 0.02250625948987849, 0.018948620291031015, 0.01756263055017608], "topic_strength": 5.161654949017436, "top_10_strength": 4.430556052825884, "label": "Und & Oder"}, {"topic_id": 2, "top_words": ["const", "page", "await", "string", "component", "color", "return", "type", "text", "state", "typescript", "button", "data", "plugin", "card", "function", "cs", "email", "div", "html"], "weights": [0.5656303019387334, 0.28678983506873645, 0.27808582147166144, 0.26943087304686864, 0.2589710927750503, 0.2567111298235313, 0.23513400413249644, 0.22864180862918682, 0.22620999430671157, 0.22009313271331876, 0.21353058844673356, 0.19978533418871688, 0.1929323634388557, 0.18860997305569208, 0.18775065280696274, 0.18456294507714996, 0.1842704443597947, 0.180774393583684, 0.17599257336400576, 0.17259124380172822], "topic_strength": 33.6933707526506, "top_10_strength": 2.8256979939062954, "label": "Const & Page"}, {"topic_id": 3, "top_words": ["agent", "mcp", "token", "tool", "ngrok", "post", "bash", "session", "server", "run", "remote", "browser", "openclaw", "instruction", "prompt", "curl", "local", "codex", "claude", "tab"], "weights": [1.2239740268372112, 0.3160298928256994, 0.27055637595191245, 0.26644066052647475, 0.26587780769737684, 0.24463398346426066, 0.24186786730726614, 0.21072705251836776, 0.19494414661560464, 0.19336320567249182, 0.18973228325204328, 0.17637370692420817, 0.17157171639572125, 0.17142417694130235, 0.17054849375089184, 0.16826817005390982, 0.16239536448675507, 0.1405393832767876, 0.13759866937614842, 0.13090903899324702], "topic_strength": 19.645260897507868, "top_10_strength": 3.4284150194166654, "label": "Agent & Mcp"}, {"topic_id": 4, "top_words": ["python", "import", "model", "str", "def", "bash", "quantization", "json", "result", "quality", "await", "class", "api", "output", "int", "query", "async", "pydantic", "return", "video"], "weights": [1.0659088981697922, 0.5131929076524921, 0.45112146734687864, 0.3424653478610967, 0.2373635377542874, 0.19480214322091952, 0.16875979334876728, 0.15006356766894272, 0.14617595665070787, 0.14596825890853954, 0.14386203575538165, 0.13995573163856057, 0.13778879360971413, 0.13373750114595995, 0.13340571674110918, 0.1289401577151986, 0.12776133738557835, 0.12734690160849876, 0.12253763251364551, 0.1196015910083597], "topic_strength": 17.478094433871608, "top_10_strength": 3.4158218785824244, "label": "Python & Import"}], "file_type": "skill_md"}