{"timestamp": "2026-07-20T03:32:11.863066", "success": true, "message": "Analysis complete with 500 files", "files_collected": 500, "topics_discovered": 5, "topics_data": [{"topic_id": 0, "top_words": ["tool", "model", "python", "issue", "make", "task", "new", "type", "work", "error", "check", "bash", "user", "command", "return", "add", "import", "rule", "function", "data"], "weights": [0.548425036273882, 0.3453661751236489, 0.3271779030895294, 0.30163410511475197, 0.29269540971336533, 0.28197400144382423, 0.2807302178193841, 0.2776242663818987, 0.2767079521400188, 0.2648894344476905, 0.2576465558171895, 0.25164680780844884, 0.2468231837409362, 0.24624394980820602, 0.23985705725085713, 0.23948056413031604, 0.23920561644965546, 0.23669749693308678, 0.23410764119824598, 0.22918171245493113], "topic_strength": 64.17456009265473, "top_10_strength": 3.1972245015479936, "label": "Tool & Model"}, {"topic_id": 1, "top_words": ["npm", "bun", "component", "typescript", "frontend", "dev", "react", "api", "nextjs", "app", "server", "import", "guideline", "backend", "eslint", "lint", "cs", "tailwind", "commit", "route"], "weights": [1.148656756673527, 0.4719897937083147, 0.4254282129032399, 0.3846248706155131, 0.3275391276348707, 0.32535531194470513, 0.3175296044488353, 0.3032923448354359, 0.26787315285596813, 0.2310922435243175, 0.2292032410676679, 0.22578074781544752, 0.22258611837925515, 0.2171746725986612, 0.2062580330344278, 0.20617073643662354, 0.18612623758073968, 0.17488298952063946, 0.17417445896701025, 0.17384129161803397], "topic_strength": 29.82767023940857, "top_10_strength": 4.203381419144728, "label": "Frontend Development"}, {"topic_id": 2, "top_words": ["readmemd", "package", "project", "guidance", "agentsmd", "swift", "documentation", "manager", "target", "general", "shared", "architecture", "development", "convention", "note", "read", "release", "directory", "python", "skill"], "weights": [0.7323834031052406, 0.5440296161682772, 0.531959341351323, 0.45211475345028873, 0.44890416598464017, 0.36057293838364773, 0.3255184499660393, 0.25770006300393544, 0.2461123812606294, 0.24228936630625017, 0.23220973393717081, 0.21069656330609263, 0.2053188681439029, 0.20362306530958027, 0.18923083910148145, 0.17617217718811462, 0.13039095619919963, 0.12592498758027054, 0.1239242509978438, 0.09897492873182284], "topic_strength": 12.424908332757752, "top_10_strength": 4.1415844789802705, "label": "Project Structure"}, {"topic_id": 3, "top_words": ["pnpm", "lint", "typecheck", "package", "type", "install", "typescript", "dev", "comment", "component", "format", "vite", "command", "descriptive", "claude", "exec", "shared", "watch", "check", "zod"], "weights": [1.6737822232778343, 0.20092937799182978, 0.198769343699198, 0.18477396238778074, 0.16426188926315577, 0.15331156620172606, 0.13651330531718872, 0.12636908937608848, 0.12402965735947753, 0.10489694159319991, 0.10120156147374662, 0.0995847734201439, 0.09264434460209776, 0.0896859023578237, 0.08589413171398334, 0.08234192938464129, 0.07911781580120275, 0.07884515802562017, 0.07586911255016295, 0.07578793407556737], "topic_strength": 11.411046407038068, "top_10_strength": 3.0676373564674795, "label": "Frontend Development"}, {"topic_id": 4, "top_words": ["skill", "para", "pressure", "del", "scenario", "tdd", "markdown", "que", "dont", "review", "tool", "read", "frontmatter", "subagent", "prompt", "red", "directory", "session", "write", "claude"], "weights": [1.4194325519604978, 0.2707478389516826, 0.24494151924053117, 0.17703951321051004, 0.16041407564932075, 0.15096631533572288, 0.1367973871236743, 0.12470923978091095, 0.11960891729224604, 0.11492670983562753, 0.11445831880736555, 0.11325816538102464, 0.11318921949585274, 0.10984140481927109, 0.10749121324535893, 0.10746324253148234, 0.10643703713204065, 0.1041953022915075, 0.101641991356464, 0.10116424470812256], "topic_strength": 16.112345026103096, "top_10_strength": 2.919584068380724, "label": "Skill & Para"}], "file_type": "agents_md"}