{"timestamp": "2026-06-09T03:56:17.404550", "success": true, "message": "Analysis complete with 500 files", "files_collected": 500, "topics_discovered": 5, "topics_data": [{"topic_id": 0, "top_words": ["content", "topic", "page", "step", "note", "agent", "slide", "decision", "source", "add", "project", "section", "tool", "document", "data", "read", "frontmatter", "create", "template", "product"], "weights": [0.5009889203267204, 0.3829878229533857, 0.3632898604916519, 0.3615086202547624, 0.33069588976037845, 0.32382685366713326, 0.3081523627513278, 0.30137447062509665, 0.3013045321619358, 0.2463205718109976, 0.24553489546242932, 0.24362935478309525, 0.24236899386141378, 0.2358566540963811, 0.23577199025519832, 0.23332289977378068, 0.22336435649982372, 0.21270460042490488, 0.20750580870421984, 0.2036609068161747], "topic_strength": 49.376386507658914, "top_10_strength": 3.42044990480339, "label": "Content & Topic"}, {"topic_id": 1, "top_words": ["typescript", "const", "component", "error", "function", "type", "string", "await", "return", "code", "async", "data", "practice", "safety", "import", "best", "state", "prop", "pattern", "service"], "weights": [0.7216859415351369, 0.5417867752152559, 0.5124574565203662, 0.3422308310712943, 0.3140483725057125, 0.2992709447351491, 0.2730969790442474, 0.26628797353033823, 0.2558332359901135, 0.24068775208073093, 0.19774930528028006, 0.19745801310451785, 0.18183114299439185, 0.17831920784336328, 0.1714871432544477, 0.16568098330044786, 0.16565990828184793, 0.16093544576653268, 0.15109575786386423, 0.14248865312188816], "topic_strength": 19.564305302205064, "top_10_strength": 3.767386262228345, "label": "Frontend Development"}, {"topic_id": 2, "top_words": ["test", "git", "review", "issue", "branch", "change", "run", "code", "fix", "diff", "main", "security", "merge", "step", "intent", "commit", "coverage", "changed", "open", "build"], "weights": [0.6068708898591373, 0.46823957870279553, 0.4636278850785481, 0.3550924236797152, 0.3118729969579294, 0.30125484957670234, 0.2909687617371907, 0.23971651413435846, 0.23886569732346524, 0.22736016459315056, 0.22384048470092222, 0.2225750406931496, 0.19662616048726367, 0.15853813959401436, 0.1567376167395247, 0.1530120481970588, 0.15017418009693928, 0.14949420440389521, 0.14923701817690535, 0.145509629499827], "topic_strength": 23.811871063667738, "top_10_strength": 3.503869761642993, "label": "Testing & Quality"}, {"topic_id": 3, "top_words": ["python", "bash", "api", "run", "url", "json", "video", "install", "command", "memory", "curl", "srcclipy", "post", "token", "list", "search", "step", "status", "alert", "download"], "weights": [0.7150588789111777, 0.6876240233500264, 0.26979272059518034, 0.25397596026599656, 0.25266936052088973, 0.22328453056656844, 0.2185628067036514, 0.21615546138352934, 0.21448886576706358, 0.20830393718861456, 0.1998471161574571, 0.18666633597446564, 0.17741081224851216, 0.1761724821231269, 0.15528452696892855, 0.15169181735106738, 0.14338243588162203, 0.13873488270298487, 0.13452944299598465, 0.1302984549024448], "topic_strength": 25.22874301810471, "top_10_strength": 3.2599165452526977, "label": "Data & APIs"}, {"topic_id": 4, "top_words": ["und", "oder", "mit", "live", "registration", "element", "output", "form", "dashboard", "management", "mandatory", "person", "copy", "matrix", "plugin", "pipeline", "email", "title", "slug", "status"], "weights": [1.6213260264352518, 0.42856865533161176, 0.1191198018902129, 0.07153232884199004, 0.03916212951105021, 0.029867088100840176, 0.024140003945546294, 0.02023517731214422, 0.014662186195775109, 0.013749892613607064, 0.013631749822590614, 0.012950079926234155, 0.011752808117463953, 0.010508331431287606, 0.01024487705045127, 0.009452891923695432, 0.009177637010235698, 0.008783271250643238, 0.007182762385468817, 0.007102182703407546], "topic_strength": 2.7114714574995658, "top_10_strength": 2.3823632901780294, "label": "Und & Oder"}], "file_type": "skill_md"}