{"timestamp": "2026-03-13T00:12:05.274102", "success": true, "message": "Analysis complete with 500 files", "files_collected": 500, "topics_discovered": 5, "topics_data": [{"topic_id": 0, "top_words": ["task", "agent", "change", "git", "tool", "session", "context", "skill", "documentation", "error", "mcp", "new", "update", "workflow", "feature", "user", "work", "add", "commit", "rule"], "weights": [0.5526360154116181, 0.46792289944268434, 0.37038525397219996, 0.3195561308811292, 0.31816154079655967, 0.3071929765446739, 0.30635339021091107, 0.28731080650768276, 0.2872188290305748, 0.2762663217818004, 0.2758058248184527, 0.26854069184854495, 0.26833804323242594, 0.26480695991037834, 0.2550058561104328, 0.2392844189198502, 0.2376432350236556, 0.23627533951815244, 0.23203274302650592, 0.23112664179992998], "topic_strength": 57.194907296617615, "top_10_strength": 3.493004164579834, "label": "Task & Agent"}, {"topic_id": 1, "top_words": ["npm", "component", "typescript", "page", "react", "cs", "preview", "vite", "dev", "production", "image", "content", "tailwind", "state", "mode", "start", "style", "theme", "lint", "custom"], "weights": [1.2373155533333915, 0.5383767758184332, 0.31878184807725235, 0.2728427958654378, 0.26972147720672457, 0.23998901182147264, 0.23108523374459466, 0.19600203400875155, 0.19394678182476724, 0.1893821604404653, 0.16505585255990227, 0.1630042917838513, 0.15789468128158318, 0.15396793992726907, 0.15368329327434985, 0.15357204615004083, 0.15255903962144743, 0.15085856830012426, 0.14173558263276737, 0.14113788921227943], "topic_strength": 24.390473913194114, "top_10_strength": 3.68744367214129, "label": "Frontend Development"}, {"topic_id": 2, "top_words": ["pnpm", "frontend", "backend", "database", "server", "user", "service", "docker", "route", "authentication", "component", "port", "client", "auth", "app", "token", "supabase", "query", "react", "typescript"], "weights": [0.48328893064638134, 0.45825188800320965, 0.44590327002255725, 0.4230556568675363, 0.32854194980563894, 0.2840513170531507, 0.27035814106476946, 0.25491331637278747, 0.2508667179301344, 0.2339859307561901, 0.2326545240330831, 0.20641733342719198, 0.20547901151469128, 0.19693850686543254, 0.1963012456503566, 0.1961509716635003, 0.19192598299044836, 0.18871673807520173, 0.1886164039143832, 0.186589952870373], "topic_strength": 32.33538776677, "top_10_strength": 3.4332171185223554, "label": "Frontend Development"}, {"topic_id": 3, "top_words": ["python", "pytest", "fastapi", "script", "install", "docker", "model", "pip", "gpu", "csv", "llm", "config", "gui", "str", "import", "environment", "dependency", "result", "google", "format"], "weights": [1.3822385147367149, 0.37240893885162074, 0.2994180078620398, 0.25646280824548734, 0.23076623361675658, 0.1977673738242629, 0.165854277389739, 0.16311241818899722, 0.13916328831632607, 0.1387607627001535, 0.1369551589203811, 0.1354230160675371, 0.12156460716575135, 0.11961322296645102, 0.11426919732170514, 0.10651604458637236, 0.10643494547314884, 0.10614943698947986, 0.10485455550957247, 0.10446736776736797], "topic_strength": 18.19668117065143, "top_10_strength": 3.345952623732098, "label": "Python & Pytest"}, {"topic_id": 4, "top_words": ["bun", "convex", "typescript", "package", "import", "instead", "const", "configuration", "lint", "testing", "yarn", "documentation", "function", "check", "module", "manager", "react", "format", "error", "start"], "weights": [1.2452565373592268, 0.20360280346751694, 0.16567625994517285, 0.14529580304101072, 0.11424811345774939, 0.10890581101426812, 0.09560232623968064, 0.09399264356753058, 0.08552147120049369, 0.08186677628747599, 0.08094664950757886, 0.08072236884781388, 0.07595710888530918, 0.07310046418870586, 0.07267471242294307, 0.07134159593243213, 0.06856153766187097, 0.06838209178239323, 0.06280634314558088, 0.0592204320366337], "topic_strength": 9.873863020349754, "top_10_strength": 2.339968545580126, "label": "Frontend Development"}]}