{"timestamp": "2026-05-30T04:01:55.376188", "success": true, "message": "Analysis complete with 500 files", "files_collected": 500, "topics_discovered": 5, "topics_data": [{"topic_id": 0, "top_words": ["agent", "skill", "task", "read", "session", "rule", "git", "change", "work", "plan", "user", "commit", "context", "review", "workflow", "issue", "feature", "write", "fix", "instruction"], "weights": [0.709851979603782, 0.5907449459754973, 0.514100629455451, 0.48169085044362797, 0.44333914583524153, 0.4021795093408012, 0.3923352272331542, 0.36814548073497017, 0.33915756714677486, 0.33661305053263096, 0.2855076680638263, 0.2846948893408599, 0.27473147787578817, 0.24539571610251984, 0.23855070240198403, 0.23723006584545517, 0.23382870996466099, 0.2291522074004103, 0.225158540532883, 0.22287549592496228], "topic_strength": 42.63209882086602, "top_10_strength": 4.578158386301932, "label": "Agent & Skill"}, {"topic_id": 1, "top_words": ["component", "page", "cs", "bun", "tailwind", "react", "pnpm", "supabase", "server", "color", "typescript", "nextjs", "app", "content", "route", "client", "auth", "image", "state", "router"], "weights": [0.7609160124472845, 0.4592331510504681, 0.39346706868976206, 0.3664640871330811, 0.2943497909578135, 0.2839512744964469, 0.27762925080251516, 0.268375024892078, 0.24509029024783247, 0.2422327402792606, 0.24064936230411185, 0.2372656642708993, 0.2168375891917255, 0.21622364984698889, 0.21172873306931458, 0.20858284850605138, 0.20144273587245823, 0.1993226622907096, 0.1907496680171462, 0.1887898480976834], "topic_strength": 28.503815796422465, "top_10_strength": 3.5917086909965423, "label": "Component & Page"}, {"topic_id": 2, "top_words": ["npm", "typescript", "dev", "lint", "eslint", "npx", "vitest", "react", "package", "git", "prisma", "nodejs", "mcp", "start", "testing", "backend", "docker", "node", "development", "type"], "weights": [1.611606518259413, 0.3671905234020363, 0.24785112611626314, 0.21783301626363025, 0.2159242903595436, 0.19177447330396227, 0.17810547480100195, 0.17764863494941943, 0.16928142594078158, 0.14951549646164877, 0.13770701761926393, 0.12884750384032134, 0.1258894582868859, 0.1230089481031009, 0.12061294191009943, 0.11757573971944447, 0.1149473974828236, 0.11357612221696364, 0.11073750089689363, 0.1092700999699514], "topic_strength": 15.11261581172156, "top_10_strength": 3.5267309798577005, "label": "Frontend Development"}, {"topic_id": 3, "top_words": ["python", "model", "data", "error", "service", "configuration", "tool", "function", "state", "type", "user", "make", "database", "dependency", "environment", "core", "pattern", "backend", "validation", "docker"], "weights": [0.4987838400449084, 0.3047597792058957, 0.29307291855282014, 0.2575288274080332, 0.2177279750527888, 0.2155591388057526, 0.19434450870513997, 0.18548913462907893, 0.1842686438014544, 0.1841609963503544, 0.18321886668859605, 0.18171877187696855, 0.17554171980790456, 0.16765564012971207, 0.16455994059595314, 0.16418294866489763, 0.16414476955886392, 0.16336677774024627, 0.1629425447899894, 0.1616604653891893], "topic_strength": 41.576795239201445, "top_10_strength": 2.5356957625562266, "label": "Data & APIs"}, {"topic_id": 4, "top_words": ["pnpm", "rust", "cargo", "flutter", "crate", "module", "package", "library", "extension", "release", "workspace", "function", "new", "add", "vitest", "native", "mock", "typescript", "android", "lint"], "weights": [0.8816680023231416, 0.8544221880340094, 0.4792908006705527, 0.235773051201986, 0.2312142479833102, 0.21652509465934439, 0.21250471307046812, 0.18428428227998114, 0.18194082707558248, 0.1553336956738297, 0.15108065564048798, 0.14402180901683304, 0.14225476976195314, 0.1395954416182256, 0.13839102164620956, 0.1315863814888905, 0.1298961542484336, 0.12894200460109637, 0.1238228482084991, 0.12359827410739839], "topic_strength": 17.364702566676108, "top_10_strength": 3.632956902972206, "label": "Frontend Development"}], "file_type": "claude_md"}