{"timestamp": "2026-06-06T03:17:02.031724", "success": true, "message": "Analysis complete with 500 files", "files_collected": 500, "topics_discovered": 5, "topics_data": [{"topic_id": 0, "top_words": ["git", "change", "task", "dont", "commit", "check", "user", "make", "rule", "write", "read", "work", "main", "step", "error", "plan", "feature", "workflow", "phase", "branch"], "weights": [0.5508960088476419, 0.5005258709062881, 0.4360156561538363, 0.38994997315083546, 0.37778328194994465, 0.30405018895827474, 0.29774770738717343, 0.2962723358621772, 0.28926185999293114, 0.2785393002058167, 0.2707643030602329, 0.2678623070834507, 0.2620953230763312, 0.257904845571422, 0.2572504636846077, 0.25335875714071193, 0.2473874645266431, 0.2440532767117754, 0.24287222347856632, 0.23497156983487225], "topic_strength": 45.093409687818536, "top_10_strength": 3.72104218341492, "label": "Git & Change"}, {"topic_id": 1, "top_words": ["npm", "component", "page", "cs", "tailwind", "typescript", "react", "content", "image", "development", "theme", "server", "app", "production", "start", "nextjs", "dev", "custom", "data", "color"], "weights": [0.79266857664938, 0.6178310733966544, 0.4402088540734273, 0.32004114988486143, 0.26560297273429484, 0.2504694241731208, 0.231840156085664, 0.23170952646171436, 0.2279050171084364, 0.22055134602451357, 0.2202334778340063, 0.2124382374977617, 0.21117193986999253, 0.20792917731690905, 0.196929930026834, 0.19553330369116748, 0.19243939630703294, 0.19212961091989283, 0.1730714456311947, 0.16410965764652877], "topic_strength": 28.146051375635807, "top_10_strength": 3.598828096592067, "label": "Frontend Development"}, {"topic_id": 2, "top_words": ["python", "model", "ratio", "data", "analysis", "tool", "pytest", "format", "evaluation", "skill", "training", "script", "json", "budget", "output", "automation", "usage", "flow", "dependency", "support"], "weights": [0.8531753612520155, 0.34033568037826484, 0.3036144200406152, 0.26712280049580955, 0.2645941177054282, 0.23781475957036954, 0.20428141463660332, 0.18245518980480566, 0.18077095161454093, 0.1771909809791516, 0.1753126759112296, 0.16915736570372458, 0.16226824319392086, 0.15364557724846076, 0.14636195186831658, 0.14189378795341265, 0.14090927491010957, 0.14019216318708835, 0.13404475458016862, 0.13163266019524267], "topic_strength": 23.20294060831366, "top_10_strength": 3.011355676477604, "label": "Data & APIs"}, {"topic_id": 3, "top_words": ["backend", "pnpm", "supabase", "frontend", "service", "bun", "auth", "user", "const", "import", "migration", "route", "docker", "return", "string", "client", "server", "type", "database", "typescript"], "weights": [0.37846350189999034, 0.35808897511589177, 0.34157926059677707, 0.3171401672836454, 0.3031327379847533, 0.27951300853940736, 0.2651652868925999, 0.2598674682737481, 0.2594682262133529, 0.24497037637979802, 0.2387108416109437, 0.2328051518263087, 0.22810196782404324, 0.22693979778641749, 0.2253054293242238, 0.21577043505639518, 0.2150284898202044, 0.21256460431371688, 0.21057247898873427, 0.19826115740175015], "topic_strength": 29.857888930143748, "top_10_strength": 3.0073890091799638, "label": "Frontend Development"}, {"topic_id": 4, "top_words": ["agent", "skill", "tool", "mcp", "context", "llm", "task", "session", "plugin", "repo", "result", "prompt", "token", "issue", "description", "team", "status", "markdown", "work", "root"], "weights": [1.1753459806521875, 0.4194460878038553, 0.32718066750365, 0.2139980882150276, 0.203663677863999, 0.18648999605634897, 0.16634837253643617, 0.1565599626820874, 0.13782865333821362, 0.12582103305502698, 0.12119297635307347, 0.11915451291385618, 0.11353981822473178, 0.09773413196843472, 0.09695171945065369, 0.09557784920149137, 0.09414752438312551, 0.09353312812706142, 0.08890911508371084, 0.08698679795587189], "topic_strength": 17.585069893072614, "top_10_strength": 3.112682519706832, "label": "Agent & Skill"}], "file_type": "claude_md"}