{"timestamp": "2026-03-12T00:07:08.879478", "success": true, "message": "Analysis complete with 500 files", "files_collected": 500, "topics_discovered": 5, "topics_data": [{"topic_id": 0, "top_words": ["agent", "task", "change", "user", "update", "session", "new", "context", "documentation", "error", "git", "tool", "add", "rule", "feature", "workflow", "read", "model", "implementation", "review"], "weights": [0.5931378813405169, 0.43956531688306655, 0.3690755324850358, 0.31040738892328684, 0.29235236020755206, 0.2875312394892924, 0.2850267610011057, 0.2816398939427118, 0.27711722427690066, 0.2750644239965031, 0.27273732530878075, 0.27227236092300416, 0.26380006109496906, 0.2545673054120067, 0.24953624951213088, 0.2383623530221057, 0.23467286589225506, 0.22905349685012857, 0.22821302714054115, 0.226121242808379], "topic_strength": 60.76068397651166, "top_10_strength": 3.410918022545972, "label": "User Interface"}, {"topic_id": 1, "top_words": ["npm", "component", "react", "typescript", "frontend", "backend", "page", "cs", "server", "production", "supabase", "dev", "tailwind", "app", "start", "vite", "state", "route", "database", "preview"], "weights": [0.958934538230278, 0.5254870791747258, 0.3877043100657087, 0.36170979009223986, 0.32837149314417696, 0.324475569102253, 0.3025998662361219, 0.29264172146268774, 0.2873824428171971, 0.25134828125950986, 0.2509796853988963, 0.2412909184593653, 0.2251232832048806, 0.2237433110932348, 0.21764209621683628, 0.21168882732126126, 0.19549417681532177, 0.1942728132833108, 0.18948262898563167, 0.18591402357524567], "topic_strength": 33.558682044541854, "top_10_strength": 4.020655091584898, "label": "Frontend Development"}, {"topic_id": 2, "top_words": ["bun", "react", "typescript", "server", "import", "prisma", "dev", "instead", "lint", "route", "sse", "postgresql", "service", "const", "schema", "html", "zod", "install", "vite", "port"], "weights": [1.6081066456709028, 0.1315839130253192, 0.11024830054748365, 0.10799799486329532, 0.10437366311439462, 0.10266843542919027, 0.09538798718921271, 0.09195388345058932, 0.08914495757019503, 0.0830354891530276, 0.08195384727684288, 0.07005346644631583, 0.06927008833873871, 0.06809292199477733, 0.06796100819897226, 0.06769183965270018, 0.06744338283814234, 0.06539768677155419, 0.06320852480588718, 0.06303332129030115], "topic_strength": 9.953837712553218, "top_10_strength": 2.524501270013611, "label": "Frontend Development"}, {"topic_id": 3, "top_words": ["python", "environment", "install", "pytest", "model", "script", "fastapi", "running", "import", "configuration", "llm", "venv", "pip", "training", "notebook", "docker", "package", "env", "dependency", "mainpy"], "weights": [1.4686223163132774, 0.2785828594609069, 0.2640536855403244, 0.241761351470292, 0.23609925904390416, 0.2220132553716351, 0.17901648431095551, 0.16791484428385903, 0.16027427619044077, 0.15342551509818148, 0.15140660374249532, 0.14864820458987127, 0.1428018211235897, 0.13986289189742157, 0.13896311458129823, 0.12754314530847874, 0.12216513669173629, 0.12054418338693447, 0.11229401421456216, 0.11087118005701237], "topic_strength": 18.487364136950283, "top_10_strength": 3.371763847083776, "label": "Python & Environment"}, {"topic_id": 4, "top_words": ["pnpm", "package", "typescript", "schema", "component", "nextjs", "app", "prisma", "zod", "story", "react", "tailwind", "workspace", "hook", "strict", "cs", "import", "export", "monorepo", "cloudflare"], "weights": [1.470730570493661, 0.2601858816581575, 0.2349175023384816, 0.1726905497860154, 0.1710882057600613, 0.16359108804911943, 0.14842725379220792, 0.13437142602044097, 0.12875594083900105, 0.12399752997874253, 0.1234939829514622, 0.12126345935796012, 0.1211365243012603, 0.11953963473760347, 0.11154223831653651, 0.10503932849701614, 0.09830300150786782, 0.09586265635781495, 0.09505478804291576, 0.09267444111944245], "topic_strength": 15.07370745059214, "top_10_strength": 3.008755948715888, "label": "Frontend Development"}]}