{"timestamp": "2026-04-08T00:57:53.631512", "success": true, "message": "Analysis complete with 500 files", "files_collected": 500, "topics_discovered": 5, "topics_data": [{"topic_id": 0, "top_words": ["service", "database", "model", "error", "user", "return", "event", "application", "domain", "method", "configuration", "module", "layer", "function", "http", "logic", "state", "docker", "request", "post"], "weights": [0.43999422152217077, 0.3478243065234385, 0.32452963754592323, 0.31433451279358837, 0.3017515842980844, 0.28894816016822866, 0.27794505951229825, 0.277747875376781, 0.27276130877317656, 0.2659742588697677, 0.2638656850987527, 0.25211470793323293, 0.24461355591540968, 0.24328569341117126, 0.24225534399635504, 0.2328938835427652, 0.22980335253395612, 0.22970860692589726, 0.22686627622189945, 0.22522036477322013], "topic_strength": 56.39589604709664, "top_10_strength": 3.111810925383457, "label": "Data & APIs"}, {"topic_id": 1, "top_words": ["pnpm", "component", "typescript", "package", "bun", "server", "lint", "client", "nextjs", "app", "import", "tailwind", "dev", "react", "hook", "cs", "typecheck", "issue", "backend", "git"], "weights": [1.4181290333366754, 0.30107151253781494, 0.1710822408563287, 0.1514840839097851, 0.14869682583230343, 0.14834306075966674, 0.14787443784516982, 0.13162701011931896, 0.12557339633520537, 0.12470449757370086, 0.12454436546512385, 0.12083829370566466, 0.11933947515621685, 0.1189259196485414, 0.11841841439333474, 0.11135628902863628, 0.1016991872320873, 0.0999435247992337, 0.09953937477562295, 0.0958032750122133], "topic_strength": 14.499119905172684, "top_10_strength": 2.8685860991059693, "label": "Frontend Development"}, {"topic_id": 2, "top_words": ["agent", "task", "change", "skill", "session", "read", "git", "plan", "workflow", "tool", "context", "work", "review", "mcp", "step", "dont", "instruction", "commit", "memory", "rule"], "weights": [0.602464380805803, 0.47620544491331557, 0.3759777337873188, 0.34999355934219756, 0.2927539234972723, 0.2896422476686963, 0.2891200318904589, 0.28029538593683134, 0.26849651465785446, 0.25579917492220355, 0.2453467438478839, 0.2300803954808875, 0.22471093236859027, 0.21201483403482566, 0.21176354496355718, 0.19856200059198448, 0.1979515658921576, 0.18493383249049086, 0.1841550116951132, 0.18199412929501863], "topic_strength": 33.93741497779682, "top_10_strength": 3.480748397421951, "label": "Agent & Task"}, {"topic_id": 3, "top_words": ["npm", "component", "react", "typescript", "dev", "page", "cs", "frontend", "server", "backend", "development", "vite", "tailwind", "production", "preview", "start", "nextjs", "image", "prisma", "hook"], "weights": [1.1890717272710813, 0.4785699980813345, 0.4692942223554542, 0.38604349464405924, 0.3233758980865651, 0.27584957115196035, 0.27418289944147806, 0.2604680506759552, 0.2528721004671544, 0.23553566234323933, 0.22889712703123963, 0.20930240797808403, 0.20034350450638252, 0.19558347370439622, 0.19059087677376882, 0.18053601241583697, 0.18053276884759326, 0.17320498786850838, 0.17173404425118632, 0.17062138700391355], "topic_strength": 23.456469172642112, "top_10_strength": 4.145263624518282, "label": "Frontend Development"}, {"topic_id": 4, "top_words": ["python", "pytest", "install", "ruff", "script", "model", "pip", "format", "config", "str", "def", "output", "import", "analysis", "pipeline", "audio", "processing", "llm", "default", "make"], "weights": [1.3086009576270192, 0.3422460080699752, 0.2169477467830287, 0.19885009936689677, 0.17600291449800648, 0.17171145614288907, 0.16514154584436544, 0.15789441376926053, 0.1551182649159845, 0.14396285033101475, 0.14275956963524192, 0.13788037485147342, 0.13587881839610808, 0.13087030913538844, 0.13053755849685642, 0.13024556981943278, 0.12303987138223044, 0.12039340970785353, 0.12021339359788867, 0.11963667391196268], "topic_strength": 19.449706586407594, "top_10_strength": 3.0364762573484407, "label": "Python & Pytest"}]}