{"timestamp": "2026-06-09T03:50:11.737401", "success": true, "message": "Analysis complete with 500 files", "files_collected": 500, "topics_discovered": 5, "topics_data": [{"topic_id": 0, "top_words": ["python", "llm", "model", "api", "pytest", "phase", "cli", "tool", "docker", "anthropic", "env", "install", "pip", "ollama", "ruff", "mainpy", "agent", "development", "make", "json"], "weights": [1.1672964591615742, 0.5009823348327938, 0.4747272228283529, 0.4016106438801594, 0.3919535379131601, 0.3560396158449836, 0.22822485511116594, 0.22018233390421776, 0.2167265043349422, 0.2086921686129057, 0.2071035870983026, 0.2066440449029101, 0.19810691288876267, 0.1951151517777842, 0.18627233681869798, 0.18571838442363547, 0.182018937433447, 0.17990254585737447, 0.17777109562764107, 0.17669181938158351], "topic_strength": 26.365473187246415, "top_10_strength": 4.166435676424255, "label": "Data & APIs"}, {"topic_id": 1, "top_words": ["npm", "api", "react", "frontend", "backend", "component", "typescript", "server", "nextjs", "supabase", "dev", "app", "prisma", "production", "tailwind", "admin", "vite", "auth", "database", "service"], "weights": [0.8225773225755512, 0.502099415516676, 0.42788631987764625, 0.4225574962217979, 0.3891080257339462, 0.32956110050754056, 0.30165522892890406, 0.2709616157104831, 0.2632141123951266, 0.2567230198111062, 0.24998399274351263, 0.22231527289798017, 0.20096485566600586, 0.1974617851178542, 0.1753125530659012, 0.16799940508017822, 0.1646468880543024, 0.16380991191623548, 0.16274223490248374, 0.16272822739476198], "topic_strength": 20.592928980592365, "top_10_strength": 3.986343657278778, "label": "Frontend Development"}, {"topic_id": 2, "top_words": ["page", "cs", "content", "image", "component", "section", "site", "text", "indexhtml", "font", "html", "card", "theme", "title", "layout", "static", "animation", "link", "github", "dark"], "weights": [0.6418767492198174, 0.34165514032868344, 0.30840152981617497, 0.27644821276538006, 0.2499595099351954, 0.21709247206573, 0.21174399098983626, 0.2083104484490538, 0.20198919726408135, 0.19218681571604412, 0.19097576346709216, 0.18535849660306206, 0.18291279380666783, 0.16507921550459387, 0.16499222909594002, 0.1637324991915746, 0.15124285471923307, 0.15060236927490564, 0.14807827054749975, 0.14737385477021966], "topic_strength": 24.0254739529103, "top_10_strength": 2.8496640665499964, "label": "Page & Cs"}, {"topic_id": 3, "top_words": ["agent", "task", "skill", "read", "plan", "session", "change", "rule", "work", "make", "instruction", "git", "user", "review", "workflow", "step", "doc", "context", "commit", "tool"], "weights": [0.6606772659981321, 0.4249812421217407, 0.3862551460531821, 0.319993903778453, 0.30149914606877054, 0.2792057757145039, 0.26823339004339175, 0.26611043397510425, 0.24466459685548198, 0.23126725550012808, 0.2258408444320693, 0.22378904810741784, 0.22249484111833495, 0.2208642695263149, 0.20397508827388525, 0.20177052430830966, 0.20068715397920273, 0.19718300679841078, 0.19223511721141648, 0.19211946024678986], "topic_strength": 35.18765461949571, "top_10_strength": 3.3828881561088884, "label": "Agent & Task"}, {"topic_id": 4, "top_words": ["type", "function", "error", "cargo", "bun", "string", "data", "command", "const", "module", "rust", "pnpm", "package", "return", "pattern", "new", "query", "check", "event", "testing"], "weights": [0.3031088828698543, 0.27291437617564024, 0.27037354257914314, 0.2614627138501603, 0.25260942339757836, 0.2457704047685601, 0.23057085347353018, 0.22164124358360798, 0.21630860725610446, 0.21454682411717174, 0.20997787392532802, 0.20712112880944641, 0.19813138601759897, 0.19312788284228422, 0.16440573131616468, 0.16202050979667548, 0.1610957086723742, 0.16074041093238844, 0.1603250190093969, 0.1542724565114429], "topic_strength": 35.62066299657994, "top_10_strength": 2.4893068720713507, "label": "Code Guidelines"}], "file_type": "claude_md"}