{"timestamp": "2026-07-07T03:12:49.169424", "success": true, "message": "Analysis complete with 499 files", "files_collected": 499, "topics_discovered": 5, "topics_data": [{"topic_id": 0, "top_words": ["agent", "test", "run", "review", "step", "task", "code", "doc", "workflow", "change", "fix", "session", "issue", "pattern", "command", "plan", "check", "design", "context", "phase"], "weights": [0.7467093603077862, 0.4469430003515125, 0.44629683768437095, 0.4252433032129011, 0.4100075710497247, 0.4006458104539575, 0.3894117930215813, 0.3678260385452561, 0.3312026710359752, 0.32714470051321504, 0.29808362556407764, 0.29045997806726165, 0.2788652345961263, 0.278343982665591, 0.2657410715867068, 0.2655493101833923, 0.25866304845076754, 0.2475946040359196, 0.24342248980977202, 0.23436461781219534], "topic_strength": 49.59902440472938, "top_10_strength": 4.291431086176281, "label": "Testing & Quality"}, {"topic_id": 1, "top_words": ["methodology", "method", "result", "problem", "appropriate", "assumption", "practice", "validation", "domain", "theoretical", "literature", "documentation", "established", "technique", "best", "expertise", "understanding", "analysis", "complexity", "consider"], "weights": [0.5242521848898474, 0.5093824111299525, 0.46667034447345007, 0.44572007162445804, 0.42938085598129455, 0.35474274904769215, 0.3134077023405594, 0.31076662479964434, 0.30122179483407263, 0.2934448540162295, 0.29186519089032464, 0.2918377437372255, 0.28123585433983644, 0.26104504208812956, 0.25874349911960304, 0.25557912835393254, 0.25250252818219465, 0.24771773519927862, 0.24706364162843053, 0.24581377041894856], "topic_strength": 20.153054826193006, "top_10_strength": 3.9489895931372003, "label": "Methodology & Method"}, {"topic_id": 2, "top_words": ["const", "await", "test", "async", "string", "import", "return", "typescript", "error", "state", "react", "firebase", "pattern", "function", "api", "button", "component", "notification", "null", "let"], "weights": [0.5888489138564879, 0.5361321423619203, 0.4588832722947634, 0.41641583826094214, 0.36590849090655553, 0.36469482782456947, 0.31518940367390313, 0.27879563820213643, 0.22751452930834298, 0.19382756675480292, 0.1922690878587076, 0.18675159227500587, 0.1829154179931318, 0.17826224688402056, 0.17673681330608496, 0.1598989714392215, 0.157024847664719, 0.1438610621822777, 0.14263390005201892, 0.13850940779329052], "topic_strength": 23.03271990263723, "top_10_strength": 3.746210623444424, "label": "Testing & Quality"}, {"topic_id": 3, "top_words": ["python", "bash", "json", "image", "echo", "model", "run", "install", "prompt", "cli", "script", "api", "command", "input", "node", "url", "download", "video", "default", "token"], "weights": [0.6792313785456138, 0.6277599650968019, 0.3437315465128454, 0.33695417070080075, 0.328067616033289, 0.3124236729347382, 0.2911081540650455, 0.2459336655161146, 0.22250974805020987, 0.21042648359622723, 0.1750724347309462, 0.1739965423072523, 0.1735772187430408, 0.1672136341854074, 0.16708744247855378, 0.13996300687299806, 0.1391361693380754, 0.13879458409719928, 0.1345128087130468, 0.12723931373162958], "topic_strength": 22.630418068950334, "top_10_strength": 3.598146401051686, "label": "Python & Bash"}, {"topic_id": 4, "top_words": ["page", "content", "keyword", "seo", "analysis", "search", "incident", "drop", "topic", "overlap", "product", "impact", "market", "analytics", "intent", "section", "step", "url", "data", "technical"], "weights": [0.5323983653855656, 0.4298247165911666, 0.28086446716025026, 0.2513514452669532, 0.24066512330233247, 0.22196498827386255, 0.21060225564319132, 0.20699965235850015, 0.20066878292839052, 0.19517862920354573, 0.19420613946917456, 0.1876130853796007, 0.18166081789438962, 0.18046345803719832, 0.16838705678802054, 0.159520801625295, 0.15885539903833173, 0.1544912318675115, 0.1482900935730895, 0.1470635634943122], "topic_strength": 26.118810029458068, "top_10_strength": 2.7705184261137585, "label": "Page & Content"}], "file_type": "skill_md"}