{"timestamp": "2026-05-24T03:59:28.119201", "success": true, "message": "Analysis complete with 500 files", "files_collected": 500, "topics_discovered": 5, "topics_data": [{"topic_id": 0, "top_words": ["import", "tool", "python", "model", "type", "data", "error", "return", "api", "function", "service", "llm", "class", "user", "state", "const", "key", "client", "await", "string"], "weights": [0.5457080361543976, 0.4679441460979238, 0.4458260238215706, 0.4153480227950448, 0.40150920257167705, 0.3369233984993898, 0.33538278746019634, 0.3339829333169872, 0.3228139575493038, 0.2740250554677971, 0.2734843823484995, 0.2662122266982442, 0.26581151049095325, 0.25597850832756974, 0.24180881413849611, 0.2338983244352696, 0.22952426349233693, 0.22302938015813314, 0.22263620166600764, 0.21437790467008333], "topic_strength": 54.42395106377532, "top_10_strength": 3.879463563734287, "label": "Import & Tool"}, {"topic_id": 1, "top_words": ["npm", "install", "backend", "dev", "frontend", "api", "lint", "vitest", "typescript", "bash", "vite", "playwright", "react", "app", "server", "component", "cs", "doc", "unit", "local"], "weights": [1.507925257404172, 0.3101171331008944, 0.29523305284483253, 0.2803659421312956, 0.273772361888564, 0.24381314513373056, 0.235763407706652, 0.22413531125226593, 0.22011471802809535, 0.2121130338558719, 0.20238066479623523, 0.17978831295619857, 0.17846509942483638, 0.17401856708622362, 0.15142438520200718, 0.15067776290210322, 0.14930142865126328, 0.14788560181597565, 0.14447647363945457, 0.1275627196811264], "topic_strength": 20.782837178620504, "top_10_strength": 3.8033533633463743, "label": "Frontend Development"}, {"topic_id": 2, "top_words": ["change", "git", "commit", "make", "work", "command", "issue", "task", "update", "cargo", "bash", "guideline", "doc", "check", "instruction", "new", "source", "directory", "workflow", "push"], "weights": [0.561686651256704, 0.38170534837391257, 0.32827034864990107, 0.31761660549930243, 0.27512779875640403, 0.26744747263917634, 0.26319580199168613, 0.25250740232558183, 0.24963181459770348, 0.2355283640293667, 0.2258671980340106, 0.22482117130415422, 0.21714273156082206, 0.20820835536322835, 0.2016838415920893, 0.19853531848345563, 0.19812135055003202, 0.19348846055053934, 0.19094677999460927, 0.19005222912834296], "topic_strength": 38.81426208506751, "top_10_strength": 3.132717608119738, "label": "Change & Git"}, {"topic_id": 3, "top_words": ["pnpm", "component", "react", "typescript", "lint", "package", "dev", "type", "vitest", "app", "tailwind", "filter", "cs", "exec", "web", "check", "frontend", "style", "api", "server"], "weights": [1.5885794232178156, 0.27788182398660083, 0.21461573126779263, 0.20451804436186236, 0.1790304046661149, 0.16440360654391942, 0.1608118972029536, 0.14232387453943987, 0.13994671893830085, 0.13348487416631172, 0.1288668382819651, 0.12868527186634995, 0.12057542324759467, 0.12024029559592378, 0.11847467097532836, 0.10949375316062376, 0.10711282383680414, 0.1014543072670947, 0.09642153634150635, 0.09623052922500477], "topic_strength": 14.842844257785414, "top_10_strength": 3.205596398891112, "label": "Frontend Development"}, {"topic_id": 4, "top_words": ["skill", "pressure", "scenario", "tdd", "markdown", "write", "instruction", "green", "workflow", "red", "codex", "refactor", "dont", "testing", "rule", "read", "php", "agentsmd", "delete", "new"], "weights": [1.3587161920924578, 0.37338507680682714, 0.28869346623986775, 0.24324186492122127, 0.15258896113374004, 0.146834976957118, 0.14579103363598345, 0.14556119387496114, 0.13251691863872275, 0.13098047711173863, 0.12896880674219965, 0.11107403191937677, 0.10444090195196173, 0.10040203323796225, 0.09899811014512556, 0.09436160960201748, 0.09249238876036317, 0.09022302194969972, 0.09011187324280256, 0.08910326116440945], "topic_strength": 14.483033721679737, "top_10_strength": 3.1183101614126376, "label": "Skill & Pressure"}], "file_type": "agents_md"}