{"timestamp": "2026-02-20T03:17:47.003084", "success": true, "message": "Analysis complete with 500 files", "files_collected": 500, "topics_discovered": 5, "topics_data": [{"topic_id": 0, "top_words": ["agent", "task", "skill", "tool", "work", "user", "read", "instruction", "memory", "make", "plan", "context", "change", "rule", "feature", "git", "mcp", "workflow", "issue", "implementation"], "weights": [0.7161839351885554, 0.5647518591387161, 0.44048861259948735, 0.4372757410359425, 0.3390215086342966, 0.3172566353366346, 0.3164672963662149, 0.31253112191537635, 0.2994042604063654, 0.2912832937696817, 0.27631457761560807, 0.27433749888546455, 0.27218714114155296, 0.26793635998726406, 0.25255353800617725, 0.24968050744550116, 0.2457402502935143, 0.2423597528752962, 0.23373113265154308, 0.2331674042201441], "topic_strength": 45.34301834355603, "top_10_strength": 4.034664264391271, "label": "Agent & Task"}, {"topic_id": 1, "top_words": ["npm", "pnpm", "typescript", "frontend", "react", "backend", "component", "api", "lint", "type", "server", "dev", "nextjs", "import", "eslint", "worker", "hook", "app", "start", "database"], "weights": [0.8579838603294263, 0.7658407352504732, 0.5015122601136783, 0.41701537803557076, 0.35393994547507274, 0.34853646316465176, 0.3188110919861419, 0.30645358307308296, 0.28722745508462744, 0.27201502757485063, 0.21398959147006516, 0.2129415210052352, 0.2090502627133664, 0.1969913286170405, 0.1821954154296984, 0.17440760670418473, 0.15128250594490886, 0.1481523997127383, 0.14737231962522354, 0.14285468921541455], "topic_strength": 22.197946225922266, "top_10_strength": 4.429335800087577, "label": "Frontend Development"}, {"topic_id": 2, "top_words": ["bun", "react", "component", "state", "import", "instead", "typescript", "hook", "type", "app", "web", "node", "check", "vitest", "testing", "const", "route", "zod", "schema", "html"], "weights": [1.6622131284925086, 0.21176596244643164, 0.20949120834941068, 0.19390542450767512, 0.18436258564925603, 0.18090335919595915, 0.13728843635392604, 0.12904362505968153, 0.12218074206524236, 0.1060426819061657, 0.1038651263594172, 0.10342175027259351, 0.0918170287153349, 0.08888050793507941, 0.08173695961225774, 0.08123937084462385, 0.07993387057545688, 0.07975964823617292, 0.07459010277902164, 0.07045747637752495], "topic_strength": 12.58944181609879, "top_10_strength": 3.1371971540262567, "label": "Frontend Development"}, {"topic_id": 3, "top_words": ["python", "api", "model", "data", "configuration", "service", "error", "database", "integration", "import", "environment", "dependency", "testing", "class", "pytest", "return", "management", "layer", "application", "method"], "weights": [0.759174860471394, 0.45912610802303205, 0.35310041367937245, 0.3133353993008397, 0.24786347022484476, 0.21633656740369733, 0.20991322825019576, 0.20775588167167183, 0.203495269342618, 0.1987148987280648, 0.19737566888645497, 0.1931884611622424, 0.1898838616625499, 0.17927364623624398, 0.17498463900085356, 0.17388633177788798, 0.1728345604293821, 0.17093916510869892, 0.159791029179106, 0.15843054243249538], "topic_strength": 38.75644210510247, "top_10_strength": 3.168816097095731, "label": "Data & APIs"}, {"topic_id": 4, "top_words": ["page", "component", "content", "blog", "cs", "site", "color", "image", "post", "animation", "theme", "layout", "custom", "html", "static", "card", "navigation", "link", "font", "tailwind"], "weights": [0.5144894337010385, 0.4500466851694111, 0.35172347331043113, 0.3464688222421972, 0.3439535315552905, 0.2524546277571853, 0.251988515924197, 0.24287580542937562, 0.2270524318644347, 0.2168111353681484, 0.20922730071149678, 0.1972843693628617, 0.18847105587006333, 0.17431765600389446, 0.16823388131897418, 0.16648418143870972, 0.16110256758187988, 0.16101085124898043, 0.15472708800231372, 0.15236980523831054], "topic_strength": 24.486399888783733, "top_10_strength": 3.19786446232171, "label": "Page & Component"}]}