{"timestamp": "2026-07-11T04:03:48.057385", "success": true, "message": "Analysis complete with 500 files", "files_collected": 500, "topics_discovered": 5, "topics_data": [{"topic_id": 0, "top_words": ["npm", "component", "type", "bun", "api", "module", "prefer", "package", "behavior", "repository", "add", "guideline", "script", "make", "commit", "command", "new", "doc", "import", "rule"], "weights": [0.6874298447711515, 0.36776200178379187, 0.31307384931427346, 0.298720734297389, 0.2909289048167996, 0.28395763891680487, 0.2799715311766498, 0.27937452617821135, 0.25728818570754125, 0.2522914260621546, 0.24652285389086095, 0.2454928044955939, 0.2399641837051968, 0.2387597024943581, 0.23618325895595932, 0.23471178725676814, 0.23387966160734786, 0.23387450877423618, 0.23258932155681725, 0.23039822755773562], "topic_strength": 57.389748984044815, "top_10_strength": 3.310798643024768, "label": "Frontend Development"}, {"topic_id": 1, "top_words": ["pnpm", "lint", "type", "package", "typecheck", "dev", "install", "import", "vite", "extension", "comment", "shared", "format", "workspace", "typescript", "server", "mcp", "filter", "unit", "check"], "weights": [2.0311750296116657, 0.20734111119999019, 0.19019112054626644, 0.18724193131533265, 0.1781915723919214, 0.16886219056845053, 0.1492992258177128, 0.1454339457159609, 0.1296776607747979, 0.12710598235836004, 0.12462753386797085, 0.12360998631964454, 0.1234248064379955, 0.12041795364617094, 0.1102368106625885, 0.10331892725682852, 0.10300932461430459, 0.09431518385677129, 0.09320842000311333, 0.09041167066395106], "topic_strength": 12.423324625531224, "top_10_strength": 3.5145197703004585, "label": "Frontend Development"}, {"topic_id": 2, "top_words": ["tool", "model", "mcp", "return", "python", "llm", "skill", "result", "prompt", "description", "schema", "str", "execution", "json", "task", "step", "search", "import", "analysis", "user"], "weights": [1.090155935193383, 0.389271357095565, 0.3855818730391771, 0.30548495411089077, 0.276792486683643, 0.26808655162836803, 0.25717370426372266, 0.24125401373130356, 0.22673817904181906, 0.22228834110023954, 0.19895341558229085, 0.19862023356232594, 0.19690622523377718, 0.19290761985620128, 0.19074249796278628, 0.18343973717992368, 0.17173637285378424, 0.1704329957024988, 0.16829404058416544, 0.16685034947906904], "topic_strength": 35.30486286229889, "top_10_strength": 3.662827395888112, "label": "Tool & Model"}, {"topic_id": 3, "top_words": ["work", "push", "issue", "bead", "git", "complete", "session", "ready", "tracking", "claim", "close", "update", "bash", "remote", "status", "workflow", "mandatory", "source", "branch", "task"], "weights": [0.7175501387916693, 0.6414122356786099, 0.6381230144452331, 0.4794459103552932, 0.459917727044158, 0.327968502167423, 0.3260331722174857, 0.30771869157620224, 0.27182327233146436, 0.26259215479768017, 0.2624159462695245, 0.25609631703385377, 0.2345252084490552, 0.22887980726997784, 0.18401884761343382, 0.18128832426324953, 0.18003719474645025, 0.17897076204148168, 0.1691017184329277, 0.16577333121931495], "topic_strength": 18.732969950179264, "top_10_strength": 4.4325848194052195, "label": "Work & Push"}, {"topic_id": 4, "top_words": ["training", "nextjs", "writing", "breaking", "know", "apis", "guide", "read", "relevant", "version", "convention", "structure", "data", "skill", "exact", "changed", "readmemd", "doc", "swift", "guidance"], "weights": [0.61628991529518, 0.5670003485236264, 0.5535263411900638, 0.520598025850083, 0.4985544032132179, 0.4599432356082364, 0.43576435618744197, 0.4351767907856361, 0.4211859582758847, 0.38907305525253044, 0.3378018983521081, 0.32377865183843085, 0.3204273253769532, 0.11555122368970829, 0.10042957529023704, 0.08546019565640281, 0.07723621722519675, 0.07446353578576598, 0.06066634972468204, 0.05492166091115978], "topic_strength": 8.782245864109607, "top_10_strength": 4.897112430181901, "label": "Training & Nextjs"}], "file_type": "agents_md"}