{"timestamp": "2026-07-12T03:29:39.837264", "success": true, "message": "Analysis complete with 500 files", "files_collected": 500, "topics_discovered": 5, "topics_data": [{"topic_id": 0, "top_words": ["tool", "model", "function", "python", "type", "new", "make", "error", "return", "import", "task", "module", "add", "user", "command", "package", "check", "build", "line", "data"], "weights": [0.6111992358367667, 0.37972280664435215, 0.36465218667843297, 0.33947205563851207, 0.3125073078135741, 0.29762129698176687, 0.28071661883326077, 0.27586948484040014, 0.2689582431717284, 0.26785715531779375, 0.26440912914481496, 0.24820696093372835, 0.2474465616653225, 0.24714022011668904, 0.2452358266997072, 0.2377925527474505, 0.22898803436866147, 0.22279124719330892, 0.22225079986967103, 0.22103024018280842], "topic_strength": 63.544971935999435, "top_10_strength": 3.3985763917565883, "label": "Code Guidelines"}, {"topic_id": 1, "top_words": ["npm", "build", "component", "react", "typescript", "page", "dev", "frontend", "install", "api", "astro", "lint", "vite", "bash", "app", "route", "guideline", "cs", "backend", "import"], "weights": [1.2241374737660735, 0.48028113240380543, 0.3190168304283196, 0.24562206211480328, 0.23409899758956607, 0.23034346474866654, 0.22207840325249711, 0.21367417254954535, 0.19862187977971055, 0.19740074284133904, 0.19615181596096476, 0.19261201256775318, 0.18627176604889706, 0.1744008685943377, 0.16307476537680807, 0.16068917939975036, 0.16006481537654507, 0.15801121209828753, 0.14239434097063, 0.1407007181800385], "topic_strength": 26.446468143807415, "top_10_strength": 3.5652751594743264, "label": "Frontend Development"}, {"topic_id": 2, "top_words": ["skill", "readmemd", "guidance", "swift", "agentsmd", "manager", "read", "package", "general", "target", "note", "architecture", "documentation", "shared", "development", "instruction", "workspace", "convention", "doc", "available"], "weights": [1.0901721830921225, 0.5606282535593902, 0.3678425997005291, 0.3439731092536075, 0.2623277373300729, 0.21032512085113858, 0.20568287567815433, 0.19987007083713315, 0.1892221969225461, 0.17389656395383576, 0.17221515955822467, 0.1650742881042963, 0.16055297074711689, 0.14683496986847092, 0.13976474037785064, 0.13482886356587123, 0.1289604396826502, 0.11868437454581854, 0.11461821016476557, 0.10991695717976016], "topic_strength": 13.656320658127282, "top_10_strength": 3.6039407111785304, "label": "Skill & Readmemd"}, {"topic_id": 3, "top_words": ["pnpm", "package", "release", "build", "typecheck", "lint", "vite", "dev", "install", "type", "comment", "doc", "typescript", "check", "format", "exec", "rule", "schema", "filter", "component"], "weights": [1.6631506162846292, 0.22574519563386497, 0.20343372807504953, 0.18784521454876746, 0.18378934987248002, 0.1630615004410261, 0.15080612004889168, 0.14742693114405406, 0.14648915995998313, 0.13891882240935255, 0.11136075162170396, 0.10766579422573688, 0.10346027441314799, 0.09569406526387832, 0.09172284920761173, 0.0905730646733271, 0.0898128216078255, 0.08539523601841212, 0.08493431663125982, 0.08423842848300997], "topic_strength": 12.568450267949961, "top_10_strength": 3.2106666384180986, "label": "Frontend Development"}, {"topic_id": 4, "top_words": ["training", "writing", "nextjs", "breaking", "know", "apis", "read", "guide", "relevant", "version", "data", "convention", "structure", "exact", "changed", "doc", "admin", "function", "product", "npx"], "weights": [0.5498308932768979, 0.5025360978550156, 0.497619119759181, 0.4655600289221409, 0.428800133193434, 0.4177132012119994, 0.3944691543151082, 0.37513365065793675, 0.3667326412685877, 0.3508983434514123, 0.30182162967242343, 0.28477205433897773, 0.2775083820917359, 0.13197314428389004, 0.11780348810194319, 0.10081115523167208, 0.0677726307849875, 0.05214378537075641, 0.03742180579594143, 0.03705777107317907], "topic_strength": 8.605926455587305, "top_10_strength": 4.349293263911714, "label": "Training & Writing"}], "file_type": "agents_md"}