{"timestamp": "2026-07-03T03:30:25.613935", "success": true, "message": "Analysis complete with 298 files", "files_collected": 298, "topics_discovered": 5, "topics_data": [{"topic_id": 0, "top_words": ["python", "skill", "command", "make", "doc", "task", "behavior", "bash", "documentation", "commit", "workflow", "tool", "check", "module", "user", "git", "example", "rule", "update", "package"], "weights": [0.3922437060670586, 0.3006133815669508, 0.2889956721834822, 0.2850497873279203, 0.2784454293079815, 0.25777368004116574, 0.25761217398236747, 0.2543762021220825, 0.24307747235938823, 0.24243430384928807, 0.24182887696241687, 0.23498784156748787, 0.2300929137636493, 0.2255312317685817, 0.22471422381225836, 0.22462600243320863, 0.22266315688873764, 0.2225851205645837, 0.22178833694766167, 0.22156238614549054], "topic_strength": 50.9589871773521, "top_10_strength": 2.8006218088076853, "label": "Documentation"}, {"topic_id": 1, "top_words": ["training", "differ", "nextjs", "breaking", "know", "writing", "apis", "relevant", "guide", "read", "version", "data", "convention", "structure", "exact", "changed", "npx", "doc", "admin", "number"], "weights": [0.609722983041871, 0.5719184595927078, 0.5327978600821517, 0.49803415989235916, 0.4973063758579012, 0.48428393843955486, 0.4514835544473318, 0.41093465286697495, 0.39961134054373726, 0.38011953352849653, 0.35346705588718347, 0.32583477939469085, 0.29782917908848233, 0.29701682980504684, 0.05851416316716427, 0.05373022457469072, 0.03963045986824511, 0.03734702806374548, 0.029026273044053492, 0.028381798079206502], "topic_strength": 7.831033348278972, "top_10_strength": 4.836212858293086, "label": "Training & Differ"}, {"topic_id": 2, "top_words": ["npm", "bun", "frontend", "typescript", "lint", "react", "dev", "api", "backend", "vitest", "bash", "electron", "component", "eslint", "npx", "app", "vite", "cli", "hook", "install"], "weights": [1.356133138613667, 0.3179571481722523, 0.30358873871872083, 0.25556299168206464, 0.19764200519842995, 0.19362817536856655, 0.19161776066050634, 0.17042218823146793, 0.1503210789654143, 0.1482064018812705, 0.14602889533061514, 0.1410432970416075, 0.13471266626173872, 0.13349808353461218, 0.13083860991890497, 0.130157746607538, 0.12638881578265249, 0.12364110886313928, 0.12085481143860201, 0.11797973478276692], "topic_strength": 17.85977406763665, "top_10_strength": 3.2850796274923604, "label": "Frontend Development"}, {"topic_id": 3, "top_words": ["const", "import", "return", "function", "await", "string", "tool", "type", "export", "typescript", "model", "async", "error", "job", "data", "api", "class", "event", "component", "state"], "weights": [0.5425723823622239, 0.3941232127707209, 0.359255824282469, 0.3011470872780498, 0.2434427239493433, 0.23486229064781383, 0.22796948822120353, 0.21887034547833162, 0.2000818578281161, 0.17976221905242315, 0.17874055670386801, 0.1760235163590375, 0.17197003632108576, 0.1641831874740974, 0.1539571891693547, 0.15140062808087926, 0.15097319604603382, 0.1498678481256085, 0.131452159605851, 0.13011937863297696], "topic_strength": 26.70169603029906, "top_10_strength": 2.9020874318706946, "label": "Code Guidelines"}, {"topic_id": 4, "top_words": ["pnpm", "cargo", "backend", "frontend", "rust", "api", "check", "component", "type", "bash", "lint", "provider", "app", "command", "shared", "page", "dev", "render", "post", "dist"], "weights": [1.2908061773406554, 0.2514396709908561, 0.20408045736680236, 0.19791068952486388, 0.19569810708685015, 0.1483739611213458, 0.13405513291618404, 0.12985407982355737, 0.12000665342782033, 0.10946919121031627, 0.10506760685493642, 0.09906312320518555, 0.09683677452394159, 0.09255116239446447, 0.09195330272211784, 0.08649424287067674, 0.08327922742480855, 0.08260275897659172, 0.08092752651173275, 0.07895682826341308], "topic_strength": 9.31477637913303, "top_10_strength": 2.781694120809252, "label": "Frontend Development"}], "file_type": "agents_md"}