{"timestamp": "2026-06-19T03:41:04.791226", "success": true, "message": "Analysis complete with 500 files", "files_collected": 500, "topics_discovered": 5, "topics_data": [{"topic_id": 0, "top_words": ["change", "task", "rule", "make", "new", "check", "user", "dont", "git", "add", "fix", "version", "update", "work", "plan", "commit", "step", "release", "model", "error"], "weights": [0.4112098697720182, 0.36113346511412203, 0.35957044474110794, 0.352799677755681, 0.33650884854669005, 0.32415604906681406, 0.3213690592536571, 0.3088766638473104, 0.290742627729398, 0.27894012407145047, 0.27413252394471116, 0.2593540573278019, 0.2557215540376019, 0.2555275048489158, 0.24270662463100345, 0.24218539193733016, 0.24036627638167718, 0.23533315141661523, 0.22808786477002801, 0.2272292682904834], "topic_strength": 59.68701144356717, "top_10_strength": 3.3453068298982487, "label": "Change & Task"}, {"topic_id": 1, "top_words": ["npm", "component", "api", "frontend", "backend", "page", "typescript", "server", "app", "cs", "client", "dev", "react", "route", "data", "const", "auth", "tailwind", "database", "production"], "weights": [0.7798619390942833, 0.45843609596291274, 0.33398826445941854, 0.3088945218302168, 0.2851667974647752, 0.2814139830629602, 0.26174003369045884, 0.25334290189682385, 0.24633996452966708, 0.24545862628728618, 0.24032603187907972, 0.23751908853921894, 0.23655092528734367, 0.2290371996454883, 0.21007635861015997, 0.209936682635947, 0.20813716327357565, 0.18632319957703566, 0.18496989913363118, 0.18347425691412905], "topic_strength": 32.13936229789593, "top_10_strength": 3.4546431282788026, "label": "Frontend Development"}, {"topic_id": 2, "top_words": ["python", "ratio", "pytest", "model", "tool", "json", "api", "budget", "data", "analysis", "format", "automation", "flow", "llm", "install", "usage", "calculation", "output", "purpose", "allocation"], "weights": [1.1362070005929275, 0.3946758271450527, 0.293244034604963, 0.2897080049496798, 0.27932963851431236, 0.2651360704584877, 0.2357435847445193, 0.2049450911733984, 0.2024124262019422, 0.19834375071615942, 0.19783411805402756, 0.1836117710221297, 0.1715462621045401, 0.1639454360335603, 0.16174398967982526, 0.14966755352216793, 0.148091137613901, 0.14774856055050667, 0.12552006798465276, 0.12147364990354353], "topic_strength": 19.539491861520204, "top_10_strength": 3.499745429101442, "label": "Python & Ratio"}, {"topic_id": 3, "top_words": ["skill", "agent", "tool", "mcp", "llm", "description", "node", "instruction", "anthropic", "context", "frontmatter", "memory", "workflow", "read", "markdown", "model", "script", "hook", "review", "plugin"], "weights": [1.1470497346946331, 0.9336757477939913, 0.18796690232559168, 0.1600181403963365, 0.14732812934007988, 0.14364909497155895, 0.13700174210334673, 0.12899494149467508, 0.12877805355532815, 0.12785464056986595, 0.12122774925094239, 0.10788380936441087, 0.10734818539981279, 0.10010842308386717, 0.09916076945600379, 0.09149368369655987, 0.09124485112770371, 0.08891403830733775, 0.0874496964266641, 0.08238738959049995], "topic_strength": 14.865886572367634, "top_10_strength": 3.242317127245408, "label": "Skill & Agent"}, {"topic_id": 4, "top_words": ["pnpm", "package", "typescript", "server", "prisma", "development", "client", "dev", "web", "component", "websocket", "lint", "hook", "react", "import", "eslint", "pdf", "start", "app", "filter"], "weights": [1.295426639196481, 0.3075283429287042, 0.1848940407316395, 0.1733769665899764, 0.13883961151838464, 0.130648297632875, 0.12439554503373686, 0.12325277061920348, 0.1189414539282185, 0.1185398673674542, 0.11507195879866414, 0.10917958426380538, 0.10704707314180652, 0.10627120248708682, 0.10598395657937816, 0.10399588897236121, 0.10236680558543985, 0.10219587334559144, 0.10145270536570106, 0.0987247625423642], "topic_strength": 14.511718804248291, "top_10_strength": 2.715843535546674, "label": "Frontend Development"}], "file_type": "claude_md"}