{
  "timestamp": "2026-02-06T00:41:32.706277",
  "success": true,
  "message": "Analysis complete with 500 files",
  "files_collected": 500,
  "topics_discovered": 5,
  "topics_data": [
    {
      "label": "Frontend Development",
      "top_10_strength": 4301.111363033927,
      "top_words": [
        "npm",
        "server",
        "database",
        "service",
        "user",
        "content",
        "page",
        "typescript",
        "react",
        "frontend",
        "management",
        "backend",
        "error",
        "endpoint",
        "environment",
        "app",
        "client",
        "post",
        "authentication",
        "state"
      ],
      "topic_id": 0,
      "topic_strength": 41646.02619443579,
      "weights": [
        623.5388608509729,
        549.2770771340372,
        461.16228873820285,
        450.6370497723206,
        440.292774164452,
        371.45116291779743,
        368.49757181550615,
        363.9018300729487,
        344.68760665241376,
        327.6651409152756,
        290.77891407333215,
        285.976665255005,
        280.50807065141305,
        276.02275435706633,
        258.3858520829327,
        257.12079320045495,
        246.2100927631401,
        242.01558048944673,
        241.02106668970868,
        238.12018240197716
      ]
    },
    {
      "label": "Frontend Development",
      "top_10_strength": 2279.7892768405786,
      "top_words": [
        "string",
        "event",
        "class",
        "image",
        "typescript",
        "state",
        "npm",
        "var",
        "core",
        "npx",
        "dependency",
        "null",
        "update",
        "interface",
        "entity",
        "return",
        "number",
        "port",
        "management",
        "version"
      ],
      "topic_id": 1,
      "topic_strength": 23262.69883840989,
      "weights": [
        388.03714015487066,
        300.1836680117024,
        238.21224670287967,
        234.52789246769524,
        233.28246055943592,
        218.15303924173145,
        186.26249265593972,
        162.61431503822828,
        160.5729137697104,
        157.94310823838478,
        157.708036451471,
        149.09636863966784,
        146.93509271905998,
        144.83865091603974,
        142.23378294971053,
        139.54691827970836,
        135.90478833823923,
        135.71338973999954,
        135.47409903563445,
        132.78220390063927
      ]
    },
    {
      "label": "User Interface",
      "top_10_strength": 3490.439694779041,
      "top_words": [
        "agent",
        "user",
        "phase",
        "task",
        "tool",
        "rule",
        "security",
        "create",
        "feature",
        "validation",
        "documentation",
        "skill",
        "context",
        "example",
        "php",
        "implementation",
        "layer",
        "model",
        "complete",
        "session"
      ],
      "topic_id": 2,
      "topic_strength": 33448.94284234574,
      "weights": [
        597.0385609411742,
        457.23238975270385,
        401.5877827090045,
        361.95603578424186,
        355.2606279076761,
        309.10384675066496,
        265.30598522211955,
        257.69411944366374,
        253.43953266995862,
        231.82081359783325,
        231.72685371135333,
        230.3940969057048,
        219.97124230197318,
        215.94235901592884,
        210.14252583638867,
        207.13194891538666,
        203.64914657794804,
        202.55661028275696,
        199.69198739140893,
        192.22803774325277
      ]
    },
    {
      "label": "Python & Memory",
      "top_10_strength": 2231.9771715491647,
      "top_words": [
        "python",
        "memory",
        "analysis",
        "model",
        "error",
        "mode",
        "result",
        "output",
        "performance",
        "strategy",
        "return",
        "err",
        "handling",
        "processing",
        "status",
        "language",
        "extraction",
        "detection",
        "rust",
        "management"
      ],
      "topic_id": 3,
      "topic_strength": 28448.706947864688,
      "weights": [
        323.8316801494224,
        258.7781202866063,
        240.09449401576455,
        239.48278821228743,
        234.94555939272382,
        213.08375888668107,
        184.66575936836182,
        182.5047282481383,
        181.3494764033888,
        173.24080658579004,
        167.07464182090322,
        164.1120758987055,
        151.93043245482292,
        148.57882671093978,
        145.6616717860671,
        142.095409442615,
        141.07613047564064,
        141.04345365739033,
        139.70515653288638,
        138.86291681388107
      ]
    },
    {
      "label": "Python & Import",
      "top_10_strength": 3111.6182579607907,
      "top_words": [
        "python",
        "import",
        "task",
        "tool",
        "change",
        "add",
        "documentation",
        "git",
        "example",
        "class",
        "implementation",
        "module",
        "value",
        "document",
        "package",
        "format",
        "environment",
        "create",
        "install",
        "version"
      ],
      "topic_id": 4,
      "topic_strength": 33133.86746422827,
      "weights": [
        585.9843562773385,
        360.33167714830546,
        338.57246233307524,
        287.03252751935327,
        279.1886621247904,
        269.7671924554274,
        268.66914771885934,
        261.1398784092061,
        240.84558840686506,
        220.08676556757038,
        214.1241480327028,
        212.25442385117836,
        206.77800045557754,
        205.8613923041034,
        203.46466810328445,
        189.47806014141403,
        186.56327635710988,
        186.0090564188818,
        184.77877449239838,
        184.52483468228843
      ]
    }
  ]
}