{"timestamp": "2026-04-25T00:15:48.479894", "success": true, "message": "Analysis complete with 500 files", "files_collected": 500, "topics_discovered": 5, "topics_data": [{"topic_id": 0, "top_words": ["agent", "session", "skill", "read", "task", "rule", "plan", "change", "work", "context", "decision", "git", "instruction", "user", "memory", "check", "dont", "commit", "tool", "feature"], "weights": [0.5696449346659822, 0.49413206046831737, 0.45574835162193866, 0.4527728734310534, 0.425075174669124, 0.3837323944706001, 0.35952378903159593, 0.3516179192545143, 0.3250905004030275, 0.30883989432850645, 0.2950282211620707, 0.2909470999058838, 0.281109408580718, 0.27269044968026473, 0.2685105999696233, 0.2635297279579236, 0.23705219083736825, 0.23688857414780762, 0.23598511434055347, 0.23319203202261385], "topic_strength": 42.07058821829678, "top_10_strength": 4.12617789234466, "label": "Agent & Session"}, {"topic_id": 1, "top_words": ["npm", "typescript", "component", "react", "api", "server", "route", "dev", "frontend", "type", "development", "import", "lint", "backend", "eslint", "database", "docker", "prisma", "error", "schema"], "weights": [1.1405084686403262, 0.3673518378215498, 0.3649642131743417, 0.3189085444110784, 0.3132076926182147, 0.20811544894288989, 0.20243173377346055, 0.20055920525111368, 0.18977058781444556, 0.18964710458210726, 0.18028392971636578, 0.1781382699755722, 0.17520418490838155, 0.16720602546370017, 0.16650324066114608, 0.16648459229780527, 0.16093708335490642, 0.15833754315453896, 0.14710292698379757, 0.14600325120672578], "topic_strength": 21.189939880887763, "top_10_strength": 3.4954648370295276, "label": "Frontend Development"}, {"topic_id": 2, "top_words": ["python", "model", "api", "data", "module", "configuration", "package", "event", "script", "mvn", "json", "tool", "integration", "service", "environment", "llm", "install", "core", "format", "cli"], "weights": [0.5577152936674507, 0.37000112416767045, 0.29040939948038014, 0.2902485913365409, 0.2887788860707924, 0.2362841179750855, 0.22785603377081062, 0.20082081461620688, 0.17792056330356876, 0.17627634241095824, 0.17601290004721584, 0.17494050323354585, 0.1667970560593621, 0.1667318631217715, 0.16322969998860826, 0.16236606591656103, 0.16153255402964312, 0.15813747154580104, 0.1576701064588526, 0.15498403773560948], "topic_strength": 34.92738335778415, "top_10_strength": 2.8163111667994642, "label": "Data & APIs"}, {"topic_id": 3, "top_words": ["page", "cs", "content", "section", "site", "layout", "text", "component", "card", "theme", "color", "github", "image", "hugo", "background", "html", "animation", "font", "static", "link"], "weights": [0.6293008180571441, 0.3114306979850154, 0.2977621925144371, 0.26259502957334613, 0.2573384726685012, 0.25183677858632014, 0.2045889317164219, 0.2029039844893993, 0.18863480268660637, 0.18650846929008813, 0.17590612135726338, 0.17488385673559498, 0.17482134513768818, 0.17371212526701277, 0.17302467835635102, 0.1707341827365124, 0.1694289255195044, 0.16573657470190645, 0.1551923821595371, 0.15331051650955757], "topic_strength": 26.22587856655242, "top_10_strength": 2.79290017756728, "label": "Page & Cs"}, {"topic_id": 4, "top_words": ["pnpm", "rust", "tauri", "react", "component", "frontend", "typescript", "package", "workspace", "import", "prisma", "nextjs", "backend", "dev", "filter", "tailwind", "database", "vitest", "app", "migration"], "weights": [1.1177843381475705, 0.311971774123427, 0.2937641057229166, 0.24086196897543288, 0.21467290777461415, 0.21402932417449907, 0.19489484878330823, 0.15197432384894408, 0.14712160585410736, 0.14431365145558986, 0.1388922123122708, 0.13075079045422291, 0.12938262715664672, 0.1292100905985412, 0.12881097260916838, 0.12746128700175086, 0.11338435992551957, 0.10982737611601513, 0.10762862460441212, 0.10464330355201618], "topic_strength": 13.979538565549412, "top_10_strength": 3.03138884886041, "label": "Frontend Development"}]}