{"timestamp": "2026-05-26T03:22:04.040832", "success": true, "message": "Analysis complete with 500 files", "files_collected": 500, "topics_discovered": 5, "topics_data": [{"topic_id": 0, "top_words": ["tool", "task", "model", "user", "work", "context", "session", "prompt", "read", "description", "return", "create", "json", "state", "rule", "git", "error", "data", "type", "bash"], "weights": [0.594260658754608, 0.44383609043762906, 0.3765105013501013, 0.367136203204141, 0.35801464298845076, 0.3158672352979453, 0.3151265175298571, 0.2653544524946202, 0.25105390256602345, 0.24481889017101524, 0.23265939496561439, 0.23029613974301855, 0.22582646618268737, 0.2221155952360322, 0.2199264379408474, 0.2184418638362066, 0.2163651535666156, 0.21529871484535446, 0.21479444105244985, 0.21047758471175135], "topic_strength": 56.51648509709846, "top_10_strength": 3.531979094794391, "label": "User Interface"}, {"topic_id": 1, "top_words": ["npm", "api", "backend", "frontend", "react", "component", "typescript", "dev", "install", "vite", "lint", "cs", "vitest", "page", "app", "server", "tailwind", "playwright", "doc", "route"], "weights": [1.200349795610555, 0.4097886783790277, 0.37725666678971626, 0.34476651495393945, 0.292986119899742, 0.2770434471408484, 0.2667892969738977, 0.2539026386778842, 0.22375858186164457, 0.21765950991498312, 0.21758322066635577, 0.21188657713700879, 0.21034061234615786, 0.1869896520529009, 0.1833798632128293, 0.18017514251586933, 0.177231566868854, 0.1618245264345818, 0.15881373793817008, 0.15235183230784605], "topic_strength": 24.620329552073926, "top_10_strength": 3.8643012502022387, "label": "Frontend Development"}, {"topic_id": 2, "top_words": ["pnpm", "component", "package", "typescript", "react", "dev", "app", "vitest", "lint", "tailwind", "tauri", "filter", "type", "check", "page", "workspace", "registry", "exec", "cs", "export"], "weights": [1.6326295101418897, 0.3468890292396162, 0.2423700844676288, 0.1975934162289921, 0.19717821348794434, 0.16974602272390107, 0.15112358983563248, 0.14675785184942716, 0.14000036536176877, 0.1310137435797681, 0.12680352695922967, 0.12430713094105886, 0.12305217214429229, 0.11643566261447157, 0.10524796988942255, 0.10381636148238178, 0.09782269412262422, 0.09781383725916219, 0.09664873282144203, 0.09290165794826791], "topic_strength": 17.104626385494335, "top_10_strength": 3.3553018269165684, "label": "Frontend Development"}, {"topic_id": 3, "top_words": ["skill", "pressure", "scenario", "directory", "tdd", "reference", "workflow", "instruction", "agentsmd", "rule", "doc", "contains", "green", "markdown", "write", "repo", "sql", "phase", "red", "dont"], "weights": [1.2146167079719, 0.2956039478290408, 0.22301559782131158, 0.19658746740553384, 0.1628789868997178, 0.14091571623769286, 0.13740849295793345, 0.13407526906159972, 0.13393383812540746, 0.13320350579443607, 0.13318701821854254, 0.11968052216742717, 0.10691140464221953, 0.10396332396883902, 0.10302551726521673, 0.09865103328379021, 0.09649082587945877, 0.09596882523906558, 0.09445478043698073, 0.08658435586951319], "topic_strength": 13.021297122243624, "top_10_strength": 2.772239530104574, "label": "File Management"}, {"topic_id": 4, "top_words": ["make", "python", "guideline", "module", "cargo", "commit", "pytest", "package", "style", "repository", "development", "function", "testing", "add", "script", "unit", "doc", "local", "configuration", "format"], "weights": [0.42637036703348474, 0.39503263682333467, 0.31090360465401357, 0.27492355826806275, 0.2687965540220338, 0.2658325298778996, 0.25921580990200077, 0.2248998142976708, 0.19111281858209866, 0.18128538304945013, 0.1808498919449587, 0.1801223770115369, 0.17393450173850583, 0.17276681003612912, 0.17205498954697246, 0.16327663584657218, 0.1627491337282356, 0.1608901525985392, 0.15900780474028806, 0.15572305396830333], "topic_strength": 30.091356028868905, "top_10_strength": 2.7983730765100496, "label": "Make & Python"}], "file_type": "agents_md"}