{"timestamp": "2026-05-29T03:57:19.382757", "success": true, "message": "Analysis complete with 500 files", "files_collected": 500, "topics_discovered": 5, "topics_data": [{"topic_id": 0, "top_words": ["test", "review", "code", "task", "check", "run", "git", "change", "issue", "fix", "evidence", "step", "project", "document", "commit", "root", "implementation", "phase", "validation", "plan"], "weights": [0.7241921405032159, 0.42706411464636984, 0.41412850218723457, 0.3917131377559289, 0.36957917773550303, 0.3572266890510083, 0.3412472961498608, 0.3311294007577629, 0.31339860430448807, 0.3004596630140116, 0.29578162930955104, 0.29106155086628765, 0.29069595711670365, 0.28486313017318476, 0.26214731683827247, 0.2379364298850316, 0.23286990900882515, 0.2238119552121381, 0.22376605409263123, 0.22100935786869697], "topic_strength": 42.76570208070861, "top_10_strength": 3.9701387261053833, "label": "Code Guidelines"}, {"topic_id": 1, "top_words": ["python", "memory", "xcstrings", "bash", "markdown", "srcclipy", "modern", "str", "check", "syntax", "import", "type", "performance", "instead", "lint", "format", "application", "cost", "json", "future"], "weights": [1.3619324430256252, 0.39223168163923716, 0.3385606721814527, 0.31960990229337677, 0.2978153938811257, 0.2795285644732488, 0.2539398952136789, 0.24809960175017, 0.22082127805118465, 0.2187247294426683, 0.2175300288319242, 0.21173913428880017, 0.21134100023442398, 0.16803626031042215, 0.15575942886283514, 0.1469553397735499, 0.13872522897399783, 0.12971986998628512, 0.12712097027858915, 0.1199104016013632], "topic_strength": 15.352040205175742, "top_10_strength": 3.931264161951768, "label": "Python & Memory"}, {"topic_id": 2, "top_words": ["typescript", "const", "component", "await", "string", "error", "return", "type", "async", "function", "event", "frontend", "api", "div", "import", "var", "null", "data", "pattern", "sync"], "weights": [0.7402429985282982, 0.7140037611098126, 0.4381462436105997, 0.3334333003532468, 0.30916344941596036, 0.30081717026421123, 0.29401508926188835, 0.2867194128415418, 0.25705398163575977, 0.2501993568840717, 0.20060976811292225, 0.17866210293824308, 0.1693169778431806, 0.16747859134039395, 0.15623847949868494, 0.15523157986352343, 0.1540874273986006, 0.148181976481687, 0.1441547636776913, 0.14318860349726578], "topic_strength": 19.992205476364223, "top_10_strength": 3.9237947639053905, "label": "Frontend Development"}, {"topic_id": 3, "top_words": ["search", "bash", "api", "url", "agent", "json", "query", "command", "curl", "run", "post", "token", "list", "session", "mcp", "data", "entity", "result", "tool", "response"], "weights": [0.48590495917034116, 0.46382821903692506, 0.301499939507115, 0.28034963754710096, 0.26193988144823743, 0.2574323353047697, 0.2434166884259073, 0.24094235078205553, 0.2267546159609342, 0.22277163899008434, 0.21919280408259845, 0.19999739555462073, 0.19233175324903695, 0.1862462061058986, 0.185629343348077, 0.17586888042255597, 0.17040876268989055, 0.1687083160674634, 0.1630255340241389, 0.16295477147026763], "topic_strength": 32.09480980783863, "top_10_strength": 2.9848402661734705, "label": "Data & APIs"}, {"topic_id": 4, "top_words": ["content", "topic", "voice", "step", "frontmatter", "section", "tech", "create", "div", "note", "writing", "plan", "sample", "word", "blog", "document", "decision", "instruction", "profile", "agent"], "weights": [0.7433449983601018, 0.6233718461009153, 0.38890842945410276, 0.37483465990154285, 0.3307846812353142, 0.29958363570273394, 0.29359708300498905, 0.2686240257128311, 0.25988150632590196, 0.25978979550025116, 0.2563034735689706, 0.2351903413155382, 0.2279271746709852, 0.22782240902349685, 0.2248338641620389, 0.21125966870070836, 0.20863615252492704, 0.20233809239444797, 0.20137884473562973, 0.19224496714027145], "topic_strength": 32.28789118901922, "top_10_strength": 3.8427206612986846, "label": "Content & Topic"}], "file_type": "skill_md"}