{"timestamp": "2026-03-22T00:16:43.785125", "success": true, "message": "Analysis complete with 500 files", "files_collected": 500, "topics_discovered": 5, "topics_data": [{"topic_id": 0, "top_words": ["python", "module", "configuration", "package", "pytest", "type", "script", "dependency", "error", "function", "output", "pattern", "core", "model", "tool", "class", "format", "import", "path", "cli"], "weights": [0.7871468473879852, 0.49894736506712656, 0.3060131751758647, 0.30551048675625575, 0.3042745516450576, 0.29566681347359264, 0.2727822680168143, 0.2691918044128059, 0.26744447068702065, 0.2672297693934746, 0.2414971051227741, 0.23714728098343218, 0.2350799115735139, 0.23180482232677146, 0.23089433533619808, 0.22164236858171055, 0.22110355485796174, 0.221041232542803, 0.21072872184480024, 0.20779308965761106], "topic_strength": 49.16054584899024, "top_10_strength": 3.574207552015998, "label": "Python & Module"}, {"topic_id": 1, "top_words": ["npm", "component", "typescript", "react", "cs", "const", "type", "tailwind", "nextjs", "hook", "page", "import", "app", "style", "lint", "server", "state", "error", "color", "bun"], "weights": [0.9483563172678959, 0.690664547572647, 0.49361460027170107, 0.39458879486774645, 0.38551150818401436, 0.3205645592522316, 0.28303431047695377, 0.2578535356794625, 0.24824303881620108, 0.23823028545721056, 0.23716381349088378, 0.23367424864184352, 0.21488988539555898, 0.19862689111286436, 0.19016997869902577, 0.18978325997330098, 0.18832461788355453, 0.1859769875028062, 0.17780098996342514, 0.1706222716337766], "topic_strength": 29.79484519024467, "top_10_strength": 4.260661497846065, "label": "Frontend Development"}, {"topic_id": 2, "top_words": ["pnpm", "package", "typescript", "app", "component", "dev", "monorepo", "apps", "lint", "vitest", "route", "convex", "graphql", "workspace", "theme", "bot", "mode", "nextjs", "transaction", "router"], "weights": [1.6318803251311762, 0.18469415552028762, 0.17030045603554947, 0.16501991000750288, 0.15257123967719316, 0.1440298456555303, 0.12776202847811255, 0.11738487646169911, 0.11467540079422375, 0.11198934381938185, 0.1115201232720817, 0.1025683418385855, 0.09799367101252622, 0.09609666734498663, 0.09323182692177306, 0.09129179423294963, 0.08864451346144256, 0.08621221338485278, 0.08293362105421458, 0.08233873622379811], "topic_strength": 13.531402131362825, "top_10_strength": 2.9203075815806567, "label": "Frontend Development"}, {"topic_id": 3, "top_words": ["backend", "frontend", "service", "docker", "database", "port", "postgresql", "server", "user", "compose", "auth", "email", "token", "authentication", "bun", "endpoint", "npm", "environment", "production", "application"], "weights": [0.6392569798762356, 0.5844590627432683, 0.471696462519613, 0.464221685956348, 0.4192790175934088, 0.3099659851666276, 0.23023506293252774, 0.21711130839930212, 0.20764521289335253, 0.19616457198405204, 0.17810611779075697, 0.17225863465113742, 0.17122537990277414, 0.16659266284582885, 0.16497865325376124, 0.15803038869770358, 0.1570701861970163, 0.14918990661944384, 0.1482908765041342, 0.14523106367705607], "topic_strength": 22.081413424192185, "top_10_strength": 3.7400353500647356, "label": "Data & APIs"}, {"topic_id": 4, "top_words": ["agent", "task", "skill", "git", "work", "issue", "read", "user", "step", "change", "session", "feature", "phase", "commit", "context", "plan", "workflow", "fix", "review", "update"], "weights": [0.5589871004649183, 0.4838830881797297, 0.3561276406039077, 0.3336451752982671, 0.28718795238276285, 0.2563887344959573, 0.25072129075527394, 0.24865599299833022, 0.23163221847945653, 0.2275253803290384, 0.2248776470832096, 0.20862648552208526, 0.20411450707668413, 0.20334755083817085, 0.20215523586031933, 0.20056567499580025, 0.1993017360953058, 0.19673603958353192, 0.18831504159361678, 0.18656592652824217], "topic_strength": 33.947225829367696, "top_10_strength": 3.234754573987642, "label": "Agent & Task"}]}