{"timestamp": "2026-05-27T03:32:29.859036", "success": true, "message": "Analysis complete with 500 files", "files_collected": 500, "topics_discovered": 5, "topics_data": [{"topic_id": 0, "top_words": ["tool", "model", "import", "service", "type", "api", "python", "return", "user", "action", "error", "data", "llm", "string", "class", "state", "const", "client", "response", "await"], "weights": [0.5335504396530968, 0.46169529559078537, 0.4136795853152575, 0.36136756719818236, 0.3461326619413951, 0.333610347239916, 0.3235898138352349, 0.31501036444553, 0.29531550577412763, 0.29212999788229443, 0.28021233422494457, 0.2797861111777523, 0.2726902650920144, 0.25444134020446757, 0.2414481521551506, 0.23598606896434265, 0.2236623095563049, 0.2102910211605755, 0.20482950839941608, 0.20377126189184405], "topic_strength": 50.597429964231935, "top_10_strength": 3.67608157887582, "label": "Tool & Model"}, {"topic_id": 1, "top_words": ["pnpm", "component", "dev", "package", "typescript", "react", "lint", "type", "filter", "vitest", "page", "tailwind", "cs", "api", "typecheck", "check", "workspace", "app", "post", "worker"], "weights": [1.5887805478791066, 0.3043686083850359, 0.19858818545936982, 0.1894818470008076, 0.1712268812439093, 0.14940994318150425, 0.1448731969257879, 0.12890768541067368, 0.12848420742544417, 0.12604760332067025, 0.12535442883982495, 0.12444827019300043, 0.12189495277505118, 0.11175259893925238, 0.10509555952143482, 0.1044990804857309, 0.10344253327654351, 0.10234877912643395, 0.09889243471064639, 0.09527817902675983], "topic_strength": 15.580466262317334, "top_10_strength": 3.1301687062323094, "label": "Frontend Development"}, {"topic_id": 2, "top_words": ["work", "skill", "git", "issue", "task", "push", "create", "bash", "description", "rule", "ready", "read", "session", "codex", "claim", "bead", "update", "workflow", "tool", "tracking"], "weights": [0.543939306569112, 0.5153468660748777, 0.47331824725999866, 0.38116478875862697, 0.35809489176545045, 0.29989201841324953, 0.2626914541591457, 0.26118459446683484, 0.2491934806636895, 0.24897582371309426, 0.24382711612529534, 0.23972959877256014, 0.22190172186468132, 0.2200977083806173, 0.21984554980066487, 0.21785433745557728, 0.21758039380612554, 0.21375788428630849, 0.21331467370263707, 0.21307534208540416], "topic_strength": 31.170393486432676, "top_10_strength": 3.5938014718440794, "label": "Work & Skill"}, {"topic_id": 3, "top_words": ["npm", "backend", "api", "frontend", "install", "dev", "page", "react", "doc", "playwright", "app", "typescript", "vitest", "component", "server", "vite", "cs", "lint", "nextjs", "tailwind"], "weights": [1.0395770864145852, 0.31567647783316766, 0.2776936176084192, 0.24383055873065015, 0.19716585814944732, 0.19208604088367845, 0.1900114080374214, 0.18507533951648417, 0.1701906435937446, 0.1701475806054445, 0.16764830352554302, 0.16283584298128748, 0.15796394579912743, 0.15392648545202647, 0.14426568775613904, 0.12995886105152263, 0.1281576106917276, 0.12426434623679739, 0.12044819210287705, 0.11862224654159012], "topic_strength": 17.51050638027558, "top_10_strength": 2.9814546113730427, "label": "Frontend Development"}, {"topic_id": 4, "top_words": ["make", "guideline", "command", "module", "package", "commit", "pytest", "style", "development", "cargo", "behavior", "add", "repository", "doc", "script", "prefer", "helper", "local", "python", "testing"], "weights": [0.3886297332449214, 0.313218470530763, 0.29041888573111135, 0.2735858548141492, 0.2509201725941252, 0.24016606874490098, 0.23667391636327115, 0.21705575514846748, 0.2075526012469053, 0.2031981683967578, 0.20265439104787672, 0.19667860804519424, 0.19663650501633972, 0.19298244771370407, 0.19264273825175598, 0.19103313176580727, 0.18573571118951196, 0.17992302183652964, 0.17679972806587388, 0.17538033570216788], "topic_strength": 30.548977707194382, "top_10_strength": 2.621419626815373, "label": "Make & Guideline"}], "file_type": "agents_md"}