{"timestamp": "2026-05-23T03:52:02.206712", "success": true, "message": "Analysis complete with 500 files", "files_collected": 500, "topics_discovered": 5, "topics_data": [{"topic_id": 0, "top_words": ["search", "query", "result", "mcp", "post", "json", "run", "url", "text", "agent", "command", "script", "entity", "data", "output", "curl", "api", "request", "tool", "limit"], "weights": [0.907935219282032, 0.5576080243736445, 0.44955594381760433, 0.4004539706362672, 0.3919907983684189, 0.3578714827464815, 0.3032882613636528, 0.2775306542789119, 0.2576138746278102, 0.2379268458484179, 0.2370788730529059, 0.2336882797507294, 0.2293126132208194, 0.22398334756450167, 0.2176134570194399, 0.21665677358139918, 0.2162326468686816, 0.21222949589847837, 0.20753647472044243, 0.20650859635585397], "topic_strength": 43.79243161801428, "top_10_strength": 4.141775075343242, "label": "Search & Query"}, {"topic_id": 1, "top_words": ["test", "step", "issue", "git", "change", "branch", "fix", "run", "commit", "document", "code", "phase", "review", "plan", "security", "rule", "create", "cause", "path", "root"], "weights": [0.5784787756050424, 0.36248670787449455, 0.3525002681499081, 0.3349680252481757, 0.32844210122861583, 0.3050345773014163, 0.29921807343719004, 0.29919875260200857, 0.28553400520454164, 0.2838273730555246, 0.25880324649461395, 0.25349509763118033, 0.25136637735447687, 0.23782292496167387, 0.2166822079512314, 0.20689822121002288, 0.2061969083121939, 0.1973460060696406, 0.19537529174974652, 0.1944499293601812], "topic_strength": 35.35632394476215, "top_10_strength": 3.429688659706918, "label": "Testing & Quality"}, {"topic_id": 2, "top_words": ["component", "const", "typescript", "function", "return", "data", "string", "pattern", "import", "error", "await", "export", "mock", "div", "async", "prop", "state", "react", "type", "hook"], "weights": [0.6186180818581811, 0.48526661368512014, 0.38671087486375655, 0.38431956825629265, 0.283950392805934, 0.2838885329818716, 0.2728373681687356, 0.26506551019675845, 0.2610662200818572, 0.2586267826576369, 0.24715472054727813, 0.22912076664044057, 0.22097912425834476, 0.20260963154594697, 0.19718319250233313, 0.18021704390779628, 0.17798235643926072, 0.1726396205856182, 0.15893544137948445, 0.14714518661564055], "topic_strength": 21.16236752296309, "top_10_strength": 3.5003499455561444, "label": "Frontend Development"}, {"topic_id": 3, "top_words": ["python", "markdown", "class", "def", "import", "betselection", "memory", "srcclipy", "str", "sessionid", "context", "api", "model", "json", "grep", "message", "text", "install", "cost", "prompt"], "weights": [1.1229562985518373, 0.5376628155830743, 0.4695838062602373, 0.4562540588100978, 0.3103074435380427, 0.2983798886124667, 0.29035082698088405, 0.2880837295008492, 0.28398766501797995, 0.14613557610172856, 0.13694410772366483, 0.1355905915146914, 0.12834980720891184, 0.12357102011931527, 0.12178935142251117, 0.12159163850537313, 0.1164225082015066, 0.1088736252335207, 0.10785848719671275, 0.10589121580752578], "topic_strength": 15.621219897398834, "top_10_strength": 4.203702108957198, "label": "Code Guidelines"}, {"topic_id": 4, "top_words": ["topic", "frontmatter", "tech", "step", "yaml", "create", "filename", "note", "mcp", "idea", "published", "project", "claude", "exists", "tool", "title", "false", "diff", "knowledge", "pattern"], "weights": [0.8856197700336668, 0.49398051106645036, 0.4715867948284062, 0.24897031272807132, 0.23967414996008043, 0.22771478859184588, 0.22492556946668021, 0.2150427088549325, 0.21314681015979625, 0.16812470144732186, 0.16611743968845688, 0.16430695933681108, 0.15405329619037583, 0.14993875452452582, 0.14517067925658977, 0.12761903957644188, 0.12173907335468945, 0.12048909344855478, 0.12001415133687007, 0.11959976300425434], "topic_strength": 11.329307294164465, "top_10_strength": 3.3887861171372515, "label": "Topic & Frontmatter"}], "file_type": "skill_md"}