{"timestamp": "2026-05-13T00:38:43.769330", "success": true, "message": "Analysis complete with 199 files", "files_collected": 199, "topics_discovered": 5, "topics_data": [{"topic_id": 0, "top_words": ["change", "phase", "work", "agent", "task", "user", "plan", "tool", "read", "output", "session", "step", "context", "make", "pattern", "rule", "module", "review", "fix", "line"], "weights": [0.3033262882470946, 0.2935684890585298, 0.2906878057418468, 0.2771418492648862, 0.2672980818828037, 0.2565349855318193, 0.24036587064508733, 0.2399152741637595, 0.23639846481100196, 0.2348728748391661, 0.22271447065223465, 0.21976240890438076, 0.20687582068011626, 0.20045617514157543, 0.19858335245562841, 0.1961014242612305, 0.19388500132290534, 0.1887227441505072, 0.18697560030472113, 0.18689471434089788], "topic_strength": 44.62790134412636, "top_10_strength": 2.640109984185995, "label": "Change & Phase"}, {"topic_id": 1, "top_words": ["npm", "typescript", "eslint", "server", "dev", "production", "lint", "github", "development", "start", "npx", "docker", "package", "bot", "node", "nodejs", "configuration", "url", "git", "deployment"], "weights": [1.1013077792034793, 0.22707966982855832, 0.18187253779222554, 0.18181284350396396, 0.18179758593444423, 0.16594748585750418, 0.1551245721183234, 0.14863292398748018, 0.1451212389588579, 0.14438213411037862, 0.14288845324382662, 0.13219937785485897, 0.11533294143744861, 0.10957936896853356, 0.102482685920785, 0.10240228643245898, 0.09671856172188036, 0.09592108816024862, 0.09210019721149684, 0.09158757717916485], "topic_strength": 13.971839698650532, "top_10_strength": 2.6330787712952155, "label": "Frontend Development"}, {"topic_id": 2, "top_words": ["skill", "mcp", "agentsmd", "plugin", "server", "repo", "agent", "instruction", "reference", "npx", "playwright", "doc", "workflow", "cli", "task", "description", "plan", "repository", "plugins", "read"], "weights": [0.8984082386685532, 0.6405922502192267, 0.5386715270992339, 0.3440138974702048, 0.2316018180705969, 0.22359224739905076, 0.20431731529822011, 0.17905235670923866, 0.15488701461547255, 0.14889942350310856, 0.13010456758056843, 0.12591523768305923, 0.12473092616678533, 0.12330958831971307, 0.11319229605932223, 0.11076949859103918, 0.1069437110744669, 0.104711059441571, 0.1045301803034436, 0.10413351794793003], "topic_strength": 12.970138418237415, "top_10_strength": 3.564036089052906, "label": "Skill & Mcp"}, {"topic_id": 3, "top_words": ["python", "install", "pip", "pytest", "environment", "macos", "rust", "env", "script", "configuration", "model", "running", "development", "requirementstxt", "release", "format", "docker", "implementation", "cli", "core"], "weights": [0.8902458076297975, 0.2540554131942658, 0.2437308938293369, 0.2216675936993579, 0.19582895090813693, 0.1600384994953413, 0.1599626608449248, 0.1577007648349102, 0.1467168235255119, 0.14201505511209636, 0.13019015529988148, 0.12699961115516484, 0.12455594996354066, 0.11701574952750052, 0.1164204067667939, 0.11239483118791414, 0.10759240447794331, 0.10622078940218702, 0.10563632319306171, 0.10519877863262797], "topic_strength": 17.73483093477166, "top_10_strength": 2.57196246307368, "label": "Python & Install"}, {"topic_id": 4, "top_words": ["component", "frontend", "backend", "supabase", "const", "pnpm", "post", "page", "app", "database", "route", "token", "react", "auth", "cs", "image", "type", "tailwind", "state", "color"], "weights": [0.4503145879307777, 0.2888108947323162, 0.2708502559340639, 0.2573729830828136, 0.24937352104976096, 0.24027570598737277, 0.24000870204007269, 0.22561883014274453, 0.21836962582441924, 0.2116647451732026, 0.2062198666007866, 0.1949539418084051, 0.19260796084606174, 0.1792406867470367, 0.17860811958816697, 0.17648471275310104, 0.1745153685938185, 0.16936172620746087, 0.16605644679239306, 0.15386076133755847], "topic_strength": 29.76175632147502, "top_10_strength": 2.6526598518975444, "label": "Component & Frontend"}]}