{"timestamp": "2026-07-04T03:44:18.386346", "success": true, "message": "Analysis complete with 500 files", "files_collected": 500, "topics_discovered": 5, "topics_data": [{"topic_id": 0, "top_words": ["step", "test", "run", "phase", "doc", "project", "issue", "question", "plan", "code", "review", "output", "change", "design", "command", "workflow", "fix", "read", "document", "update"], "weights": [0.49068843216406155, 0.43125686246965433, 0.41679950961270046, 0.37473982001356315, 0.35859077596266736, 0.31830960751006476, 0.3152165967822926, 0.3139161998991241, 0.2939711019656874, 0.28385352488743854, 0.27507925761357654, 0.2628164928961552, 0.2600008307917736, 0.2594227740063362, 0.24581562781647495, 0.24523469035823384, 0.24511088887605556, 0.22797297870410352, 0.226780847105551, 0.22551471492027425], "topic_strength": 47.36634972936719, "top_10_strength": 3.597342431267254, "label": "Testing & Quality"}, {"topic_id": 1, "top_words": ["und", "oder", "eine", "der", "ist", "die", "prfen", "mit", "art", "live", "form", "output", "person", "plugins", "matrix", "register", "text", "drop", "pdf", "compliance"], "weights": [1.6427067412997425, 0.5529540938848482, 0.3265211726489315, 0.32227817473608583, 0.2853372628657666, 0.28175756163918064, 0.266814415373712, 0.19060180866944001, 0.0812492858834215, 0.05566887329541098, 0.047339006009834636, 0.03645557361037632, 0.02575630396034237, 0.024232289286927784, 0.022581090913009916, 0.02173572284870808, 0.019463978100519, 0.018652037702919195, 0.011115485049853649, 0.010223938295150477], "topic_strength": 4.397409154005455, "top_10_strength": 4.00588939029654, "label": "Und & Oder"}, {"topic_id": 2, "top_words": ["python", "import", "bash", "str", "json", "output", "chrome", "model", "test", "class", "def", "cli", "command", "install", "api", "tab", "basic", "keyword", "pip", "flag"], "weights": [1.4758571146816077, 0.3377219708534798, 0.2923155157439629, 0.15527581702037288, 0.14507635206711045, 0.12397831353960592, 0.1223488193399185, 0.11281142085347454, 0.10947762413078983, 0.10729442373163021, 0.09998554311374298, 0.0990324843968672, 0.09447613941055838, 0.08931327987587029, 0.08908027468032034, 0.08386922570317246, 0.08218889518587892, 0.08157012575281161, 0.0813039315981959, 0.07947641296246573], "topic_strength": 11.613474597821554, "top_10_strength": 2.9821573719619527, "label": "Python & Import"}, {"topic_id": 3, "top_words": ["const", "data", "model", "string", "error", "await", "pattern", "type", "async", "email", "return", "function", "analysis", "import", "var", "api", "example", "typescript", "optimization", "text"], "weights": [0.3409817583336062, 0.31392445082105624, 0.28090609363601493, 0.23915875091303895, 0.2276311389065549, 0.2272623999832834, 0.22370192868811425, 0.21907976062981566, 0.2119952260074974, 0.20202302989369195, 0.20057628607102804, 0.1960654703052297, 0.18838121505433936, 0.18756406399422285, 0.1753525153102711, 0.17072572591089355, 0.15547580333197208, 0.15120872252357184, 0.1466910862873168, 0.14261530994980268], "topic_strength": 34.06197774567696, "top_10_strength": 2.486664537812674, "label": "Data & APIs"}, {"topic_id": 4, "top_words": ["agent", "tool", "mcp", "post", "session", "bash", "json", "token", "api", "search", "connection", "run", "schema", "prompt", "available", "memory", "url", "server", "install", "active"], "weights": [0.5950014281913553, 0.4736755366605399, 0.47188080292824075, 0.30958263127077584, 0.29654417101209163, 0.28631808960186667, 0.259001145287673, 0.2395567676549396, 0.2286904531158606, 0.22508587225569698, 0.22492484687910663, 0.21798828125095607, 0.2171454255341651, 0.20904743905121487, 0.18976606466581195, 0.18950075797092664, 0.17017127639237592, 0.16764877528015695, 0.16418946078999166, 0.16409975834507376], "topic_strength": 23.408429941296784, "top_10_strength": 3.3853368979790406, "label": "Agent & Tool"}], "file_type": "skill_md"}