{"timestamp": "2026-06-23T03:24:21.536941", "success": true, "message": "Analysis complete with 500 files", "files_collected": 500, "topics_discovered": 5, "topics_data": [{"topic_id": 0, "top_words": ["change", "rule", "git", "new", "task", "commit", "phase", "version", "dont", "check", "add", "user", "type", "pattern", "module", "line", "work", "fix", "write", "update"], "weights": [0.4400071177533197, 0.3348297366654318, 0.3310956599661827, 0.3059861326775937, 0.30559241550112, 0.29787860923882065, 0.29063111497746974, 0.2878680942308199, 0.2728191521796197, 0.26429487800299184, 0.2631719558598644, 0.25976740275875837, 0.25285329355249436, 0.25244750434507507, 0.2457959332899175, 0.23954455715190467, 0.23630722243285815, 0.23150705205309308, 0.23040927986388768, 0.22343412220906292], "topic_strength": 58.28800632975405, "top_10_strength": 3.1310029111933697, "label": "Change & Rule"}, {"topic_id": 1, "top_words": ["api", "frontend", "backend", "service", "docker", "model", "agent", "server", "mcp", "port", "env", "token", "database", "auth", "provider", "endpoint", "make", "llm", "container", "sdk"], "weights": [0.4874842768730592, 0.36316784378912925, 0.3474255616718011, 0.34481846069285266, 0.3054065741557146, 0.2957630841532998, 0.2822495879788711, 0.2272141645308626, 0.21446491567633594, 0.20394732054769701, 0.20009104826946825, 0.19683969064794302, 0.18675595938451434, 0.181379985453227, 0.17871635700438174, 0.1780852975219155, 0.16710407910463082, 0.16002201842947453, 0.1584001397404773, 0.1545819682954755], "topic_strength": 28.988260052051444, "top_10_strength": 3.0719417900696238, "label": "Backend Services"}, {"topic_id": 2, "top_words": ["skill", "python", "ratio", "tool", "budget", "json", "financial", "agent", "automation", "analysis", "usage", "skillmd", "script", "purpose", "format", "flow", "feature", "mcp", "exit", "output"], "weights": [0.8887433888441598, 0.8659422778345778, 0.46813240371084847, 0.42848641153806044, 0.26418810502991524, 0.2521092582343199, 0.23249751509055366, 0.22604849874406371, 0.21605938903714234, 0.20393735138572933, 0.20140814228012052, 0.16541106207319653, 0.15447941611386015, 0.14903884787778346, 0.14882729346408036, 0.14404994661825105, 0.12754317432227702, 0.12212491827339579, 0.11951477172295208, 0.11921794212682182], "topic_strength": 16.023009794198074, "top_10_strength": 4.046144599449371, "label": "Skill & Python"}, {"topic_id": 3, "top_words": ["agentsmd", "agent", "read", "repo", "instruction", "follow", "policy", "rule", "contract", "require", "workflow", "spec", "life", "making", "guidance", "convention", "truth", "plan", "primary", "root"], "weights": [1.2841633577193858, 0.4246428518176835, 0.2683616903175093, 0.21497372125231842, 0.1704164638322425, 0.14115980418164747, 0.13680716416841063, 0.13558636069791455, 0.12990790447224027, 0.12177351111978937, 0.11791100562707123, 0.09554371553144611, 0.09087651599079483, 0.08844209111350218, 0.07999616946274105, 0.07642546536512737, 0.07337813640722138, 0.06694195062957593, 0.06690131076822557, 0.06617948950572725], "topic_strength": 7.041993604348029, "top_10_strength": 3.0277928295791416, "label": "Project Structure"}, {"topic_id": 4, "top_words": ["npm", "component", "page", "pnpm", "typescript", "cs", "react", "app", "tailwind", "nextjs", "supabase", "dev", "server", "start", "state", "image", "type", "production", "bun", "client"], "weights": [0.6096027395919529, 0.5483635888770937, 0.4836421291677986, 0.44271282121510097, 0.36183577763787406, 0.3467860332992913, 0.28552115900022135, 0.27476110421227457, 0.26116598640174, 0.24547371236435078, 0.2299078746636936, 0.22643239738887633, 0.2234550948778716, 0.21070177803552986, 0.20677648538639531, 0.20634501416830536, 0.20507252978201498, 0.20500284129833232, 0.20265345566000542, 0.19140864531966048], "topic_strength": 29.98434620489106, "top_10_strength": 3.859865051767698, "label": "Frontend Development"}], "file_type": "claude_md"}