{"timestamp": "2026-07-07T03:05:39.878382", "success": true, "message": "Analysis complete with 500 files", "files_collected": 500, "topics_discovered": 5, "topics_data": [{"topic_id": 0, "top_words": ["python", "change", "make", "check", "model", "version", "new", "pattern", "release", "package", "module", "update", "data", "config", "source", "user", "format", "task", "add", "commit"], "weights": [0.42677685286928535, 0.3958614974906341, 0.37554098867972935, 0.32811323938525394, 0.3239164495027332, 0.30977542964256366, 0.2661011781986827, 0.24877375640787774, 0.24845336373344004, 0.24220525858295291, 0.23995759087693463, 0.2373926923888608, 0.23702554370113108, 0.23437370833210214, 0.231549146489511, 0.22832592292489368, 0.22745732625926285, 0.2248347794405414, 0.22397097430755142, 0.22246124303020584], "topic_strength": 61.10475489474598, "top_10_strength": 3.165518014493153, "label": "Python & Change"}, {"topic_id": 1, "top_words": ["component", "npm", "pnpm", "typescript", "page", "supabase", "react", "theme", "api", "app", "frontend", "nextjs", "client", "cs", "type", "state", "data", "backend", "server", "astro"], "weights": [0.601532801182711, 0.5533925413805248, 0.4969242494844245, 0.41811896771900897, 0.39522754228018075, 0.3222556896014639, 0.31083611070216766, 0.2855689826540945, 0.2752189621451595, 0.2680844806084429, 0.26563962197191143, 0.24044337003300825, 0.23586494523875925, 0.2346563730908983, 0.2309279276828506, 0.22634979797707108, 0.2257103075777577, 0.21630277888282426, 0.21575072701429107, 0.21543009827562656], "topic_strength": 35.19119327356377, "top_10_strength": 3.9271603277581795, "label": "Frontend Development"}, {"topic_id": 2, "top_words": ["agentsmd", "instruction", "read", "guideline", "truth", "debugging", "directory", "common", "note", "source", "follow", "convention", "repo", "agent", "coding", "immediately", "developer", "information", "canonical", "exist"], "weights": [1.6770983171447562, 0.2538363252279485, 0.21974947714133822, 0.19807601066704011, 0.14883399232882513, 0.14407965579947066, 0.13923976906972296, 0.13585926251276764, 0.12201912561077143, 0.1115488925368613, 0.08384869225923017, 0.07904085370015489, 0.07372664237780018, 0.07013232805235403, 0.061961047715690304, 0.06184473860887678, 0.06120981602124658, 0.06097067017168026, 0.05762400989257423, 0.05478424569883373], "topic_strength": 5.890085930121285, "top_10_strength": 3.150340828039502, "label": "Agentsmd & Instruction"}, {"topic_id": 3, "top_words": ["agent", "skill", "mcp", "tool", "npm", "task", "server", "docker", "memory", "container", "llm", "context", "flutter", "prompt", "workflow", "json", "status", "service", "session", "git"], "weights": [1.0743746514527543, 0.4484964314780884, 0.33289079615258416, 0.3142928995170167, 0.21854609866222857, 0.20282153715186504, 0.18908661011971323, 0.17991195671782936, 0.16362577531834424, 0.16288551110681085, 0.15609854538681991, 0.14978332381006226, 0.14593204639048607, 0.1393392065207882, 0.13510642851257273, 0.13231308586703547, 0.13159250236408068, 0.12003531301025618, 0.11574027383336262, 0.11263515603223817], "topic_strength": 20.335301647707126, "top_10_strength": 3.286932267677235, "label": "Frontend Development"}, {"topic_id": 4, "top_words": ["bun", "import", "instead", "dont", "html", "script", "websocket", "bundle", "react", "install", "cs", "yarn", "close", "support", "frontend", "index", "package", "true", "body", "const"], "weights": [1.2026074134167895, 0.4610541046474351, 0.3562451435179873, 0.34095252959985894, 0.2563982779498926, 0.22720014032438218, 0.21371579212144276, 0.1966260611942747, 0.17572408428386865, 0.17304533241375153, 0.15926179827652603, 0.15852169722763076, 0.12350971526064677, 0.11251752453893533, 0.10796887577874732, 0.10181361028388493, 0.09933119533328806, 0.09651463419392238, 0.096324192853698, 0.08743409722541808], "topic_strength": 10.398856287494839, "top_10_strength": 3.603568879469683, "label": "Bun & Import"}], "file_type": "claude_md"}