{"timestamp": "2026-07-16T03:36:02.927665", "success": true, "message": "Analysis complete with 500 files", "files_collected": 500, "topics_discovered": 5, "topics_data": [{"topic_id": 0, "top_words": ["change", "task", "user", "session", "check", "new", "agent", "model", "git", "rule", "make", "dont", "work", "phase", "source", "path", "update", "fix", "add", "prompt"], "weights": [0.39075357883073325, 0.3885921532744623, 0.3529901470556499, 0.3137435501078983, 0.2804035992455736, 0.27394096389993294, 0.26688677605727823, 0.264463157368366, 0.2636215914829317, 0.25048104679862226, 0.24587302356191815, 0.24456252609010334, 0.24208343240795735, 0.24136132594776638, 0.23823920504913756, 0.23769222669001805, 0.22648988726801117, 0.21773526009306482, 0.21452966447169666, 0.21155437663563442], "topic_strength": 61.245840440546964, "top_10_strength": 3.045876564121448, "label": "User Interface"}, {"topic_id": 1, "top_words": ["npm", "api", "server", "pnpm", "dev", "vite", "react", "app", "backend", "typescript", "client", "frontend", "development", "start", "lint", "install", "production", "web", "eslint", "nextjs"], "weights": [0.9694726709895826, 0.3687136063465023, 0.3338599749258031, 0.3117219774961591, 0.29984254871181915, 0.272671536565573, 0.26559619104690163, 0.23736448533266324, 0.2361817031131075, 0.23297979519212814, 0.2080244706979997, 0.20666193077738607, 0.18176108066449048, 0.16803126340543362, 0.1668223584170887, 0.1607293416581877, 0.15228365328586022, 0.1499896494021537, 0.13918214323762237, 0.13362723283369315], "topic_strength": 21.333680348046727, "top_10_strength": 3.52840448972024, "label": "Frontend Development"}, {"topic_id": 2, "top_words": ["python", "ratio", "tool", "analysis", "json", "budget", "data", "format", "automation", "usage", "flow", "purpose", "model", "api", "pytest", "import", "output", "exit", "calculation", "actual"], "weights": [1.2228452006368538, 0.46600773252411415, 0.387884015411156, 0.2753662717170008, 0.25932431204008627, 0.22119847240748344, 0.20924628778401438, 0.20688813777020063, 0.2023918371807091, 0.18203815599906756, 0.16501915538977094, 0.1613524760812687, 0.14767596782052225, 0.14742841740408386, 0.14733717975984317, 0.1433416133292298, 0.13447658851701283, 0.12363642060994383, 0.11982577652860954, 0.11937772403951123], "topic_strength": 16.541295156123756, "top_10_strength": 3.633190423470686, "label": "Python & Ratio"}, {"topic_id": 3, "top_words": ["skill", "agent", "plugin", "invoke", "model", "read", "section", "activity", "title", "cli", "description", "tool", "recent", "source", "markdown", "hook", "context", "content", "script", "make"], "weights": [1.3726489088398084, 0.386184968249917, 0.21817685102998666, 0.12923528990703953, 0.12912433717582955, 0.11676924847561479, 0.11342043411828824, 0.11249364903680685, 0.11107941418369995, 0.11087330236851574, 0.1086420163674293, 0.10153545870300405, 0.09904421799096941, 0.09579859686140803, 0.09460138787201657, 0.0924022612541342, 0.09204297967064116, 0.09202412138051269, 0.09111980668724806, 0.09105826572196586], "topic_strength": 10.685717466867217, "top_10_strength": 2.8000064033855065, "label": "Skill & Agent"}, {"topic_id": 4, "top_words": ["component", "cs", "import", "typescript", "color", "icon", "page", "string", "const", "react", "data", "type", "tailwind", "supabase", "button", "pattern", "content", "form", "yarn", "text"], "weights": [0.6658880943591473, 0.3054552366638279, 0.2788076070327269, 0.27287710891628075, 0.2699270101263278, 0.2430581743096588, 0.22818603087704478, 0.2204200933184132, 0.2091946452857687, 0.20892631889024854, 0.20819117632823547, 0.20492537762417792, 0.20241171011225434, 0.1994905543814501, 0.1923800515934098, 0.19060453636721642, 0.19022760817943585, 0.18429161157273774, 0.16890118568238532, 0.16625743842760293], "topic_strength": 27.302176434046878, "top_10_strength": 2.9027403197794444, "label": "Frontend Development"}], "file_type": "claude_md"}