{"timestamp": "2026-02-28T00:16:06.364181", "success": true, "message": "Analysis complete with 500 files", "files_collected": 500, "topics_discovered": 5, "topics_data": [{"topic_id": 0, "top_words": ["change", "new", "state", "cargo", "update", "game", "error", "feature", "add", "create", "function", "model", "check", "line", "documentation", "user", "testing", "version", "output", "event"], "weights": [0.3500295468856685, 0.31548543787896066, 0.31221105885776346, 0.2902508160793273, 0.2894994351001744, 0.27826851112857914, 0.2761410004445616, 0.2740757066903807, 0.2614921577547562, 0.24383584997008576, 0.2404752830212367, 0.23986610755247847, 0.23854561885245007, 0.23675427415256697, 0.2366952718519042, 0.22866004810284896, 0.2235356881230035, 0.2232257300735089, 0.21923090895103695, 0.2179719996691847], "topic_strength": 62.627819782430265, "top_10_strength": 2.891289520790258, "label": "Change & New"}, {"topic_id": 1, "top_words": ["npm", "react", "typescript", "backend", "frontend", "server", "nextjs", "start", "production", "dev", "cs", "hook", "docker", "page", "app", "database", "router", "client", "service", "route"], "weights": [0.9385267342862891, 0.4445558008977381, 0.43373739103475717, 0.3472068806123356, 0.3167988828037952, 0.2945997027119163, 0.28398963044175124, 0.25570729122133573, 0.251449098562674, 0.2356883630238307, 0.23530063185944344, 0.2302508256138457, 0.22702329613208136, 0.22247336174649174, 0.22067312113755147, 0.2164234573565497, 0.21326972919031018, 0.20945148884584458, 0.2036056580344634, 0.18975971598317334], "topic_strength": 27.36059290376356, "top_10_strength": 3.8022597755964234, "label": "Frontend Development"}, {"topic_id": 2, "top_words": ["agent", "task", "skill", "container", "context", "tool", "mcp", "user", "memory", "bun", "llm", "message", "issue", "decision", "coding", "work", "builder", "restart", "workflow", "spawn"], "weights": [1.0083558454097754, 0.6149565417893007, 0.34896176224776965, 0.32165804437679046, 0.29430069823753613, 0.28178345002004906, 0.2775796230998812, 0.20945638786598897, 0.18529092354408846, 0.1506996767269888, 0.1442378119848643, 0.14266082126029522, 0.1421467065491377, 0.13653912702163043, 0.13545864713970704, 0.1300768502638135, 0.1289963436135537, 0.12847445654786138, 0.1273095367421325, 0.11982761582799811], "topic_strength": 18.470246656991996, "top_10_strength": 3.6930429533181686, "label": "Agent & Task"}, {"topic_id": 3, "top_words": ["python", "pytest", "docker", "backend", "install", "ruff", "import", "model", "frontend", "llm", "pip", "fastapi", "environment", "env", "make", "script", "image", "output", "sync", "google"], "weights": [1.2210812488144658, 0.42741517082943364, 0.21119065929140346, 0.20031788117706395, 0.19813001482848008, 0.19401846513295196, 0.1925181623450321, 0.18781942796606446, 0.16293220582507179, 0.1619784919436024, 0.15550437974851, 0.1431557267886162, 0.13893126918779106, 0.13217724483604995, 0.1318187316567294, 0.12862184896372716, 0.12470193831824436, 0.12083185456812853, 0.11975227426042627, 0.1100557052151374], "topic_strength": 18.799904101301404, "top_10_strength": 3.1574017281535696, "label": "Python & Pytest"}, {"topic_id": 4, "top_words": ["pnpm", "bun", "content", "theme", "site", "tailwind", "package", "directory", "import", "cs", "configuration", "server", "markdown", "typescript", "convex", "page", "app", "install", "custom", "form"], "weights": [1.0815064607938818, 0.44039541227606804, 0.41309541660814597, 0.31571899899740447, 0.2871227290733166, 0.24375718005680014, 0.20765494534869636, 0.19581083996522258, 0.18422420557153776, 0.17565933851416504, 0.16268731856763097, 0.15695925217680085, 0.15240056623138984, 0.15105238906124055, 0.15089972027558646, 0.14486290673684707, 0.14204133958149828, 0.13908957885193354, 0.13248040809834014, 0.13181601308639976], "topic_strength": 17.569181520667264, "top_10_strength": 3.544945527205239, "label": "Frontend Development"}]}