{"timestamp": "2026-07-15T03:25:30.633011", "success": true, "message": "Analysis complete with 500 files", "files_collected": 500, "topics_discovered": 5, "topics_data": [{"topic_id": 0, "top_words": ["npm", "build", "commit", "issue", "package", "command", "project", "type", "repository", "prefer", "doc", "new", "behavior", "check", "function", "add", "update", "rule", "module", "fix"], "weights": [0.5319531260224095, 0.49301021581787763, 0.32805322484648325, 0.29907682279063164, 0.28729715807315825, 0.28575215750310384, 0.2732679684186976, 0.2701589160988898, 0.26788493112093303, 0.26781343103269917, 0.2628214908762841, 0.262070402011834, 0.26150346232864524, 0.26096572874629226, 0.25621747908008713, 0.2495012869073059, 0.2492070143222891, 0.24688139851817228, 0.2390876596951075, 0.23532891217885715], "topic_strength": 57.79665535666213, "top_10_strength": 3.3042679517248845, "label": "Frontend Development"}, {"topic_id": 1, "top_words": ["pnpm", "lint", "typecheck", "component", "dev", "typescript", "vite", "install", "workspace", "type", "shared", "extension", "vitest", "command", "server", "build", "export", "check", "claude", "exec"], "weights": [1.8864330911682408, 0.19818754444399544, 0.16798762144389034, 0.1578790385082889, 0.14304247354905503, 0.1406981515417304, 0.1335987913151557, 0.13170613199703332, 0.1176832696215376, 0.10941619789159443, 0.10211268926614112, 0.10161362161299824, 0.09902572751958692, 0.09098756779602353, 0.09086424979584187, 0.08904490733080178, 0.08548644811295161, 0.08523758813567026, 0.08493442351945169, 0.0834585280344195], "topic_strength": 12.269200221249946, "top_10_strength": 3.1866323114805217, "label": "Frontend Development"}, {"topic_id": 2, "top_words": ["nextjs", "training", "breaking", "know", "apis", "writing", "guide", "relevant", "version", "convention", "read", "data", "structure", "unity", "app", "package", "component", "documentation", "admin", "information"], "weights": [0.6837391561803455, 0.6737418962062163, 0.5871097121293591, 0.5468824694643035, 0.5231798686212183, 0.5208858134077364, 0.481693089510972, 0.4569553536309758, 0.41363396207412284, 0.3721035878083207, 0.36869943329065624, 0.36028776330813844, 0.35764009384534257, 0.036377508592144274, 0.030891461494045338, 0.029825644525193873, 0.029812116857738616, 0.02379733659326207, 0.022943606550928586, 0.022614110164449485], "topic_strength": 8.434767841243787, "top_10_strength": 5.25992490903357, "label": "Nextjs & Training"}, {"topic_id": 3, "top_words": ["skill", "project", "readmemd", "guidance", "swift", "pressure", "agentsmd", "manager", "documentation", "general", "read", "target", "architecture", "scenario", "note", "shared", "development", "directory", "instruction", "package"], "weights": [1.368310809006368, 0.3867187040179244, 0.31843055387482666, 0.2809976288264101, 0.26272563022076945, 0.20344322567574596, 0.1952272066913847, 0.17582501377506693, 0.1705919894399154, 0.15957331601304373, 0.1549717272833964, 0.13416192229024296, 0.13224122935975668, 0.1289909724825897, 0.1234057577387238, 0.12318063839611414, 0.12267533067190119, 0.11537996959209787, 0.11121857178117088, 0.11111092737336555], "topic_strength": 15.366933194865783, "top_10_strength": 3.5218440775414557, "label": "Project Structure"}, {"topic_id": 4, "top_words": ["tool", "model", "python", "mcp", "return", "import", "llm", "prompt", "description", "str", "json", "server", "search", "result", "task", "bash", "mode", "url", "string", "api"], "weights": [1.0219149849183222, 0.3920715447251851, 0.37659059091232283, 0.36845338868036553, 0.32616021842295606, 0.27802506223227236, 0.26772024799904665, 0.26733431292476145, 0.2533888170436111, 0.2233229994392144, 0.21244913830887427, 0.20467348746902683, 0.200398028358708, 0.19507968227328026, 0.19410594634582207, 0.19253653807686097, 0.1906178612564819, 0.1784562978963312, 0.17744509984088086, 0.16674577690236386], "topic_strength": 36.874121197381314, "top_10_strength": 3.7749821672980577, "label": "Tool & Model"}], "file_type": "agents_md"}