{"timestamp": "2026-07-16T03:45:05.756254", "success": true, "message": "Analysis complete with 500 files", "files_collected": 500, "topics_discovered": 5, "topics_data": [{"topic_id": 0, "top_words": ["run", "project", "test", "issue", "change", "data", "code", "pattern", "type", "fix", "update", "page", "report", "state", "script", "path", "new", "error", "git", "source"], "weights": [0.35903653984225464, 0.3464598062359021, 0.33847142335465785, 0.31216952666814557, 0.27974146776664993, 0.2664314987504359, 0.2577113002236328, 0.25352466937956986, 0.24521647265989627, 0.24409265381975503, 0.243917533922038, 0.237649789340078, 0.2311406372748293, 0.22013453153663606, 0.2200883569622314, 0.21645086890618062, 0.21335313054522245, 0.21187637965314982, 0.21060347063978202, 0.2095911186994983], "topic_strength": 60.31996737747953, "top_10_strength": 2.9028553587009, "label": "Project Structure"}, {"topic_id": 1, "top_words": ["und", "oder", "die", "eine", "der", "mit", "email", "form", "live", "output", "plugins", "matrix", "register", "drop", "person", "template", "compliance", "pdf", "act", "status"], "weights": [1.7568672645706878, 0.6079354362569918, 0.34503701188836466, 0.3104500598975307, 0.26674355129307614, 0.17406082262635775, 0.052920444348416536, 0.04627853530249418, 0.04367223983579017, 0.03792040108888128, 0.02149328290543176, 0.021380376946440693, 0.018909786672511926, 0.01669423807281531, 0.015790261139847724, 0.015764960294308995, 0.012033165505435468, 0.011820380220477779, 0.01085745670692121, 0.010679153712225888], "topic_strength": 3.987847178173699, "top_10_strength": 3.641885767108591, "label": "Und & Oder"}, {"topic_id": 2, "top_words": ["goal", "step", "task", "context", "actionable", "audience", "quality", "metric", "research", "plan", "component", "criterion", "requirement", "question", "workflow", "phase", "format", "constraint", "design", "prd"], "weights": [0.5177651065962117, 0.45743438724509766, 0.355574650347609, 0.337887345144515, 0.32549544458604723, 0.3169803665691468, 0.2948057487199599, 0.2910989012441192, 0.27291571518325847, 0.2689804250003752, 0.2531966637381132, 0.2308338963016633, 0.2279881413646749, 0.22262071447153134, 0.2150932290929228, 0.21230935955324406, 0.21019615999422417, 0.19944907012860033, 0.18555491783444603, 0.1845710233686616], "topic_strength": 17.835696157949275, "top_10_strength": 3.4389380906363405, "label": "Goal & Step"}, {"topic_id": 3, "top_words": ["agent", "token", "bash", "post", "mcp", "ngrok", "curl", "run", "url", "prompt", "browser", "tab", "remote", "tool", "instruction", "server", "api", "session", "openclaw", "step"], "weights": [0.9723605926589771, 0.27029345864701054, 0.26183345462003527, 0.2588241967350217, 0.2568551007197625, 0.2436238293903347, 0.2060690119049209, 0.1946047366180965, 0.186200635797793, 0.18146778634606037, 0.1759012050421552, 0.17539763968777664, 0.17476767115314498, 0.17442078224420712, 0.17132147602663617, 0.17034986799645194, 0.1613593053186924, 0.15447887408090727, 0.14892400665203018, 0.14608188838326516], "topic_strength": 18.459402776618248, "top_10_strength": 3.0321328034380124, "label": "Agent & Token"}, {"topic_id": 4, "top_words": ["python", "import", "model", "bash", "str", "image", "quantization", "llm", "def", "api", "json", "parameter", "input", "install", "video", "pip", "bit", "quality", "env", "price"], "weights": [1.1489488894296809, 0.6507577989672517, 0.35166850454967613, 0.23291353724383437, 0.2087490106422317, 0.18612125105047458, 0.18275363784812998, 0.18039145625658193, 0.17140488125477346, 0.1636357706212515, 0.1430727573129402, 0.13868440188423453, 0.1310167829251239, 0.12828709567032368, 0.12414096653843341, 0.12381945497831787, 0.12304777849113915, 0.12106947959231855, 0.12075513940955794, 0.11375703324898793], "topic_strength": 16.643561792726317, "top_10_strength": 3.477344737863886, "label": "Python & Import"}], "file_type": "skill_md"}