{"timestamp": "2026-06-25T03:51:38.263777", "success": true, "message": "Analysis complete with 500 files", "files_collected": 500, "topics_discovered": 5, "topics_data": [{"topic_id": 0, "top_words": ["import", "type", "return", "function", "const", "class", "error", "string", "public", "line", "api", "model", "tool", "python", "data", "bun", "method", "export", "interface", "value"], "weights": [0.5280727183649807, 0.5221337857310172, 0.5178336957656392, 0.501177946131273, 0.36461621577549824, 0.36182643144412846, 0.355970525405728, 0.34067032585552853, 0.3019738509071504, 0.2883241138770634, 0.24544283943615597, 0.2238168114088946, 0.2163545760690395, 0.2160551206227281, 0.21214132204971906, 0.21172796548748318, 0.20588857350334963, 0.2009745463408723, 0.19770704998164063, 0.19103641132817054], "topic_strength": 42.03497157998573, "top_10_strength": 4.082599609258008, "label": "Code Guidelines"}, {"topic_id": 1, "top_words": ["skill", "task", "tool", "work", "memory", "report", "mcp", "need", "plan", "review", "user", "context", "rule", "team", "knowledge", "prompt", "execution", "human", "delegate", "model"], "weights": [0.6749872076702315, 0.3927608196624049, 0.3872901544553275, 0.2579533813675168, 0.24941316906021715, 0.2372399223573393, 0.20408233250847935, 0.1876447191809789, 0.18324909363978847, 0.1795578501379236, 0.17364449867679085, 0.1694370233197932, 0.16697627453333402, 0.15870540833165822, 0.15859484635677396, 0.15054112384494236, 0.14691689892032986, 0.1449655519814402, 0.1441127124565757, 0.14170582327898637], "topic_strength": 30.180947228353784, "top_10_strength": 2.954178650040207, "label": "Skill & Task"}, {"topic_id": 2, "top_words": ["build", "package", "project", "cargo", "behavior", "repository", "module", "python", "command", "prefer", "dependency", "guideline", "commit", "documentation", "doc", "directory", "unless", "agentsmd", "make", "source"], "weights": [0.49209058193659505, 0.42242473663924507, 0.4113683838730681, 0.35647208903609173, 0.3467969861735301, 0.33667833582937207, 0.33177619714783796, 0.3118089338638958, 0.30386926234232375, 0.2907682135554486, 0.28387208050668333, 0.2818386353695077, 0.2599564899253359, 0.2565560730388844, 0.239117477820584, 0.23616609006681227, 0.23504368874355336, 0.23347345827284902, 0.22111659975157716, 0.2189433254946629], "topic_strength": 39.18637887736381, "top_10_strength": 3.604053720397408, "label": "Project Structure"}, {"topic_id": 3, "top_words": ["nextjs", "breaking", "know", "writing", "apis", "version", "guide", "relevant", "read", "convention", "data", "structure", "yarn", "exact", "changed", "doc", "space", "pnpm", "guideline", "time"], "weights": [0.7085454093564441, 0.5975144481648258, 0.5965895252585947, 0.5775719145442718, 0.5368656578024139, 0.48146257664547243, 0.4804855227468213, 0.46424003481298953, 0.4486171020561524, 0.38484320356419155, 0.371409163830762, 0.35666157085855615, 0.11693408388823535, 0.08194909572034308, 0.0815455720504115, 0.07161733101251122, 0.06437884453563991, 0.06424115898758707, 0.03345577997418893, 0.032371415532254325], "topic_strength": 8.624040872711051, "top_10_strength": 5.276735394952177, "label": "Nextjs & Breaking"}, {"topic_id": 4, "top_words": ["npm", "pnpm", "frontend", "build", "backend", "component", "dev", "server", "app", "api", "vite", "typescript", "react", "lint", "bash", "provider", "route", "import", "typecheck", "check"], "weights": [1.209076758367704, 0.4505157508305952, 0.42802358692783177, 0.36210458835606946, 0.35563682060442076, 0.3372710428690314, 0.3314688471478666, 0.2796314315441548, 0.2778297371015313, 0.27713100825806297, 0.25610911021494737, 0.2534970301979854, 0.23478497022971004, 0.23102489416970148, 0.20375344611232718, 0.18340818245076373, 0.17515073699394068, 0.14778610512218715, 0.14578971572505667, 0.1455945343980746], "topic_strength": 25.074202015090876, "top_10_strength": 4.308689572007269, "label": "Frontend Development"}], "file_type": "agents_md"}