{"timestamp": "2026-06-14T03:52:35.275055", "success": true, "message": "Analysis complete with 500 files", "files_collected": 500, "topics_discovered": 5, "topics_data": [{"topic_id": 0, "top_words": ["step", "file", "issue", "project", "phase", "test", "task", "workflow", "pattern", "check", "fix", "code", "git", "review", "run", "context", "output", "plan", "create", "design"], "weights": [0.5398154504102864, 0.4892118603450675, 0.45909941100761587, 0.3935854639517745, 0.3928020132510623, 0.39090988986771225, 0.3585783418280986, 0.3574175927971817, 0.3068493220680193, 0.26943281605860625, 0.2646339975499143, 0.25928127157685765, 0.25765071730562794, 0.2528330277597796, 0.24454543011193694, 0.23030979222425776, 0.22619988749172906, 0.2087454895653876, 0.20559775728613677, 0.20043011881555092], "topic_strength": 48.59529927054225, "top_10_strength": 3.957702161585425, "label": "Project Structure"}, {"topic_id": 1, "top_words": ["und", "oder", "mit", "live", "output", "person", "register", "form", "fee", "plugins", "pas", "stream", "right", "license", "slug", "public", "scope", "format", "bank", "material"], "weights": [1.8142021716322783, 0.5655736203213897, 0.154832407804381, 0.0892292591385493, 0.03603070803895653, 0.02303918464741024, 0.018707570287111033, 0.01612141439311032, 0.012435476993694152, 0.01229121166960126, 0.011995277781093917, 0.010849304194654519, 0.009780076286518611, 0.009670735111352198, 0.008997639472815538, 0.008522426594987805, 0.008199660748241328, 0.0060339963333513776, 0.005723119674799209, 0.005395318613657426], "topic_strength": 2.9673559545965724, "top_10_strength": 2.742463024926481, "label": "Und & Oder"}, {"topic_id": 2, "top_words": ["agent", "bash", "mcp", "token", "json", "run", "ngrok", "tool", "session", "prompt", "post", "remote", "curl", "api", "browser", "command", "local", "install", "url", "server"], "weights": [0.9593137854575555, 0.3721464758330206, 0.32981571152848876, 0.2919288614657902, 0.2885829477059177, 0.2768654630792553, 0.26553308428631567, 0.2584624139187141, 0.24789579330140413, 0.2301179493335289, 0.2201300981993621, 0.21547122649494654, 0.20458410539446475, 0.20175476910713308, 0.19793954494473168, 0.19051207965175648, 0.1820692928539593, 0.18088776799468473, 0.17825216584811035, 0.17594671104048057], "topic_strength": 24.348416181705197, "top_10_strength": 3.5206624859099915, "label": "Agent & Bash"}, {"topic_id": 3, "top_words": ["const", "await", "return", "string", "div", "type", "function", "plugin", "var", "email", "data", "text", "typescript", "html", "color", "cs", "query", "page", "error", "state"], "weights": [0.44211552521102077, 0.27929623034940454, 0.26429388432536044, 0.25171921029288524, 0.2232983525406242, 0.2181906411917149, 0.21603156166012089, 0.20502798326479577, 0.19873856130116388, 0.19672029504141578, 0.19662852537086037, 0.1882578391446265, 0.1850536577657326, 0.1849091440506095, 0.18470681322290647, 0.1837148985611648, 0.17374503010569345, 0.1719004422092246, 0.17093137048408957, 0.1692826427886935], "topic_strength": 31.26574120357926, "top_10_strength": 2.4954322451785065, "label": "Const & Await"}, {"topic_id": 4, "top_words": ["python", "import", "model", "def", "bash", "str", "quantization", "llm", "api", "chrome", "result", "return", "image", "bit", "url", "class", "install", "parameter", "pip", "int"], "weights": [1.332253812880811, 0.48736334997210606, 0.30989184502667716, 0.2731489192992972, 0.24407147694415587, 0.22087600597818896, 0.1714003901982944, 0.15185360763356973, 0.13489950800396522, 0.13308397972979621, 0.12909036130843474, 0.12338860665129861, 0.11696194503581128, 0.11599561310926883, 0.11587472496924628, 0.11316734861118743, 0.10437546092868598, 0.10043703722839488, 0.09961480581216509, 0.09958316497348621], "topic_strength": 15.341850641470756, "top_10_strength": 3.4588428956668613, "label": "Python & Import"}], "file_type": "skill_md"}