{"timestamp": "2026-07-19T03:23:55.076685", "success": true, "message": "Analysis complete with 500 files", "files_collected": 500, "topics_discovered": 5, "topics_data": [{"topic_id": 0, "top_words": ["run", "issue", "project", "test", "report", "step", "workflow", "task", "code", "change", "check", "pattern", "git", "fix", "finding", "update", "audit", "review", "analysis", "path"], "weights": [0.4799315483038096, 0.4239311505459129, 0.3722349836964194, 0.37210880128898455, 0.35751097748695365, 0.33089108288633756, 0.2985577105232027, 0.2862874890842912, 0.284543492475477, 0.28286606841622935, 0.2734067357324605, 0.2666393303989223, 0.26426571127104254, 0.2560916938729841, 0.25277561613570276, 0.242577080792386, 0.242307856579876, 0.2356939845333009, 0.22770384848370134, 0.2274795077403454], "topic_strength": 51.07872078253811, "top_10_strength": 3.488863304707618, "label": "Project Structure"}, {"topic_id": 1, "top_words": ["und", "oder", "die", "eine", "der", "welche", "prfen", "mit", "art", "email", "form", "live", "output", "plugins", "register", "matrix", "screenshot", "person", "template", "pdf"], "weights": [1.697196824569658, 0.6356426812458222, 0.37944888201757004, 0.31511664630896474, 0.3121895504816239, 0.30544366339835644, 0.253727550851193, 0.22349561924847666, 0.09473427187314386, 0.05334898274522442, 0.049941040495917854, 0.04137040430408504, 0.035899460873196704, 0.025146209633640042, 0.023861479567100365, 0.021800978448314797, 0.01619876013286626, 0.016127155471410467, 0.01561642230572117, 0.015325815810177525], "topic_strength": 4.773590366643782, "top_10_strength": 4.270344672740033, "label": "Und & Oder"}, {"topic_id": 2, "top_words": ["python", "agent", "import", "bash", "api", "model", "post", "json", "token", "url", "mcp", "server", "str", "curl", "ngrok", "install", "tool", "return", "chrome", "key"], "weights": [0.7937611187033381, 0.7483872274459592, 0.46757613373483264, 0.4658172016524983, 0.31682915447692794, 0.2916974269601965, 0.25066002020992845, 0.238863207260429, 0.232226896528435, 0.21830495229819757, 0.18692418303425645, 0.18517595404852522, 0.18278134612949354, 0.18200197965822712, 0.18003301713280404, 0.17863228302821693, 0.1729768045169693, 0.16531253363122958, 0.14961418484461608, 0.14597758243927816], "topic_strength": 29.01446257384, "top_10_strength": 4.0241233392707425, "label": "Data & APIs"}, {"topic_id": 3, "top_words": ["image", "page", "cs", "theme", "color", "component", "font", "html", "text", "card", "design", "content", "layout", "site", "light", "type", "tailwind", "div", "const", "visual"], "weights": [0.45710279286914973, 0.40913859993706986, 0.30859619221966705, 0.304300595717423, 0.30009841491262834, 0.2826420458299911, 0.2706301938868452, 0.258797188977573, 0.2485838346432608, 0.24666808464480286, 0.2344480008513624, 0.2280766841341729, 0.2270930697661403, 0.21492189603465306, 0.19502507818093903, 0.19046896610428296, 0.18765202666342692, 0.1874869947345467, 0.1842343784887686, 0.18201217511114287], "topic_strength": 32.989853920496124, "top_10_strength": 3.086557943638411, "label": "Image & Page"}, {"topic_id": 4, "top_words": ["goal", "context", "actionable", "audience", "step", "metric", "quality", "component", "task", "plan", "research", "criterion", "format", "design", "requirement", "timeline", "constraint", "output", "scale", "draft"], "weights": [0.5900416558098973, 0.41173040142901773, 0.4010958488785975, 0.39215144665906, 0.3882821443544223, 0.36466808448028903, 0.34234725210529215, 0.30671296804899506, 0.29974896894194064, 0.291714965420827, 0.2862243684025238, 0.26408148801901854, 0.25558549324120594, 0.24625241872143774, 0.24348685735293837, 0.21676485988316918, 0.20870851975859211, 0.20490210980663182, 0.18951665309851798, 0.1887430446874762], "topic_strength": 17.361328766118106, "top_10_strength": 3.7884937361283386, "label": "Goal & Context"}], "file_type": "skill_md"}