{"timestamp": "2026-07-07T03:09:20.173200", "success": true, "message": "Analysis complete with 500 files", "files_collected": 500, "topics_discovered": 5, "topics_data": [{"topic_id": 0, "top_words": ["package", "command", "make", "workflow", "behavior", "task", "doc", "work", "branch", "rule", "repo", "new", "path", "update", "repository", "prefer", "script", "git", "add", "feature"], "weights": [0.3658159130079313, 0.3523877974630823, 0.3521990364554823, 0.3361794504085152, 0.329758893405423, 0.3287151950347282, 0.3225211626466615, 0.3093416031831437, 0.3028698324750379, 0.2860569630249022, 0.2836181060176936, 0.27612652893225476, 0.2751091420729181, 0.27271383193635196, 0.2503004378121131, 0.24756630185229675, 0.2469088467823893, 0.24480310715203665, 0.24111896208212863, 0.23990219422875791], "topic_strength": 54.26372351013886, "top_10_strength": 3.2858458471049077, "label": "Package & Command"}, {"topic_id": 1, "top_words": ["npm", "frontend", "component", "lint", "typescript", "vite", "react", "dev", "api", "bun", "type", "guideline", "backend", "eslint", "route", "bash", "server", "import", "module", "hook"], "weights": [1.32418902772778, 0.3142406650643331, 0.2868927414391219, 0.26109209194117095, 0.2576881086252507, 0.24021420190774073, 0.23611958488386528, 0.23418310743220574, 0.22101502814652976, 0.21773576113370516, 0.21012143459899743, 0.19448901806552854, 0.19155982799125823, 0.17997929119373704, 0.16944881247787943, 0.1582888211682541, 0.1537119830151518, 0.1511108133031604, 0.1464828732799926, 0.14593489872847779], "topic_strength": 24.472734567101853, "top_10_strength": 3.593370318301703, "label": "Frontend Development"}, {"topic_id": 2, "top_words": ["tool", "return", "import", "llm", "python", "model", "const", "mcp", "str", "function", "type", "error", "class", "schema", "result", "execution", "string", "def", "async", "data"], "weights": [0.9666564384185269, 0.4745967749430133, 0.4218225300417617, 0.34869483708884547, 0.3234157559573585, 0.31893517213909794, 0.2991202174393372, 0.29509583617517465, 0.28768140247011414, 0.277357847859903, 0.27085112846365167, 0.26055754658473207, 0.25935865852357687, 0.2495455232483258, 0.2466552876388303, 0.22335999311400767, 0.2122576981544563, 0.20913262288031786, 0.1999655111448668, 0.19619614874821473], "topic_strength": 37.70295606229774, "top_10_strength": 4.013376812533132, "label": "Tool & Return"}, {"topic_id": 3, "top_words": ["pnpm", "type", "package", "vite", "backend", "frontend", "lint", "mcp", "typescript", "schema", "vue", "component", "dev", "install", "filter", "typecheck", "api", "check", "zod", "vitest"], "weights": [1.7398023588789464, 0.1770768290735465, 0.16455973406282198, 0.14412420801367753, 0.1361089908272551, 0.13169406317805218, 0.13094869560564795, 0.12608448329352642, 0.1250410496480094, 0.12478570907921198, 0.12475259013853027, 0.12287881864792807, 0.12256732810497523, 0.12056511313999915, 0.1172403629919023, 0.11516757889955159, 0.11122822165391713, 0.10952635504231173, 0.10053383463523481, 0.10045864156576641], "topic_strength": 12.308357459230395, "top_10_strength": 3.0002261216606954, "label": "Frontend Development"}, {"topic_id": 4, "top_words": ["skill", "para", "del", "que", "cdigo", "pdf", "frontmatter", "instruction", "por", "markdown", "proyecto", "review", "crear", "memory", "hook", "una", "sin", "available", "los", "mcp"], "weights": [1.3951880634639446, 0.4141031333427056, 0.32234890414776707, 0.18581416453939484, 0.16050333346730483, 0.14728830339869695, 0.14573384193351613, 0.14280591826677586, 0.14048563105111386, 0.1359744943324622, 0.1308437792622145, 0.12166023135789847, 0.12039349339755141, 0.11982585698598097, 0.11196604491485283, 0.11073304007976972, 0.11070117086627886, 0.10683267267031919, 0.1058044762289296, 0.10464529983072204], "topic_strength": 14.615161121938437, "top_10_strength": 3.190245787943682, "label": "Skill & Para"}], "file_type": "agents_md"}