{"timestamp": "2026-04-24T00:11:44.784677", "success": true, "message": "Analysis complete with 500 files", "files_collected": 500, "topics_discovered": 5, "topics_data": [{"topic_id": 0, "top_words": ["npm", "component", "react", "typescript", "page", "cs", "api", "dev", "tailwind", "app", "type", "state", "development", "production", "frontend", "vite", "import", "content", "server", "supabase"], "weights": [1.168266034902448, 0.6090951744998654, 0.43923271016591814, 0.37684083800462137, 0.34095539850912515, 0.31248572353256815, 0.2994882002292351, 0.28957932447225054, 0.2871676928828571, 0.2678348110720556, 0.2596916189591937, 0.2384771371024696, 0.22627798839374882, 0.22402925046500582, 0.22341373702102948, 0.2199036951089299, 0.20862818883137124, 0.20780768098425795, 0.2072854580681027, 0.20664463542278388], "topic_strength": 38.94386714467816, "top_10_strength": 4.390945908270945, "label": "Frontend Development"}, {"topic_id": 1, "top_words": ["change", "plan", "task", "read", "work", "git", "phase", "skill", "rule", "agent", "session", "commit", "implementation", "context", "review", "doc", "fix", "workflow", "user", "dont"], "weights": [0.3820832488771045, 0.3581861927594498, 0.32322559981441884, 0.3218240255262376, 0.2902680751820464, 0.2721492304373602, 0.264601273215097, 0.25993590150820856, 0.2462228693652442, 0.24573586857523189, 0.23846242828122613, 0.22418109563962976, 0.21195439405223593, 0.20064874075387495, 0.1975285454484512, 0.19554556694061764, 0.19413237476064707, 0.19125182065687077, 0.18946854684408626, 0.18529363132706983], "topic_strength": 36.748367870066915, "top_10_strength": 2.9642322852603993, "label": "Change & Plan"}, {"topic_id": 2, "top_words": ["agentsmd", "starting", "task", "read", "instruction", "repository", "agent", "source", "rule", "stay", "best", "practice", "truth", "requirement", "behavior", "development", "note", "single", "look", "compatibility"], "weights": [1.6610509919194978, 0.32290833129089175, 0.31620653311148494, 0.2665275463431484, 0.2061018764791948, 0.10967573582901292, 0.10470481760674538, 0.10351454293960394, 0.10209615525220204, 0.09718522501334872, 0.08216604738697215, 0.08006023874509739, 0.07309164807318175, 0.06435686859916331, 0.06137054789821565, 0.054067832838531955, 0.052421140039048686, 0.050319891356543904, 0.04523289241999798, 0.041502920475794965], "topic_strength": 4.940829451020642, "top_10_strength": 3.2899717557851313, "label": "Agentsmd & Starting"}, {"topic_id": 3, "top_words": ["python", "model", "api", "service", "environment", "install", "mcp", "token", "pytest", "llm", "cli", "configuration", "return", "data", "docker", "tool", "backend", "agent", "make", "frontend"], "weights": [0.5675264579951812, 0.3697563406339591, 0.34618765032008825, 0.21274978195181635, 0.20347607958582956, 0.19033424225659526, 0.18313340454560484, 0.18209332765548172, 0.1814010034477749, 0.18124307957189112, 0.17727995817885275, 0.17702132761887326, 0.17451497494602208, 0.17345120601924652, 0.1729670444476891, 0.168300073321674, 0.16807735725827655, 0.1661529804272149, 0.16494343859668778, 0.15587604516337336], "topic_strength": 36.371611262011584, "top_10_strength": 2.6179013679642225, "label": "Backend Services"}, {"topic_id": 4, "top_words": ["pnpm", "prisma", "filter", "schema", "migration", "dev", "package", "server", "typescript", "component", "tauri", "database", "lint", "backend", "client", "type", "frontend", "team", "vercel", "admin"], "weights": [1.318793883213706, 0.18458487967873852, 0.16538318460744234, 0.1605798648090341, 0.1414877242007293, 0.13523700006627462, 0.1290338256040966, 0.12326683485839994, 0.12153732742706168, 0.1197823851989585, 0.11871839116598187, 0.11693513087699532, 0.10865290809693977, 0.10673645006947619, 0.10416026623557079, 0.10318444482110263, 0.10011758212677221, 0.09720199806637643, 0.0968664755984767, 0.08999169532755151], "topic_strength": 13.24728370858941, "top_10_strength": 2.5996869096644417, "label": "Frontend Development"}]}