{"timestamp": "2026-06-17T03:23:01.021455", "success": true, "message": "Analysis complete with 500 files", "files_collected": 500, "topics_discovered": 5, "topics_data": [{"topic_id": 0, "top_words": ["change", "build", "project", "behavior", "doc", "command", "prefer", "package", "make", "repository", "update", "module", "documentation", "cargo", "commit", "dependency", "unless", "check", "task", "new"], "weights": [0.6071596514122951, 0.3733709734350511, 0.363661985205667, 0.3415977980681268, 0.33785903072912016, 0.33238594602563304, 0.3287111775026474, 0.3274359717973649, 0.2994794096908668, 0.293162231990098, 0.2786970382416768, 0.2703530716684214, 0.2664203033165244, 0.2606428214713867, 0.2548000657032763, 0.2483801729714177, 0.24598659205434464, 0.24037071077600478, 0.24019027764649878, 0.23858641513702294], "topic_strength": 53.23642162796928, "top_10_strength": 3.60482417585687, "label": "Project Structure"}, {"topic_id": 1, "top_words": ["skill", "task", "skillmd", "directory", "memory", "report", "review", "pressure", "reference", "work", "frontmatter", "markdown", "plan", "user", "rule", "delegate", "para", "scenario", "claude", "need"], "weights": [1.4332647435522996, 0.2772099955758855, 0.2696054384000451, 0.25505925942463653, 0.22774381657097278, 0.20613492278746146, 0.18376394573001778, 0.18096901206156266, 0.17766701566177873, 0.1752557722052253, 0.17292295100520771, 0.16355806980756699, 0.15838025730483996, 0.1443781466603422, 0.13817968362528088, 0.13591684209020807, 0.13109254946847432, 0.12956911540224042, 0.12579153842690532, 0.121808593810001], "topic_strength": 20.83675299513322, "top_10_strength": 3.3866739219698854, "label": "File Management"}, {"topic_id": 2, "top_words": ["npm", "frontend", "backend", "build", "dev", "react", "bash", "component", "api", "typescript", "lint", "server", "development", "guideline", "route", "install", "standard", "node", "vite", "contributor"], "weights": [1.3994814792248496, 0.6064518439308317, 0.4991635679395396, 0.30663405780767583, 0.27314533730940854, 0.24820782869693775, 0.23208137634098108, 0.21097076621835442, 0.19950159680746066, 0.19136740474965971, 0.1870334883675439, 0.15744861111244793, 0.15584940610618186, 0.15507607250305153, 0.15219072670047648, 0.14081328315465122, 0.1376272990484999, 0.1345735482316825, 0.1301424896008058, 0.1255236878494113], "topic_strength": 17.94387855587661, "top_10_strength": 4.167005259025698, "label": "Frontend Development"}, {"topic_id": 3, "top_words": ["tool", "mcp", "import", "python", "model", "return", "llm", "api", "str", "string", "result", "json", "data", "key", "step", "type", "class", "prompt", "description", "function"], "weights": [0.7576258037197627, 0.46049211902778625, 0.4548885138249121, 0.42605610144154005, 0.4001955024118828, 0.32139501115444347, 0.30988910544814946, 0.25635230569205086, 0.23793277477805191, 0.21872384572557768, 0.2124568918537433, 0.2114372957286093, 0.1992335857621611, 0.1908127268559909, 0.17109755674385269, 0.16867358074102806, 0.16815552315537827, 0.16796530375390384, 0.16335714761765577, 0.16272103480224115], "topic_strength": 38.09153691467169, "top_10_strength": 3.8435510832241575, "label": "Tool & Mcp"}, {"topic_id": 4, "top_words": ["pnpm", "rust", "type", "frontend", "component", "backend", "vite", "check", "vitest", "cargo", "package", "provider", "typescript", "app", "build", "shared", "dev", "workspace", "store", "string"], "weights": [1.373885308309238, 0.216905156265185, 0.20246642978263954, 0.1980187814289051, 0.17317545322834818, 0.15853105103190954, 0.14908896513948666, 0.14305824114933435, 0.14216168204743238, 0.14118114665478226, 0.1355869659498494, 0.12230573862452591, 0.11364730716277993, 0.11264738237334794, 0.11118460949886232, 0.10941085368128266, 0.10817819289586764, 0.10547024562708691, 0.10307486646316796, 0.101808131493495], "topic_strength": 11.969356247453199, "top_10_strength": 2.898472215037261, "label": "Frontend Development"}], "file_type": "agents_md"}