{"timestamp": "2026-04-10T00:13:51.816373", "success": true, "message": "Analysis complete with 500 files", "files_collected": 500, "topics_discovered": 5, "topics_data": [{"topic_id": 0, "top_words": ["change", "error", "commit", "documentation", "git", "dont", "cargo", "comment", "function", "fix", "new", "add", "work", "pattern", "implementation", "issue", "doc", "existing", "rule", "read"], "weights": [0.41691332977785295, 0.36485682844963313, 0.36058229581833623, 0.3153968482260912, 0.3092976117493456, 0.2937849540376779, 0.2784460629837556, 0.27739880090265456, 0.2726560925654382, 0.26096497862907436, 0.2501008682262487, 0.24852705292676963, 0.23904022108015527, 0.2380555133803885, 0.23654662604045956, 0.2355861598369725, 0.23471093345704433, 0.23299762621993675, 0.23213520572052218, 0.23200713394706363], "topic_strength": 48.29403935480967, "top_10_strength": 3.1502978031398596, "label": "Documentation"}, {"topic_id": 1, "top_words": ["npm", "component", "api", "react", "typescript", "server", "frontend", "page", "backend", "app", "state", "development", "cs", "database", "dev", "production", "start", "user", "client", "post"], "weights": [0.7822243737155514, 0.5920475640666562, 0.38715320855414026, 0.37737965722085987, 0.36719494615564297, 0.32227895403799905, 0.28436067285327293, 0.26316506124316336, 0.2604188713120603, 0.23719723684415164, 0.22979880776509648, 0.2238112790366849, 0.21790184954796118, 0.20948790255919034, 0.2086273914848633, 0.20422219397815358, 0.19372727594509442, 0.18440760805960824, 0.17654128809271377, 0.17461666664916822], "topic_strength": 32.84167107743397, "top_10_strength": 3.8734205460034983, "label": "Frontend Development"}, {"topic_id": 2, "top_words": ["pnpm", "package", "bun", "lint", "typescript", "vitest", "dev", "typecheck", "mcp", "monorepo", "cli", "prisma", "git", "eslint", "check", "rust", "sdk", "install", "doc", "issue"], "weights": [1.4032203595509054, 0.30232985372165344, 0.2749547672482583, 0.20113021566526254, 0.17873149227389945, 0.17505375714036314, 0.13197909290971266, 0.11677046721996555, 0.11496150388671075, 0.11213095903652888, 0.11159743709322781, 0.1102328053939957, 0.10128114407827145, 0.10075684826388234, 0.09999306251263142, 0.09675748187902063, 0.09514922171947156, 0.09456222703163596, 0.08881577652649375, 0.08649622480959207], "topic_strength": 12.615084369774742, "top_10_strength": 3.01126246865326, "label": "Frontend Development"}, {"topic_id": 3, "top_words": ["python", "model", "install", "script", "pytest", "configuration", "service", "config", "environment", "docker", "cli", "ruff", "make", "format", "pip", "container", "image", "dependency", "check", "api"], "weights": [0.7357884031165365, 0.2806693913265732, 0.2148929990880156, 0.21289610276914744, 0.21115356057483373, 0.20551975077589996, 0.1889515092752931, 0.18698455076848708, 0.18068768733947058, 0.17889244105298455, 0.17276394723856509, 0.16855313158394566, 0.16528200197331752, 0.1643134083379224, 0.15080725629361127, 0.15067516320592972, 0.1495805936809513, 0.13961771216030944, 0.13906340651414914, 0.13795267065989145], "topic_strength": 28.967704660281143, "top_10_strength": 2.5964363960872414, "label": "Python & Model"}, {"topic_id": 4, "top_words": ["agent", "task", "phase", "llm", "tool", "json", "mcp", "agentsmd", "skill", "research", "result", "output", "report", "finding", "insight", "plan", "analysis", "prompt", "session", "status"], "weights": [0.7962197373501456, 0.5561782640095182, 0.379633750617412, 0.30215403622617465, 0.284208939587514, 0.2680619129797113, 0.2583536386583239, 0.25029348176412564, 0.23231891556762693, 0.2250140510585182, 0.22319835278781616, 0.21611778397450268, 0.21610410906871136, 0.20706817102161051, 0.19016746885948463, 0.17642464505822386, 0.16705595611716814, 0.1648940719383824, 0.1494907806796438, 0.14718465483207413], "topic_strength": 19.341614287385646, "top_10_strength": 3.5524367278190705, "label": "Agent & Task"}]}