{"timestamp": "2026-05-15T00:47:42.850442", "success": true, "message": "Analysis complete with 500 files", "files_collected": 500, "topics_discovered": 5, "topics_data": [{"topic_id": 0, "top_words": ["python", "model", "service", "function", "event", "user", "error", "import", "state", "configuration", "type", "return", "module", "game", "string", "bash", "tool", "class", "value", "core"], "weights": [0.5426928859128153, 0.4037193026131524, 0.30780320420365564, 0.2682464938283999, 0.2549039910852425, 0.25180349537314606, 0.25142779601864856, 0.25102045530754874, 0.25013781732550494, 0.24960349909951965, 0.24084767570227486, 0.23470073195141006, 0.229017603033966, 0.22731375509633178, 0.22508148301755876, 0.2219013770193141, 0.22187387445172002, 0.21118302470778288, 0.20928102753945932, 0.20884860358069982], "topic_strength": 58.98577871696069, "top_10_strength": 3.0313589407676336, "label": "Code Guidelines"}, {"topic_id": 1, "top_words": ["npm", "component", "react", "typescript", "dev", "frontend", "cs", "backend", "tailwind", "page", "server", "hook", "vite", "development", "app", "nextjs", "router", "production", "lint", "state"], "weights": [1.0983128398462332, 0.6076778083038296, 0.5219646382638724, 0.4584345525403055, 0.356260329549299, 0.33060969568299614, 0.3277764331323462, 0.27744488274381995, 0.26121178866465905, 0.25681141295342763, 0.22415567230139014, 0.22101014056993978, 0.2019125421026327, 0.19639359777352364, 0.19617636960683785, 0.19234329479956339, 0.18294825656886857, 0.18109403167008528, 0.17869276550867141, 0.1683559985801963], "topic_strength": 25.74798655484356, "top_10_strength": 4.496504381680789, "label": "Frontend Development"}, {"topic_id": 2, "top_words": ["pnpm", "component", "package", "nextjs", "typescript", "type", "lint", "dev", "issue", "app", "server", "eslint", "note", "src", "route", "git", "icon", "react", "router", "web"], "weights": [1.6627510040991214, 0.3117484629302553, 0.210725557048142, 0.16295864982593591, 0.16074612471000235, 0.15948381483366014, 0.14715248231541894, 0.12795052928494605, 0.12463117792225396, 0.12399755640436243, 0.11832253828653841, 0.11544831632561965, 0.09798452492158825, 0.09606737389545848, 0.09293881362961026, 0.08745650919754923, 0.08177696922959643, 0.0811458896188018, 0.07931374861071468, 0.07456368842370813], "topic_strength": 14.77687652681427, "top_10_strength": 3.192145359374098, "label": "Frontend Development"}, {"topic_id": 3, "top_words": ["task", "skill", "agent", "read", "git", "rule", "change", "plan", "step", "fix", "review", "session", "work", "workflow", "user", "check", "doc", "commit", "feature", "tool"], "weights": [0.5357242613000115, 0.5134316615088407, 0.4080731924919049, 0.4042406608708196, 0.37896161663866784, 0.3128043229074232, 0.30628703542235114, 0.2807361372522164, 0.2799414488058008, 0.2764863916851277, 0.2574438120984877, 0.2504758139033867, 0.24690949329495085, 0.2378672944492984, 0.23495542672834466, 0.2317156981964832, 0.23059624077615332, 0.22780900239660323, 0.22691508937226354, 0.20685028287170437], "topic_strength": 38.58495221251387, "top_10_strength": 3.696686728883164, "label": "Task & Skill"}, {"topic_id": 4, "top_words": ["agentsmd", "agent", "source", "stay", "best", "practice", "truth", "mcp", "instruction", "behavior", "note", "repository", "defined", "requirement", "single", "plan", "guideline", "follow", "doc", "claim"], "weights": [1.5950569365961906, 0.12571211275682398, 0.11268825992677801, 0.10324000305536796, 0.10107295456000312, 0.09462095514204229, 0.09127288897279102, 0.08913397127083968, 0.07951890246867468, 0.07827646154996103, 0.06601655254842337, 0.061725821826136076, 0.06118186709989585, 0.060515080144933946, 0.05641855722465842, 0.05614576928477462, 0.05308079322321525, 0.051731042701271164, 0.04558679180615544, 0.041430123975559285], "topic_strength": 4.5894467375602765, "top_10_strength": 2.4705934462994725, "label": "Agentsmd & Agent"}]}