{"timestamp": "2026-04-21T00:57:52.259589", "success": true, "message": "Analysis complete with 500 files", "files_collected": 500, "topics_discovered": 5, "topics_data": [{"topic_id": 0, "top_words": ["skill", "task", "change", "session", "work", "git", "rule", "agent", "commit", "tool", "plan", "read", "fix", "instruction", "issue", "dont", "memory", "workflow", "make", "feature"], "weights": [0.4739904014507094, 0.4424978345452267, 0.43789081858388473, 0.3512753060567729, 0.3460932176774544, 0.32759624850134994, 0.3254429122953697, 0.32123251348554055, 0.30529701889816707, 0.3039259344246239, 0.2872576720557, 0.2872069155370098, 0.2866471889468386, 0.2808925733619581, 0.27571446923570714, 0.22345104493683446, 0.22208663532497006, 0.22093472937586633, 0.21940474221136577, 0.2173278936289904], "topic_strength": 47.51332957789833, "top_10_strength": 3.635242205919099, "label": "Skill & Task"}, {"topic_id": 1, "top_words": ["npm", "component", "pnpm", "typescript", "react", "page", "cs", "app", "dev", "tailwind", "theme", "nextjs", "server", "frontend", "production", "state", "route", "development", "import", "site"], "weights": [0.7640190320900674, 0.5587345871945827, 0.47401733538402563, 0.34240131833851933, 0.319154869074983, 0.3020408805107823, 0.2990491875086249, 0.2650116754257593, 0.257172109815339, 0.25041220466024483, 0.24091115127814575, 0.21350313804099919, 0.20754542016404323, 0.18302161226103117, 0.17965787606291103, 0.17785582254800547, 0.17600930222711308, 0.17188126577273516, 0.16963828760904692, 0.16919495879989696], "topic_strength": 28.877768686821113, "top_10_strength": 3.832013200002928, "label": "Frontend Development"}, {"topic_id": 2, "top_words": ["agentsmd", "defined", "follow", "rule", "read", "para", "canonical", "feature", "que", "llm", "scoped", "gate", "instruction", "gradlew", "github", "swift", "generated", "agent", "domain", "exit"], "weights": [1.7629603652312344, 0.14812075800338376, 0.12497175916447628, 0.1246525019533157, 0.11623836204877645, 0.06507934317384839, 0.04639490432810121, 0.025582878077949216, 0.02517976074260403, 0.024067841679343963, 0.02113384391707762, 0.021027152230221325, 0.02079704753394341, 0.019553052605924052, 0.01879021425342759, 0.01604480963772105, 0.015561182711469317, 0.014039175859573823, 0.013813423098443769, 0.012487278210557624], "topic_strength": 3.408453543727264, "top_10_strength": 2.463248474403033, "label": "Agentsmd & Defined"}, {"topic_id": 3, "top_words": ["python", "api", "model", "pytest", "error", "backend", "docker", "type", "install", "make", "return", "service", "database", "endpoint", "llm", "default", "ruff", "check", "token", "frontend"], "weights": [0.5249348397230877, 0.4861985377006391, 0.288305473306601, 0.2778829051974733, 0.2616547580931734, 0.24009356451304054, 0.23045155466176095, 0.21476324457936719, 0.1982614176008432, 0.18877579474440334, 0.18873422771947113, 0.18743697388321623, 0.1868496177874544, 0.18542872165685118, 0.18453800893322736, 0.16858705579763408, 0.16843988168416582, 0.1683863726108751, 0.16725734274890616, 0.1662905860516301], "topic_strength": 36.781416968583756, "top_10_strength": 2.9113220901203896, "label": "Data & APIs"}, {"topic_id": 4, "top_words": ["mvn", "agent", "event", "java", "spring", "streaming", "integration", "package", "module", "coverage", "clean", "communication", "interface", "unit", "implementation", "model", "core", "tool", "analysis", "message"], "weights": [0.7617803464770602, 0.5178030189116675, 0.38546082762489386, 0.37527650531958234, 0.3665654840509121, 0.27791011491664613, 0.26894034047213794, 0.22224349260196327, 0.20406178104839498, 0.19862605233439648, 0.19095474252049613, 0.15564088450716893, 0.15547804925225797, 0.1514189538874002, 0.14162661684238456, 0.13936065307443965, 0.13353634166040504, 0.13107038632509457, 0.12459429850965642, 0.12262821887425138], "topic_strength": 12.730890642764475, "top_10_strength": 3.5786679637576553, "label": "Mvn & Agent"}]}