{"timestamp": "2026-05-16T00:51:58.636570", "success": true, "message": "Analysis complete with 500 files", "files_collected": 500, "topics_discovered": 5, "topics_data": [{"topic_id": 0, "top_words": ["python", "data", "configuration", "type", "module", "model", "error", "core", "function", "package", "import", "dependency", "format", "state", "cargo", "operation", "output", "development", "cli", "path"], "weights": [0.46152730391747593, 0.3996037691503452, 0.38602336775722973, 0.32895177901384326, 0.326788952429103, 0.30049936275071276, 0.2983511811223615, 0.26463563000108653, 0.2603126229528645, 0.25261977538783564, 0.2525457836836697, 0.2505033625266441, 0.24032048716365026, 0.2357581529826415, 0.23574476605166797, 0.2269872550371795, 0.21117360576336877, 0.21056771338535626, 0.2085553650140095, 0.20480574333936383], "topic_strength": 53.17211107929029, "top_10_strength": 3.2793137444828577, "label": "Data & APIs"}, {"topic_id": 1, "top_words": ["npm", "component", "typescript", "react", "cs", "page", "dev", "server", "nextjs", "production", "type", "app", "eslint", "lint", "start", "tailwind", "layout", "development", "preview", "state"], "weights": [1.0379627875607078, 0.5678840566646073, 0.4680322492956715, 0.3240302463785478, 0.28678834889337446, 0.28546755610334523, 0.2667116011500596, 0.22882128106330393, 0.21414917348490664, 0.1935569292290907, 0.1797174172020611, 0.17893422683015403, 0.17783004678660097, 0.1632129457445639, 0.16304854421081064, 0.15836214319799652, 0.1581404755693424, 0.1558809154350531, 0.15402431948583317, 0.15378911218164856], "topic_strength": 22.94250550871271, "top_10_strength": 3.873404229823615, "label": "Frontend Development"}, {"topic_id": 2, "top_words": ["agent", "skill", "task", "mcp", "session", "git", "rule", "change", "commit", "work", "doc", "instruction", "user", "phase", "read", "add", "plan", "documentation", "workflow", "branch"], "weights": [0.5876097035077595, 0.5000082559011945, 0.368853712411799, 0.36870525401806575, 0.3647472962146371, 0.35022808781539705, 0.29851307761181983, 0.2891773983195122, 0.2795826010593101, 0.26209775213678627, 0.24490087996489046, 0.24468659041128193, 0.24052891033865437, 0.23938824943399886, 0.2374611758466457, 0.20900903148982222, 0.2064347544407752, 0.20606326595404, 0.19253352587248745, 0.1924055247661592], "topic_strength": 32.404191637142446, "top_10_strength": 3.669523138996281, "label": "Agent & Skill"}, {"topic_id": 3, "top_words": ["api", "post", "docker", "backend", "frontend", "admin", "user", "database", "auth", "app", "endpoint", "client", "service", "para", "route", "token", "job", "postgresql", "migration", "env"], "weights": [0.8491672102886108, 0.39987304040444005, 0.30721400481674527, 0.2885465470243707, 0.27297130544081094, 0.2681376376815909, 0.2530032287184245, 0.23970125751325172, 0.2326458404345032, 0.21275041786012217, 0.21023772091912832, 0.18873751079030388, 0.18676751594349628, 0.18424511649585248, 0.18042803229319873, 0.17996371133954486, 0.1669088231398023, 0.16553621036271016, 0.1622364799682111, 0.1558010264913438], "topic_strength": 25.737388604596585, "top_10_strength": 3.3240104901828706, "label": "Data & APIs"}, {"topic_id": 4, "top_words": ["pnpm", "package", "rust", "filter", "frontend", "prisma", "component", "vue", "workspace", "web", "websocket", "content", "page", "dev", "react", "typescript", "image", "site", "server", "mode"], "weights": [1.2208272048044966, 0.17389649760582648, 0.13070099585085232, 0.12662536045061915, 0.12019043021328715, 0.12016802703992514, 0.11536875471710777, 0.11096494011962858, 0.10916133622849351, 0.10039783255639809, 0.09532137947037235, 0.09514809755545822, 0.09479255096375068, 0.09352724189301727, 0.09329063994704384, 0.08324671844583757, 0.07994670046056096, 0.07787780715204916, 0.07398892393053078, 0.07261854828035026], "topic_strength": 10.85500036041492, "top_10_strength": 2.3283013795866347, "label": "Frontend Development"}]}