{"timestamp": "2026-03-21T00:12:02.463117", "success": true, "message": "Analysis complete with 500 files", "files_collected": 500, "topics_discovered": 5, "topics_data": [{"topic_id": 0, "top_words": ["npm", "component", "typescript", "react", "page", "cs", "dev", "development", "nextjs", "server", "prisma", "app", "production", "tailwind", "lint", "type", "frontend", "eslint", "preview", "management"], "weights": [1.3692534984571931, 0.5533009616103071, 0.48146270329832697, 0.4116914261412167, 0.30740307796378863, 0.2879274180404783, 0.2849627518404576, 0.27864275564167307, 0.27240748201932224, 0.25944543114230256, 0.243212491546037, 0.23578208035392087, 0.23514601901650564, 0.2264313141222239, 0.223533537352606, 0.2128215502349505, 0.20884755416327766, 0.20383597228009664, 0.20244575437624607, 0.199317942043022], "topic_strength": 31.21854939125063, "top_10_strength": 4.506497506155067, "label": "Frontend Development"}, {"topic_id": 1, "top_words": ["python", "model", "change", "error", "type", "function", "import", "pattern", "return", "make", "configuration", "user", "service", "tool", "implementation", "add", "check", "dependency", "documentation", "game"], "weights": [0.4181677804685945, 0.2607082186391629, 0.2345900725413275, 0.20871920806647423, 0.2082084231667958, 0.20601471768047622, 0.20292508574608178, 0.19591065524699877, 0.19367861061979538, 0.19101884800317245, 0.18881063583221144, 0.18709200416316246, 0.1848912877112605, 0.18143503470250813, 0.17397388362345156, 0.17128000775820035, 0.16993253523321353, 0.16985720806448892, 0.1697807252574507, 0.16747929791494673], "topic_strength": 51.52379456983011, "top_10_strength": 2.319941620178879, "label": "Python & Model"}, {"topic_id": 2, "top_words": ["agent", "task", "container", "skill", "workflow", "context", "user", "coding", "message", "memory", "tool", "phase", "research", "builder", "issue", "work", "instruction", "llm", "filesystem", "load"], "weights": [1.4535317022496537, 0.4622302474543726, 0.2817238735641128, 0.22585361877035334, 0.22088528696528148, 0.19196181372165205, 0.17858037628563134, 0.17436901128965093, 0.16351359914586278, 0.14923748586152333, 0.1364590353281152, 0.1284715924650281, 0.1255217422676935, 0.11543066938280248, 0.11248177391170218, 0.10810480709062768, 0.10653294677261879, 0.10098120409826772, 0.0987494381220999, 0.09406383033975665], "topic_strength": 16.149259691942518, "top_10_strength": 3.5018870153080943, "label": "Agent & Task"}, {"topic_id": 3, "top_words": ["mcp", "rule", "server", "immediately", "tool", "add", "session", "task", "update", "github", "remove", "read", "google", "change", "break", "user", "new", "search", "install", "student"], "weights": [1.06143377231094, 0.5529677842406124, 0.45241019523674764, 0.2760712037965373, 0.19492450209836734, 0.18033811470077646, 0.17221992078808596, 0.16885565285239756, 0.1546525170255925, 0.15385775626571543, 0.14406094066293323, 0.13560695890970167, 0.12414420085895328, 0.12260921027276768, 0.12145066964814485, 0.11809350218578377, 0.11652935002250057, 0.11629074206082138, 0.11087975587541163, 0.11057906831683438], "topic_strength": 16.403327148465756, "top_10_strength": 3.3677314193157724, "label": "Mcp & Rule"}, {"topic_id": 4, "top_words": ["pnpm", "bun", "app", "nextjs", "prisma", "typescript", "import", "server", "database", "docker", "dev", "router", "component", "client", "lint", "package", "route", "strict", "service", "handler"], "weights": [1.018644595823025, 0.5586128997891749, 0.2550867464522781, 0.22444719444388697, 0.17493702252100546, 0.1724862527524719, 0.1640321842469304, 0.15884751541158193, 0.1550556425855114, 0.15208233676888977, 0.1496633488333833, 0.1357238037850244, 0.13408423498305808, 0.1339544458538351, 0.13228959004758337, 0.13141768480057747, 0.1158935741598294, 0.11090215322579959, 0.10860766959911063, 0.10584464400236424], "topic_strength": 16.35340384358844, "top_10_strength": 3.034232390794756, "label": "Frontend Development"}]}