{"timestamp": "2026-02-22T03:27:14.567395", "success": true, "message": "Analysis complete with 500 files", "files_collected": 500, "topics_discovered": 5, "topics_data": [{"topic_id": 0, "top_words": ["tool", "task", "user", "agent", "change", "rule", "configuration", "documentation", "error", "pattern", "make", "new", "update", "cargo", "git", "implementation", "validation", "memory", "read", "model"], "weights": [0.4360696022893352, 0.3857772283827664, 0.3352321064843609, 0.33455408760459676, 0.29282081093978063, 0.26406396047002645, 0.255651945165959, 0.2543683526603227, 0.25153990830255774, 0.25115151751325293, 0.24105603876191845, 0.23993992825064003, 0.23555219595488955, 0.2350886020378862, 0.23129850099529484, 0.23072615633113105, 0.23037782298898943, 0.2294135748007999, 0.22532431626011512, 0.22216221441658657], "topic_strength": 57.37444989423275, "top_10_strength": 3.0612295198129584, "label": "User Interface"}, {"topic_id": 1, "top_words": ["npm", "pnpm", "api", "typescript", "server", "react", "frontend", "import", "component", "backend", "const", "database", "supabase", "string", "error", "service", "app", "dev", "lint", "docker"], "weights": [0.8999723809797896, 0.5484640315972892, 0.5403922160107978, 0.5172624143981569, 0.31013254582047267, 0.29639552425966603, 0.29564757775009337, 0.2842669575583597, 0.2774502997960673, 0.26420840949029617, 0.25718390732608826, 0.23068814201866433, 0.22810247402411155, 0.22419935830215082, 0.21982320695688354, 0.21736769005042414, 0.21107718564711267, 0.21006469790035381, 0.1958782038233197, 0.18488751184112853], "topic_strength": 28.40383760702327, "top_10_strength": 4.234192357660988, "label": "Frontend Development"}, {"topic_id": 2, "top_words": ["bun", "typescript", "import", "component", "websocket", "server", "pattern", "testing", "instead", "install", "hook", "state", "strict", "web", "action", "react", "unit", "runtime", "library", "api"], "weights": [1.5946565190366775, 0.13923237096762073, 0.11608560190776646, 0.11186391360752751, 0.108551367184096, 0.10287570817811119, 0.09887320940204052, 0.0955359752412542, 0.09508302042829202, 0.09160468571901549, 0.08988504165733628, 0.08783741370499185, 0.07777506898229947, 0.07341438691160715, 0.07341221536867619, 0.07226588267236636, 0.06773507508093478, 0.0674830193199543, 0.06595566269250223, 0.06535164224239436], "topic_strength": 11.68329958396815, "top_10_strength": 2.554362371672402, "label": "Frontend Development"}, {"topic_id": 3, "top_words": ["python", "import", "model", "def", "install", "api", "pip", "video", "return", "pytest", "str", "para", "class", "script", "environment", "processing", "output", "pipeline", "backend", "data"], "weights": [1.2809665711383875, 0.23257886051377064, 0.2155242108369423, 0.20346809886214215, 0.17879065960967858, 0.17596356416595088, 0.16760236778899593, 0.16056519274529402, 0.15400373615172067, 0.14197056956617682, 0.12052330858848306, 0.1175832630626377, 0.11601459125690734, 0.10997493916937397, 0.10983332478896408, 0.10561793013944974, 0.10283233134707821, 0.10113888741360737, 0.1006462644528484, 0.10034740927675724], "topic_strength": 17.60101847793561, "top_10_strength": 2.9114338313790595, "label": "Python & Import"}, {"topic_id": 4, "top_words": ["page", "component", "content", "color", "theme", "cs", "property", "html", "site", "javascript", "section", "game", "image", "layout", "state", "element", "value", "template", "asset", "link"], "weights": [0.4228708261291421, 0.3712456351072096, 0.3539235274571426, 0.3357051152710756, 0.33363304679449657, 0.3313701012333585, 0.28964710525270937, 0.2577115412673019, 0.25037855267444564, 0.23687099448248114, 0.23237118513612404, 0.231127086432161, 0.19691012304042677, 0.17979440433537464, 0.17539472982074322, 0.17376935402971472, 0.17113998375948705, 0.16129932293925564, 0.15979930441466733, 0.15877769963430904], "topic_strength": 27.547853648843777, "top_10_strength": 3.183356445669363, "label": "Page & Component"}]}