{"timestamp": "2026-03-01T00:24:54.642749", "success": true, "message": "Analysis complete with 500 files", "files_collected": 500, "topics_discovered": 5, "topics_data": [{"topic_id": 0, "top_words": ["agent", "task", "tool", "user", "skill", "change", "context", "error", "work", "rule", "read", "implementation", "message", "step", "feature", "make", "memory", "workflow", "git", "new"], "weights": [0.5891737428609262, 0.538578500393068, 0.4810812131407668, 0.39710082221095194, 0.3607268652135827, 0.32043905287395563, 0.26840933961015245, 0.26365063606115374, 0.25812608979619517, 0.2556475862067372, 0.2523601172106618, 0.25108517111353634, 0.24840318417054003, 0.24565672803168356, 0.24226232571211867, 0.24195658546623314, 0.23852672631296104, 0.23749455951858267, 0.23531822651359238, 0.2301353915438085], "topic_strength": 54.694176379236126, "top_10_strength": 3.7329338483674896, "label": "User Interface"}, {"topic_id": 1, "top_words": ["npm", "api", "react", "server", "backend", "frontend", "typescript", "page", "supabase", "dev", "start", "production", "app", "cs", "state", "nextjs", "vite", "client", "service", "database"], "weights": [0.858582672809248, 0.38535377966356454, 0.34169228650736333, 0.3106059261313793, 0.30553149267609947, 0.29555233952083215, 0.294084284352537, 0.2873812245071207, 0.24940730867543026, 0.22927659245017523, 0.22785673729892522, 0.22686204421650133, 0.22321588519335553, 0.21099451985685247, 0.20628564596089444, 0.19664444293412037, 0.19395331294803034, 0.19071387732822304, 0.18653036092847733, 0.1843688659445254], "topic_strength": 35.95468896169183, "top_10_strength": 3.5574679072937503, "label": "Frontend Development"}, {"topic_id": 2, "top_words": ["python", "install", "pytest", "package", "fastapi", "import", "api", "pip", "environment", "def", "model", "sync", "configuration", "dependency", "class", "str", "check", "add", "return", "analysis"], "weights": [1.3154787628431002, 0.28430737682169643, 0.2652567986802649, 0.21512430417180853, 0.2044104587862843, 0.19739700066762284, 0.1970845485987266, 0.1705708766437408, 0.14798994553946468, 0.1455405572253397, 0.14454308423345213, 0.11750809030653829, 0.11290467673190124, 0.11275311415729002, 0.11033727789845782, 0.10736862455839409, 0.10534938058051023, 0.10334206687227919, 0.0980673032113527, 0.08953321238410542], "topic_strength": 15.789142527452505, "top_10_strength": 3.1431606299780492, "label": "Python & Install"}, {"topic_id": 3, "top_words": ["pnpm", "content", "theme", "vue", "site", "tailwind", "package", "directory", "configuration", "markdown", "cs", "form", "convex", "typescript", "blog", "dev", "preview", "astro", "documentation", "schema"], "weights": [1.1034844768744256, 0.39481640131413925, 0.24134740838297755, 0.24079022513944376, 0.21994662207070778, 0.20955189145853462, 0.2057245311816127, 0.2004155316017545, 0.17249239495200994, 0.16640783088078961, 0.1576915147497045, 0.15741801494735064, 0.14570582300035698, 0.141839928417536, 0.12923848425251833, 0.12834308450033732, 0.12782367086247975, 0.124701286297087, 0.12256985490676386, 0.1218982123821166], "topic_strength": 16.96814289081457, "top_10_strength": 3.1549773138563952, "label": "Frontend Development"}, {"topic_id": 4, "top_words": ["bun", "convex", "typescript", "database", "import", "server", "react", "mcp", "package", "instead", "route", "prisma", "function", "tailwind", "cs", "module", "const", "query", "lint", "runtime"], "weights": [1.4434237295405508, 0.20725864759359872, 0.16421710320999905, 0.14721022616116425, 0.11874407963466957, 0.11619497261226641, 0.11563970999677059, 0.1110262517470641, 0.10570061340954913, 0.09969683927447355, 0.09855284170484394, 0.0982489603708057, 0.09519222155357059, 0.08695446744536997, 0.08168623981327955, 0.0780551171472333, 0.07318356534906782, 0.0730252355098267, 0.07272286568843403, 0.07271072485673524], "topic_strength": 11.738100289757114, "top_10_strength": 2.629112173180106, "label": "Frontend Development"}]}