{"timestamp": "2026-03-04T00:17:14.128083", "success": true, "message": "Analysis complete with 500 files", "files_collected": 500, "topics_discovered": 5, "topics_data": [{"topic_id": 0, "top_words": ["state", "string", "game", "const", "player", "error", "user", "return", "event", "pattern", "class", "query", "await", "database", "function", "management", "token", "table", "typescript", "action"], "weights": [0.4401550532455815, 0.4226519662170005, 0.4132275683802188, 0.36410662933723487, 0.3125795040582472, 0.31216273279576423, 0.30615024804708896, 0.29346311472868, 0.29201734681332575, 0.2886746041521382, 0.2677232961208489, 0.2497140490029587, 0.24469596617317504, 0.23938624217477192, 0.22761093910258282, 0.21382653263764315, 0.2134111623780636, 0.2091294095248788, 0.20735103698829913, 0.20536710383518056], "topic_strength": 47.930564304086076, "top_10_strength": 3.4451887677752797, "label": "State & String"}, {"topic_id": 1, "top_words": ["npm", "typescript", "react", "frontend", "backend", "prisma", "dev", "server", "nextjs", "start", "production", "app", "database", "router", "port", "lint", "eslint", "service", "vite", "tailwind"], "weights": [1.2572597964993253, 0.353103825824938, 0.3115603919422803, 0.30060272322777815, 0.28119095866904514, 0.2549790287796652, 0.23863098255338971, 0.236357149633107, 0.21524667712087356, 0.20354755872356067, 0.1845056543696122, 0.15337562304111865, 0.15319144741626145, 0.14896848307638075, 0.14042005102186253, 0.13851286076080668, 0.13671160732462273, 0.13075106479852724, 0.12887534422601488, 0.12522293886458272], "topic_strength": 16.851282207401866, "top_10_strength": 3.6524790929739637, "label": "Frontend Development"}, {"topic_id": 2, "top_words": ["python", "model", "docker", "pytest", "make", "configuration", "processing", "import", "backend", "service", "script", "ruff", "install", "pipeline", "def", "output", "dependency", "mainpy", "environment", "notebook"], "weights": [1.018521167148278, 0.33289474236746674, 0.3009463166139061, 0.25903871726016753, 0.20667562422781335, 0.17989333870179228, 0.17961108226306305, 0.16147113960739198, 0.160780653991361, 0.1587551839389599, 0.14566161588140145, 0.14563340026780952, 0.14394621232910693, 0.13939446944431777, 0.1387648443533978, 0.13782412079085257, 0.13373825868016284, 0.1333248118046446, 0.13137115736899863, 0.12531136613517824], "topic_strength": 22.99507809581837, "top_10_strength": 2.9585879661202, "label": "Python & Model"}, {"topic_id": 3, "top_words": ["agent", "task", "change", "mcp", "tool", "documentation", "git", "feature", "cargo", "work", "review", "skill", "update", "workflow", "implementation", "context", "commit", "check", "fix", "write"], "weights": [0.45354045486841016, 0.37997901674955636, 0.3072262585000698, 0.2478784837707944, 0.24110521839944687, 0.23715037797574276, 0.22942388286621354, 0.21652710783110415, 0.2154703821009335, 0.21016833154195116, 0.19719526748854618, 0.19660462991199665, 0.18991064208982833, 0.1879022874991283, 0.18538410699927946, 0.1825913085766103, 0.18244097091870995, 0.17436153884614858, 0.16897099203240196, 0.1604287034554515], "topic_strength": 31.980197493471124, "top_10_strength": 2.7384695146042226, "label": "Agent & Task"}, {"topic_id": 4, "top_words": ["pnpm", "cs", "bun", "page", "react", "tailwind", "content", "section", "image", "color", "animation", "nextjs", "theme", "layout", "site", "package", "font", "styling", "static", "import"], "weights": [0.7398983160844319, 0.4564056740938554, 0.4286004766623263, 0.3894802011856689, 0.3117097022735421, 0.26648628487703263, 0.2528909210634715, 0.2474674096244339, 0.2406107395694284, 0.22543891257853874, 0.22415297343285737, 0.2218716492346256, 0.21896047023052037, 0.20711411522619824, 0.1855789163182387, 0.18477583725624308, 0.18318711606463875, 0.18197061980453488, 0.18019953642253356, 0.17822989717434418], "topic_strength": 25.115605278081883, "top_10_strength": 3.5589886380127296, "label": "Frontend Development"}]}