{"timestamp": "2026-06-28T03:34:27.960908", "success": true, "message": "Analysis complete with 500 files", "files_collected": 500, "topics_discovered": 5, "topics_data": [{"topic_id": 0, "top_words": ["project", "step", "test", "phase", "issue", "task", "fix", "review", "code", "check", "git", "workflow", "run", "design", "change", "plan", "create", "work", "feature", "pattern"], "weights": [0.5080347439448959, 0.4951872672951688, 0.39820532788852897, 0.38250752433424084, 0.3779795249707165, 0.3473667603591934, 0.29167685472557786, 0.2840955001996511, 0.2788038998824734, 0.27451179693819905, 0.26252955004107115, 0.2517027371014421, 0.25037268165512777, 0.2343548023733898, 0.22374751843818996, 0.22364483329626433, 0.21694541076219676, 0.2100396349584519, 0.20970153990294446, 0.20388156108250102], "topic_strength": 52.08288546286608, "top_10_strength": 3.6383692005386457, "label": "Project Structure"}, {"topic_id": 1, "top_words": ["und", "oder", "keine", "der", "prfen", "die", "welche", "bgb", "ist", "bei", "mit", "live", "output", "text", "form", "register", "plugins", "cause", "person", "date"], "weights": [1.5630516910550922, 0.7391547578273672, 0.3234307073899956, 0.31391403997925793, 0.3137156223080755, 0.3063345382009768, 0.30206795436435724, 0.2663499945192647, 0.25342436253531603, 0.20720523635875354, 0.16788718993516735, 0.10210977098147533, 0.049068308315417496, 0.033790857444877954, 0.029896001028832, 0.028487563842793103, 0.028036410207808175, 0.024591620386159616, 0.0214502848196575, 0.019867045253650614], "topic_strength": 5.504548719498829, "top_10_strength": 4.5886489045384575, "label": "Und & Oder"}, {"topic_id": 2, "top_words": ["const", "await", "string", "return", "api", "post", "type", "data", "email", "typescript", "error", "json", "function", "plugin", "token", "javascript", "export", "var", "div", "cs"], "weights": [0.6073029912541158, 0.3465113719283934, 0.3408472006910232, 0.31776822744185373, 0.25219805058529693, 0.23949649021936223, 0.23206160490204275, 0.21071746583621484, 0.20852113002550787, 0.1962006540860957, 0.1906861499982455, 0.19009820837561547, 0.18784373630607742, 0.18459142140823298, 0.18320582898817142, 0.18300142393008265, 0.17216844838826595, 0.169898394322787, 0.16633871218905855, 0.16570553235462746], "topic_strength": 31.45691354556939, "top_10_strength": 2.951625186969906, "label": "Data & APIs"}, {"topic_id": 3, "top_words": ["agent", "bash", "ngrok", "run", "prompt", "remote", "tool", "instruction", "mcp", "session", "openclaw", "browser", "token", "local", "codex", "json", "server", "command", "install", "post"], "weights": [1.2484213682166494, 0.28619803006465205, 0.2816175531071406, 0.2435932185388857, 0.23817129085475247, 0.22201489182612563, 0.2082377816173929, 0.1966049036613375, 0.19212805134107233, 0.1907712246586363, 0.18924991479086703, 0.18699525367611328, 0.18578817872669623, 0.16724386924106044, 0.15606085426311375, 0.15219012996864023, 0.14993873626780363, 0.13942681229142762, 0.13880159375643086, 0.13810456629476214], "topic_strength": 18.80335816951584, "top_10_strength": 3.307758313886645, "label": "Agent & Bash"}, {"topic_id": 4, "top_words": ["python", "import", "model", "str", "bash", "def", "quantization", "video", "llm", "output", "quality", "install", "json", "result", "api", "bit", "input", "parameter", "pip", "query"], "weights": [1.1361802075243101, 0.5241593832911603, 0.3982842291411888, 0.24361107811119598, 0.23553400143050784, 0.1928411306752832, 0.17853108569417628, 0.1600971584395046, 0.15041978751795615, 0.14949091126297245, 0.13647565562254146, 0.1327632231983683, 0.13190704285500962, 0.12985751026384204, 0.12408707411576085, 0.12149522219584322, 0.11794993060597016, 0.11239605908577409, 0.11232582513740899, 0.10746278624272042], "topic_strength": 17.817733748254575, "top_10_strength": 3.369148973088255, "label": "Python & Import"}], "file_type": "skill_md"}