{"timestamp": "2026-05-22T03:37:23.989808", "success": true, "message": "Analysis complete with 197 files", "files_collected": 197, "topics_discovered": 5, "topics_data": [{"topic_id": 0, "top_words": ["python", "task", "agent", "session", "change", "tool", "work", "command", "rule", "context", "rust", "commit", "user", "repo", "read", "step", "line", "model", "cli", "mode"], "weights": [0.37639590022932556, 0.3197854188259445, 0.3124844189722597, 0.286038391796057, 0.2826760109409357, 0.24827918392312875, 0.2420325495881625, 0.2397544977851922, 0.2315446571571779, 0.22950435352754678, 0.2182599222979312, 0.20717587942604507, 0.20480957149963155, 0.20177808703703917, 0.1994758641657764, 0.19453802479196175, 0.19354678963373617, 0.189845381082343, 0.18867479152701142, 0.18736552462246508], "topic_strength": 45.38250973793319, "top_10_strength": 2.768495382745731, "label": "Python & Task"}, {"topic_id": 1, "top_words": ["agentsmd", "merge", "private", "mcp", "nextjs", "memory", "instruction", "git", "import", "parent", "read", "create", "look", "prompt", "body", "email", "directory", "agent", "write", "primary"], "weights": [1.6483780328902036, 0.05626506917267971, 0.053121470766415574, 0.05289552675267222, 0.049710319230939465, 0.04589278689004854, 0.03725942761250476, 0.035615197708236165, 0.03331975952362884, 0.03173345316353311, 0.029553435982380246, 0.028741397193135183, 0.02755744891144902, 0.02576078742224568, 0.024994068449100425, 0.02497003186346853, 0.02281287060409344, 0.022406965764520368, 0.020646999438400315, 0.020020226492920377], "topic_strength": 2.6536990197292147, "top_10_strength": 2.0441910437108617, "label": "Agentsmd & Merge"}, {"topic_id": 2, "top_words": ["npm", "component", "page", "typescript", "tailwind", "cs", "server", "dev", "pnpm", "react", "app", "nextjs", "github", "production", "start", "eslint", "vite", "route", "image", "lint"], "weights": [0.6732487784371696, 0.39794576098684825, 0.36888862750054224, 0.2472891274908765, 0.24357924110191378, 0.23663422599633518, 0.22220069235062387, 0.22151539515736487, 0.2109550487325216, 0.19921224966075063, 0.19088012701901097, 0.1808872779433564, 0.1662985929466444, 0.16424094817842544, 0.162890921555178, 0.16247413118203816, 0.14104190495835542, 0.13834318823654873, 0.1364127605797319, 0.13323307794781653], "topic_strength": 21.580811450704992, "top_10_strength": 3.0214691474149467, "label": "Frontend Development"}, {"topic_id": 3, "top_words": ["docker", "compose", "post", "database", "postgresql", "service", "backend", "frontend", "data", "demo", "app", "port", "exec", "endpoint", "email", "python", "auth", "sql", "template", "http"], "weights": [0.618469367103592, 0.3752835776295462, 0.2958588386016736, 0.29416853106856533, 0.18612766545577897, 0.1718788869330075, 0.1704197926631744, 0.1532623742156448, 0.12982478113942142, 0.12969911695768832, 0.12694178096925102, 0.12315392863154533, 0.11991170094291853, 0.11911027635819843, 0.11719003639406476, 0.11441609316612812, 0.11148573639052449, 0.10806880700620825, 0.10370644509186355, 0.10279930938954251], "topic_strength": 17.024490425985277, "top_10_strength": 2.5249929317680926, "label": "Data & APIs"}, {"topic_id": 4, "top_words": ["const", "string", "label", "import", "number", "value", "color", "return", "boolean", "token", "error", "type", "variant", "size", "stack", "contract", "step", "month", "prop", "icon"], "weights": [0.5350272378879071, 0.27100553828440865, 0.2522739113949419, 0.23623892462833887, 0.22684964030422017, 0.20194729615747212, 0.18137361180113476, 0.17183210613219094, 0.15297936576338209, 0.14989912601724847, 0.14623122059004412, 0.135609117137715, 0.13491661268307445, 0.13175434283420606, 0.1273455031759216, 0.12473771435842981, 0.12337909075829655, 0.11921084382330487, 0.11845319697238665, 0.118003788875648], "topic_strength": 17.986253647155245, "top_10_strength": 2.379426758371245, "label": "Const & String"}], "file_type": "claude_md"}