{"timestamp": "2026-03-29T00:19:39.272388", "success": true, "message": "Analysis complete with 500 files", "files_collected": 500, "topics_discovered": 5, "topics_data": [{"topic_id": 0, "top_words": ["task", "change", "work", "read", "user", "step", "git", "skill", "plan", "context", "tool", "make", "rule", "session", "agent", "commit", "workflow", "review", "mcp", "memory"], "weights": [0.4775207711099274, 0.38981903720594546, 0.3406833861253587, 0.32368845837226756, 0.32109131915655237, 0.3078242194381941, 0.29765844705075933, 0.291218834839661, 0.28548511054433834, 0.2842074812292897, 0.27539538714801337, 0.2700788353039104, 0.26896515954785377, 0.26391478976735633, 0.2526226823605368, 0.24998759115324456, 0.24896722781526953, 0.2457417766122678, 0.24572765726294407, 0.23549626960368122], "topic_strength": 51.846557950976, "top_10_strength": 3.319197065072294, "label": "User Interface"}, {"topic_id": 1, "top_words": ["npm", "component", "react", "typescript", "api", "page", "server", "pnpm", "backend", "dev", "database", "state", "frontend", "app", "cs", "production", "tailwind", "development", "nextjs", "route"], "weights": [0.7341183691016531, 0.5018911764591116, 0.37563517428280013, 0.36532600057607967, 0.35699007568553554, 0.31904759423462137, 0.30548922629305, 0.28569179008078477, 0.2690454445149557, 0.25844339058497223, 0.24997782299473037, 0.2413162159925264, 0.23986555743105356, 0.23677285323462358, 0.21687937585514663, 0.21510820908394157, 0.2082996715012591, 0.20597316403638607, 0.2012274178471317, 0.18609924127971375], "topic_strength": 32.30865836518514, "top_10_strength": 3.7716782418135644, "label": "Frontend Development"}, {"topic_id": 2, "top_words": ["agentsmd", "agent", "context", "convention", "truth", "provides", "source", "article", "training", "mandatory", "session", "sync", "git", "override", "policy", "markdown", "contains", "branch", "store", "llm"], "weights": [1.820919374773598, 0.09707231427764143, 0.09108653006515056, 0.06757522703418556, 0.0495659589833439, 0.04873416633733194, 0.04638254136442686, 0.042558077695469085, 0.041638623915955714, 0.04019959229052703, 0.04015643101864647, 0.03783902233007077, 0.03750800916863377, 0.03691774137253459, 0.035778355802750364, 0.03533357214072326, 0.031874998475269006, 0.031458881271333665, 0.029033262091765894, 0.028164082384937235], "topic_strength": 3.85786370667205, "top_10_strength": 2.34573240673763, "label": "Code Style"}, {"topic_id": 3, "top_words": ["python", "pytest", "ruff", "node", "configuration", "package", "check", "import", "install", "model", "script", "module", "method", "dependency", "notebook", "def", "format", "make", "class", "directory"], "weights": [0.9728505511462759, 0.33923483558580037, 0.2980708589494543, 0.2893235426272051, 0.23240802740059563, 0.23003618518504668, 0.2164497670111615, 0.19891520932282306, 0.19885935239621588, 0.19091571686058365, 0.18395256760704976, 0.17356611511672038, 0.16528834305990228, 0.16233221636073425, 0.15607311603727592, 0.15598416738201298, 0.15480287368863332, 0.15408516809800138, 0.15222703534132734, 0.1517896093126762], "topic_strength": 30.35239734113526, "top_10_strength": 3.1670640464851623, "label": "Python & Pytest"}, {"topic_id": 4, "top_words": ["mvn", "agent", "event", "java", "spring", "integration", "streaming", "module", "gradlew", "package", "coverage", "interface", "chat", "implementation", "model", "communication", "core", "clean", "unit", "tool"], "weights": [0.5902139320649703, 0.5769397063851535, 0.45400882572184437, 0.37167401941751005, 0.3649931796507922, 0.2668406069719981, 0.24655573570817718, 0.23490022636995844, 0.2219850046064514, 0.21939409711381946, 0.15631815726644227, 0.14950414476413773, 0.14676485484728036, 0.14113676115035229, 0.13407253447572395, 0.13229094564202762, 0.129038275062641, 0.12489493511278471, 0.12362289456061636, 0.12334195220338884], "topic_strength": 14.496589832280268, "top_10_strength": 3.5475053340106752, "label": "Mvn & Agent"}]}