{"timestamp": "2026-03-11T01:01:59.535351", "success": true, "message": "Analysis complete with 500 files", "files_collected": 500, "topics_discovered": 5, "topics_data": [{"topic_id": 0, "top_words": ["python", "model", "import", "script", "def", "training", "pytest", "django", "class", "character", "processing", "return", "function", "audio", "directory", "install", "module", "type", "video", "config"], "weights": [1.3827928389017763, 0.4385733043726691, 0.33979655786103846, 0.2733643404474533, 0.2557323612194387, 0.24168906604790122, 0.23966593640411477, 0.20786848560608695, 0.1970186491938101, 0.19404257559830654, 0.1915481853195737, 0.18394461552453614, 0.17990350199602126, 0.1700249923150638, 0.16991320437977755, 0.15970419283882717, 0.15086928126205884, 0.14942733811119094, 0.14371967287320625, 0.1412967043791431], "topic_strength": 30.58385644386588, "top_10_strength": 3.7705441156525956, "label": "Python & Model"}, {"topic_id": 1, "top_words": ["component", "npm", "page", "cs", "typescript", "content", "game", "react", "theme", "layout", "type", "html", "import", "state", "tailwind", "animation", "color", "site", "custom", "mode"], "weights": [0.5406748765407261, 0.5375476352653096, 0.4768063325992137, 0.37653272396815163, 0.3433063043835737, 0.30757191718753707, 0.27338187573881895, 0.2437502511073286, 0.2215363171308608, 0.22100604127850537, 0.21684908411741258, 0.2063574979301414, 0.2005292065966183, 0.19762315449681772, 0.19705886355206897, 0.19460418113441563, 0.19081387663943078, 0.1887578828505654, 0.18579223602149547, 0.17653230778765466], "topic_strength": 31.08924274353819, "top_10_strength": 3.542114275200025, "label": "Frontend Development"}, {"topic_id": 2, "top_words": ["pnpm", "package", "typescript", "schema", "import", "bun", "type", "lint", "dev", "nextjs", "router", "typecheck", "database", "component", "skill", "prisma", "export", "app", "zod", "cli"], "weights": [1.4582847845633538, 0.2951161825662408, 0.2019333765423436, 0.188235994335533, 0.17951433171409154, 0.16756198161495814, 0.1508093733755895, 0.14970197425210033, 0.14210290441565515, 0.13795290561448567, 0.13735932880493998, 0.10879313712435429, 0.10855241553221427, 0.10668158766033631, 0.10356440826449108, 0.1026059923073989, 0.10196123335234289, 0.10188526576579528, 0.09938513889288446, 0.09819494858867411], "topic_strength": 12.755149190712725, "top_10_strength": 3.0712138089943513, "label": "Frontend Development"}, {"topic_id": 3, "top_words": ["api", "backend", "frontend", "docker", "database", "npm", "service", "user", "post", "token", "server", "postgresql", "admin", "jwt", "endpoint", "route", "migration", "port", "auth", "react"], "weights": [0.6967465883556263, 0.4315827332095848, 0.3789533555295597, 0.3344971133406147, 0.3206460456575428, 0.2905999134518879, 0.28315365292201444, 0.2301671127308975, 0.22090635916615226, 0.21974306076921588, 0.1976111024132191, 0.19760501848330042, 0.18404141596520102, 0.1837706016502147, 0.1771581228887141, 0.17175998856805233, 0.16939516652978442, 0.16908406881201218, 0.16582571458152084, 0.14859567135504523], "topic_strength": 24.56008308677744, "top_10_strength": 3.4069959351330956, "label": "Backend Services"}, {"topic_id": 4, "top_words": ["agent", "task", "tool", "context", "change", "plan", "documentation", "skill", "work", "cargo", "user", "workflow", "check", "review", "issue", "update", "feature", "new", "rule", "example"], "weights": [0.48801343552718424, 0.4562905147454758, 0.28166448424824797, 0.25756886148653607, 0.2551375740545258, 0.23102373837101287, 0.2246176298572625, 0.2188482209675335, 0.2165301025927754, 0.21358485109327774, 0.19879830763181103, 0.19510541090364095, 0.19144351602535067, 0.18841334497521733, 0.17443163794549768, 0.1731176530170324, 0.17273973090625164, 0.17233050896935892, 0.17167354897437015, 0.1707796994040858], "topic_strength": 37.841969033841636, "top_10_strength": 2.843279412943832, "label": "Agent & Task"}]}