{"timestamp": "2026-07-17T03:54:38.199332", "success": true, "message": "Analysis complete with 500 files", "files_collected": 500, "topics_discovered": 5, "topics_data": [{"topic_id": 0, "top_words": ["tool", "python", "model", "task", "make", "check", "new", "add", "issue", "package", "type", "user", "command", "data", "bash", "source", "mcp", "rule", "prefer", "module"], "weights": [0.5418409378519647, 0.3678923527607012, 0.355267821514358, 0.2930639760939859, 0.28916203543238134, 0.28364730905140917, 0.2775478777650528, 0.2628236004437296, 0.24968916005418618, 0.2496166733770409, 0.24360217053327893, 0.23711252739727007, 0.23442469093808843, 0.23090870065858063, 0.23052758265272263, 0.22951502484863184, 0.2258104611658867, 0.22556596219237504, 0.2247359673036264, 0.22458497801954905], "topic_strength": 65.42234268737435, "top_10_strength": 3.1705517443448095, "label": "Tool & Python"}, {"topic_id": 1, "top_words": ["skill", "readmemd", "guidance", "swift", "pressure", "agentsmd", "read", "memory", "para", "manager", "target", "general", "markdown", "scenario", "session", "note", "tdd", "review", "life", "dont"], "weights": [1.8573733615983614, 0.3435457775619206, 0.28754948692543963, 0.256286325625019, 0.2427772707840798, 0.1971805489665137, 0.1737006342679056, 0.16693458119515747, 0.16442673104939462, 0.1601291585460133, 0.15662981534357442, 0.1564061889635423, 0.15546267531651992, 0.15081839798720967, 0.14644970658632814, 0.14384316066717254, 0.14379635604938346, 0.13985581371409506, 0.1374496654116979, 0.1321624832753772], "topic_strength": 19.782509883550546, "top_10_strength": 3.849903876519806, "label": "Skill & Readmemd"}, {"topic_id": 2, "top_words": ["training", "nextjs", "writing", "breaking", "know", "apis", "guide", "relevant", "version", "read", "convention", "data", "structure", "changed", "exact", "max", "doc", "package", "public", "tdd"], "weights": [0.6197083146916749, 0.6181041115676381, 0.5566717817452373, 0.5464557285468937, 0.5177919396024259, 0.5015811508518039, 0.4477184300239424, 0.4231978781599816, 0.40252800344389555, 0.3823448497760631, 0.3379312324145761, 0.3308224330611485, 0.325999225077232, 0.09482888168067789, 0.08939932989615561, 0.0706555231734586, 0.06719461120639332, 0.04797208079955257, 0.027913104569206305, 0.026618653486973898], "topic_strength": 7.956960094741074, "top_10_strength": 5.0161021884095565, "label": "Training & Nextjs"}, {"topic_id": 3, "top_words": ["pnpm", "package", "typescript", "lint", "dev", "vite", "release", "shared", "git", "component", "type", "install", "typecheck", "commits", "claude", "export", "check", "task", "server", "command"], "weights": [1.5307574220292648, 0.2676330833750288, 0.15462830791683516, 0.14758731643088907, 0.1421583465512418, 0.13289625007617697, 0.12551958706981145, 0.1210569184720203, 0.11865564331199029, 0.11152158068935109, 0.11083849045719131, 0.10407308783930656, 0.09669867578138382, 0.089317315189419, 0.08216079810805553, 0.08200379840006425, 0.08117777345247483, 0.08080598399561849, 0.08079500828697153, 0.08070948768949218], "topic_strength": 11.718530041143502, "top_10_strength": 2.8524144559226094, "label": "Frontend Development"}, {"topic_id": 4, "top_words": ["npm", "bun", "typescript", "component", "import", "frontend", "api", "type", "react", "dev", "lint", "backend", "app", "bash", "eslint", "export", "error", "route", "npx", "hook"], "weights": [1.1160432286550939, 0.5150165546077641, 0.3774052334750794, 0.3580826032522218, 0.327081122101379, 0.30761334091293224, 0.26647077172446476, 0.247021972261114, 0.20789097694164024, 0.19512343881682265, 0.18959448098087225, 0.17696139144688822, 0.16435651271797158, 0.16329227818598815, 0.15547464414131903, 0.14957074912218074, 0.14552314318183415, 0.14350451531870367, 0.14117055847813315, 0.12901821856896825], "topic_strength": 26.74932512559564, "top_10_strength": 3.917749242748512, "label": "Frontend Development"}], "file_type": "agents_md"}