{"timestamp": "2026-07-05T03:47:58.712481", "success": true, "message": "Analysis complete with 200 files", "files_collected": 200, "topics_discovered": 5, "topics_data": [{"topic_id": 0, "top_words": ["python", "config", "class", "version", "script", "make", "model", "cli", "check", "change", "release", "port", "install", "image", "dependency", "source", "pytest", "format", "type", "pattern"], "weights": [0.3703578848938118, 0.26104396489114534, 0.24875209087668732, 0.22593160468113313, 0.2231810577448379, 0.21952805054678445, 0.21824529982165458, 0.21408177099575615, 0.20914181651194666, 0.20823873031377302, 0.20191888839568886, 0.1978566844321536, 0.19386604626847923, 0.19094572466992354, 0.19017974128016116, 0.1802188828146702, 0.17985107073057616, 0.17477716789471945, 0.17427043053919383, 0.17367910503692108], "topic_strength": 47.77353591634824, "top_10_strength": 2.3985022712775304, "label": "Code Guidelines"}, {"topic_id": 1, "top_words": ["agentsmd", "guideline", "read", "instruction", "follow", "convention", "codebase", "rule", "common", "truth", "developer", "save", "note", "context", "gate", "repo", "pointer", "directory", "deprecated", "canonical"], "weights": [1.617610598134824, 0.2072804623660366, 0.19624218131384452, 0.1584158810125952, 0.1565293110843775, 0.1144033727039555, 0.08786245769492569, 0.08744649344780565, 0.08320658518387282, 0.07040340049372919, 0.06940178424010296, 0.06577517473458536, 0.06502262685180725, 0.06346629463607292, 0.04530431910383967, 0.04487055144924768, 0.04299855081736233, 0.041201856873653235, 0.04098183845559972, 0.04014197956287516], "topic_strength": 4.501620064395198, "top_10_strength": 2.779400743435967, "label": "Agentsmd & Guideline"}, {"topic_id": 2, "top_words": ["agent", "skill", "tool", "container", "mcp", "sudo", "service", "task", "llm", "context", "memory", "python", "prompt", "message", "provider", "mount", "model", "session", "make", "result"], "weights": [1.15760003037338, 0.26044795010487287, 0.22651552736545716, 0.19026046411097627, 0.16822305141232632, 0.14681873981114366, 0.13829606732027067, 0.13827040690159415, 0.13575344467921358, 0.13175642421067985, 0.12574243198147628, 0.11006774754057967, 0.10940664873477787, 0.10852372277104616, 0.09925668711254707, 0.09856387461872099, 0.09805762329332225, 0.0957108479707007, 0.09564309755986054, 0.0954337799301535], "topic_strength": 15.424934605104, "top_10_strength": 2.693942106289914, "label": "Agent & Skill"}, {"topic_id": 3, "top_words": ["cargo", "crate", "workspace", "rust", "fmt", "make", "check", "warning", "trait", "cli", "existing", "public", "format", "prefer", "guidance", "error", "type", "release", "change", "related"], "weights": [1.2278519294617622, 0.5339362434589201, 0.28175637903236544, 0.19098112655723976, 0.18185318896413263, 0.1667669299610737, 0.150060571937678, 0.14782750895522503, 0.12880025563857087, 0.12047215203013717, 0.11859126958924564, 0.11823016051463614, 0.11654722686403232, 0.11645122854667386, 0.11581262135043871, 0.1152831994873608, 0.11240487175978982, 0.10695159546266492, 0.10018942801521999, 0.0993313071963824], "topic_strength": 11.568697987434554, "top_10_strength": 3.130306285997105, "label": "Cargo & Crate"}, {"topic_id": 4, "top_words": ["npm", "bun", "frontend", "pnpm", "backend", "typescript", "component", "task", "web", "api", "app", "server", "react", "page", "route", "dev", "state", "cs", "user", "database"], "weights": [0.43965334113655763, 0.29845544497149956, 0.29071270860278575, 0.27567644412332365, 0.24511593230824483, 0.2409439694860475, 0.2331640049553574, 0.2178020424186674, 0.21234715343782645, 0.2076760301693222, 0.20590800959491873, 0.20142427330702325, 0.1802872449916741, 0.17464216898893095, 0.16163631765701197, 0.16024941104197007, 0.1571810314832183, 0.15358322999085827, 0.1492448252405855, 0.1387741840506169], "topic_strength": 26.197226455708382, "top_10_strength": 2.6615470716096326, "label": "Frontend Development"}], "file_type": "claude_md"}