{"timestamp": "2026-04-16T00:40:51.552232", "success": true, "message": "Analysis complete with 500 files", "files_collected": 500, "topics_discovered": 5, "topics_data": [{"topic_id": 0, "top_words": ["python", "task", "model", "agent", "user", "session", "api", "mcp", "tool", "skill", "read", "git", "check", "service", "error", "change", "make", "context", "new", "docker"], "weights": [0.527791965044764, 0.39360011923222726, 0.34306008094542184, 0.32555135027319615, 0.315408137500949, 0.315312784748394, 0.3123536238841449, 0.28431392738778405, 0.27744057326062443, 0.2770320742538055, 0.26875410039400477, 0.2617059603317881, 0.2594821803450976, 0.2575710639152124, 0.257545528957774, 0.25594775552873333, 0.2549068897582749, 0.22816481672846184, 0.22631452856306605, 0.2244097666886411], "topic_strength": 60.31327107094192, "top_10_strength": 3.371864636531311, "label": "User Interface"}, {"topic_id": 1, "top_words": ["npm", "component", "typescript", "api", "react", "server", "app", "supabase", "nextjs", "state", "dev", "frontend", "backend", "production", "page", "development", "route", "cs", "router", "tailwind"], "weights": [0.9412132231112146, 0.441101143841931, 0.42396394741198945, 0.3421776770634662, 0.327817280747858, 0.23321913362506885, 0.23306836727166957, 0.2267560332983851, 0.21395254846946105, 0.20531382659057698, 0.20258231818099168, 0.19794698903576916, 0.19606971505911636, 0.18385976966805645, 0.178743377297135, 0.17518693636993035, 0.16834974855557716, 0.16420436022172727, 0.16359694744378916, 0.16125642951779906], "topic_strength": 25.079719455413738, "top_10_strength": 3.5885831814316207, "label": "Frontend Development"}, {"topic_id": 2, "top_words": ["property", "content", "const", "page", "label", "component", "javascript", "value", "text", "true", "type", "element", "section", "item", "card", "defaultvalue", "dropzone", "array", "color", "prop"], "weights": [0.3195463177218668, 0.3148924357736407, 0.2404934992917662, 0.24016066552252632, 0.23428632567760482, 0.2315536006395735, 0.22753253288121247, 0.22327767791737765, 0.2092918297655999, 0.2086721275091677, 0.20491163403393697, 0.1941453686147857, 0.18573943523735703, 0.18537512063957423, 0.17849433997221842, 0.17747415890336293, 0.17535811169033363, 0.17336073808788155, 0.1656724737848648, 0.16525039127296892], "topic_strength": 24.89952566109777, "top_10_strength": 2.449707012700336, "label": "Property & Content"}, {"topic_id": 3, "top_words": ["pnpm", "tauri", "rust", "frontend", "bun", "package", "component", "backend", "workspace", "dev", "react", "extension", "typescript", "vitest", "note", "import", "cargo", "tailwind", "server", "nextjs"], "weights": [1.305005988279389, 0.26637264521724674, 0.2653988638280524, 0.21642026263036465, 0.18523295162240422, 0.18030959105147065, 0.1678584628646814, 0.15969183111324817, 0.1546670336645554, 0.15165870641767523, 0.15102408951107216, 0.13938703016726686, 0.13369097302700123, 0.11504712445726897, 0.10941952467512837, 0.10385752249769056, 0.10124694449346117, 0.0956201549484745, 0.09543975477490406, 0.08941986473263587], "topic_strength": 13.88763765393032, "top_10_strength": 3.052616336689088, "label": "Frontend Development"}, {"topic_id": 4, "top_words": ["mvn", "agent", "java", "event", "module", "spring", "package", "integration", "streaming", "configuration", "coverage", "plugin", "core", "interface", "unit", "clean", "analysis", "communication", "implementation", "development"], "weights": [0.6277852489222012, 0.38569083477797966, 0.3837331289930404, 0.3444841453964631, 0.34183289660170146, 0.31269181980036304, 0.29069721433653906, 0.2826566659493131, 0.251019665456352, 0.19909887053930855, 0.19377522863425628, 0.181766229250454, 0.1627004155021369, 0.15263819802478318, 0.14509892503976418, 0.14279344229425747, 0.13541335798833629, 0.13370832795166196, 0.1306084357131461, 0.12636825557732242], "topic_strength": 14.175592853910612, "top_10_strength": 3.4196904907732617, "label": "Mvn & Agent"}]}