{"timestamp": "2026-07-16T03:40:27.722346", "success": true, "message": "Analysis complete with 500 files", "files_collected": 500, "topics_discovered": 5, "topics_data": [{"topic_id": 0, "top_words": ["build", "project", "make", "issue", "behavior", "rule", "package", "repository", "doc", "update", "prefer", "module", "task", "command", "new", "commit", "documentation", "public", "work", "unless"], "weights": [0.3909588052271424, 0.3383561992450205, 0.331169820227564, 0.3189159636313446, 0.3014855320094729, 0.29351626183091606, 0.2914021578757313, 0.2855969008380668, 0.27804242680089863, 0.2774037866709539, 0.27227609876733644, 0.2577606846316731, 0.2569184967264146, 0.2531355168493011, 0.24972234366345347, 0.23698136483618612, 0.23245020213714712, 0.23184230727241997, 0.23100999471123612, 0.23055249503281483], "topic_strength": 55.533808782391965, "top_10_strength": 3.106847854357111, "label": "Project Structure"}, {"topic_id": 1, "top_words": ["training", "nextjs", "writing", "breaking", "apis", "know", "read", "relevant", "guide", "version", "convention", "structure", "data", "exact", "changed", "doc", "npx", "component", "number", "public"], "weights": [0.6804656357613227, 0.6536051594599745, 0.6090247553532183, 0.5298178131969382, 0.5252979443431818, 0.5194424036804361, 0.4417540969369215, 0.4270282245653771, 0.4233542430127923, 0.38793544989856543, 0.3742988489432684, 0.3601174524293215, 0.3537418673233293, 0.1268684714364871, 0.1208736791882649, 0.08665564877788598, 0.02954682764963346, 0.026494979668588325, 0.021900505701001872, 0.021036929899012895], "topic_strength": 8.17626919281706, "top_10_strength": 5.197725726208728, "label": "Training & Nextjs"}, {"topic_id": 2, "top_words": ["npm", "pnpm", "frontend", "component", "build", "dev", "typescript", "api", "bun", "backend", "lint", "vite", "server", "package", "install", "react", "app", "command", "client", "route"], "weights": [0.8401939407656636, 0.7421096781087463, 0.38004639635371107, 0.30047596775576624, 0.29488538408758086, 0.28940661947886637, 0.27659796182586566, 0.2646511405101128, 0.25644390775091486, 0.23034038283728825, 0.22998424668732545, 0.20321989420289258, 0.1933093533643563, 0.18995086809995226, 0.1846117776682292, 0.1692205903965129, 0.16134064274202706, 0.1408787014294192, 0.1402746083625283, 0.12892958579469305], "topic_strength": 20.290061717197904, "top_10_strength": 3.875151379474516, "label": "Frontend Development"}, {"topic_id": 3, "top_words": ["tool", "return", "mcp", "model", "import", "python", "llm", "prompt", "server", "str", "result", "const", "description", "error", "mode", "event", "job", "json", "function", "query"], "weights": [0.809463674142504, 0.3336962108255734, 0.3286870727269732, 0.3046383677209129, 0.2945705843619276, 0.26417660539435367, 0.2279829606437747, 0.18645692529114571, 0.18141928452299405, 0.17784989085121872, 0.1712051133885666, 0.16968225962394337, 0.16966503255232213, 0.14431982406343546, 0.1413263219587509, 0.13517658768488555, 0.12968470215266337, 0.12756223997975263, 0.12732983465220316, 0.1264943687302582], "topic_strength": 28.540276544791162, "top_10_strength": 3.108941576481378, "label": "Tool & Return"}, {"topic_id": 4, "top_words": ["skill", "pressure", "scenario", "markdown", "subagent", "para", "review", "del", "tdd", "agentsmd", "memory", "cursor", "life", "instruction", "claude", "npx", "bun", "dont", "write", "session"], "weights": [1.586876313902258, 0.25177383798328945, 0.17977350754460847, 0.17671442283426528, 0.17348373510572943, 0.17086730143357168, 0.15796704904139142, 0.14064716543645792, 0.13857159343627887, 0.13238834586726478, 0.1275874250523522, 0.1250645317462406, 0.12423019986655442, 0.1236943797326973, 0.12185962568512924, 0.12066208789663276, 0.12051610850038703, 0.1183139638622386, 0.11485181990595458, 0.11351152142408989], "topic_strength": 17.626523525706382, "top_10_strength": 3.1090632725851153, "label": "Skill & Pressure"}], "file_type": "agents_md"}