{"timestamp": "2026-07-13T03:53:00.102236", "success": true, "message": "Analysis complete with 500 files", "files_collected": 500, "topics_discovered": 5, "topics_data": [{"topic_id": 0, "top_words": ["package", "command", "function", "behavior", "make", "prefer", "rule", "module", "new", "doc", "repository", "cargo", "commit", "update", "type", "documentation", "check", "add", "version", "python"], "weights": [0.32383758296004417, 0.31886026344799107, 0.3108974396301811, 0.3104322615695435, 0.3027200598860579, 0.3017265126189004, 0.2877554349087475, 0.2866388279291008, 0.28099105069401425, 0.27077565657664276, 0.2659597112004824, 0.26525171022364546, 0.2618570690300529, 0.2503515343270172, 0.24898367460574022, 0.24267499345350216, 0.2363031356668902, 0.23618004806687912, 0.23585077437137875, 0.23416072087051287], "topic_strength": 57.82364433374554, "top_10_strength": 2.9946350902212235, "label": "Code Guidelines"}, {"topic_id": 1, "top_words": ["npm", "component", "typescript", "react", "dev", "frontend", "lint", "import", "hook", "vite", "eslint", "tailwind", "api", "asset", "guideline", "backend", "route", "nextjs", "app", "npx"], "weights": [1.3126062645781207, 0.2972457720205851, 0.2865918673760595, 0.2751713189012734, 0.2406433739864783, 0.22616687141089645, 0.20296754388439517, 0.16839535136509148, 0.1661815038636382, 0.16245733606654925, 0.16212951517731897, 0.16066904354097183, 0.1557695978916066, 0.15398624256673266, 0.14895351974101637, 0.14625476645777752, 0.1369660928413272, 0.1368093088963141, 0.13642363160145984, 0.13068927403392086], "topic_strength": 21.015969761609767, "top_10_strength": 3.338427203453087, "label": "Frontend Development"}, {"topic_id": 2, "top_words": ["skill", "readmemd", "plugin", "swift", "read", "guidance", "engineer", "development", "understand", "developer", "following", "agentsmd", "context", "manager", "purpose", "para", "space", "general", "version", "access"], "weights": [1.0977417326686296, 0.5506215449338109, 0.4368135500311288, 0.2983929527459974, 0.29127552282538605, 0.28139459900681574, 0.25196361824755686, 0.23194723480648494, 0.19297280999708058, 0.1909135489352097, 0.18451594106614666, 0.18115409946835778, 0.17563691706494305, 0.1743040214266818, 0.168387649267742, 0.16398224325906902, 0.16273342103097546, 0.15970903380384893, 0.15018819490249477, 0.1495198998110931], "topic_strength": 12.902058389152234, "top_10_strength": 3.824037114198101, "label": "Skill & Readmemd"}, {"topic_id": 3, "top_words": ["tool", "mcp", "model", "return", "llm", "python", "schema", "import", "result", "str", "server", "prompt", "description", "json", "execution", "search", "job", "api", "task", "string"], "weights": [1.1314213720546593, 0.41599343774566605, 0.4069622418547756, 0.37265430727705373, 0.35391318991393383, 0.28033441229236544, 0.276739618962121, 0.2564268355832541, 0.24450856506047403, 0.22784161840615547, 0.22612874911147934, 0.22149994987214383, 0.2180568078104873, 0.21221930389197752, 0.18917465419953405, 0.18660665365933166, 0.1756016262927924, 0.17039319055886068, 0.16977559630222064, 0.16439093224141255], "topic_strength": 36.099794881958665, "top_10_strength": 3.9667955991504584, "label": "Tool & Mcp"}, {"topic_id": 4, "top_words": ["pnpm", "extension", "mcp", "workspace", "helper", "doc", "vite", "release", "package", "server", "shared", "typescript", "usage", "install", "typecheck", "import", "check", "schema", "entry", "lint"], "weights": [1.4746675719300844, 0.14759284306261458, 0.1395727334221966, 0.13771596139707146, 0.13127220345938204, 0.1275402114324422, 0.11780142566301743, 0.10671630915529505, 0.10509549637654517, 0.09919167591606251, 0.09198708616648965, 0.09154002853902618, 0.08949578665808725, 0.08904074380613365, 0.0885594334574741, 0.08699344897628604, 0.08527304243726984, 0.08246236692312531, 0.08123304543454236, 0.08013043386035298], "topic_strength": 9.987988953770177, "top_10_strength": 2.587166431814711, "label": "Frontend Development"}], "file_type": "agents_md"}