{"timestamp": "2026-06-07T03:31:19.532940", "success": true, "message": "Analysis complete with 500 files", "files_collected": 500, "topics_discovered": 5, "topics_data": [{"topic_id": 0, "top_words": ["change", "behavior", "make", "project", "commit", "package", "prefer", "command", "update", "python", "doc", "check", "task", "module", "repository", "guideline", "unless", "source", "existing", "issue"], "weights": [0.6989749023863726, 0.35156908411867455, 0.34982539609150876, 0.3369062769939248, 0.3311542478014146, 0.30715861037209435, 0.304566747905372, 0.2998035435347871, 0.2926971219966915, 0.29014748288242154, 0.28768870396775703, 0.27213617061555867, 0.26854154172759714, 0.2569178546440801, 0.248918902763312, 0.24787819403250666, 0.24283996382156053, 0.2425030182021021, 0.23654044026231755, 0.2360208656469258], "topic_strength": 49.783167551140025, "top_10_strength": 3.5628034140832625, "label": "Project Structure"}, {"topic_id": 1, "top_words": ["skill", "skillmd", "directory", "markdown", "pressure", "para", "claude", "reference", "scenario", "plugin", "doc", "memory", "tdd", "del", "contains", "script", "npx", "instruction", "description", "profile"], "weights": [1.6873632558405087, 0.25078412640975567, 0.22507390582965175, 0.223968574595776, 0.19730789515578545, 0.16372772666372362, 0.155291104640371, 0.14881034471539606, 0.14053956760176045, 0.13292065722978194, 0.1318051169035829, 0.13092428602021994, 0.11655981161038215, 0.1144741983160234, 0.11209990685059339, 0.11113953364908769, 0.10531881518001304, 0.10528072464812219, 0.10217258805872552, 0.10143714976674797], "topic_strength": 15.790532110960093, "top_10_strength": 3.3257871586825107, "label": "File Management"}, {"topic_id": 2, "top_words": ["tool", "mcp", "model", "llm", "python", "return", "str", "prompt", "api", "session", "json", "server", "chat", "context", "result", "description", "task", "user", "memory", "import"], "weights": [0.9959126093166819, 0.4838666983390606, 0.34668951697076805, 0.2852266661385312, 0.27781416926866187, 0.22156604559335966, 0.21019846501731584, 0.20762393669128915, 0.1887884931566822, 0.18388108330030103, 0.17877162326410795, 0.1770829734937772, 0.16450091415747373, 0.1616913556913343, 0.16118560835618284, 0.16076210808110952, 0.1554630523673256, 0.15490047314826555, 0.1517937650201829, 0.14939231225244176], "topic_strength": 30.246246209294355, "top_10_strength": 3.4015676837926514, "label": "Tool & Mcp"}, {"topic_id": 3, "top_words": ["npm", "bun", "import", "type", "typescript", "api", "const", "string", "error", "function", "component", "service", "export", "backend", "frontend", "route", "database", "react", "class", "app"], "weights": [0.7857816318260606, 0.5471071395530334, 0.4761012067654646, 0.4522604789561027, 0.35450202821869187, 0.2938143953620739, 0.2805826049307071, 0.2702951211928032, 0.2661853502435786, 0.2607337161589691, 0.24384102995533033, 0.22732856594453082, 0.2255600216662753, 0.2202131757094963, 0.21147486867435394, 0.2016806816995717, 0.19829219408188, 0.192303623337208, 0.19192626698340992, 0.1908791732129172], "topic_strength": 36.13570767305583, "top_10_strength": 3.9873636732074855, "label": "Frontend Development"}, {"topic_id": 4, "top_words": ["pnpm", "frontend", "backend", "component", "rust", "type", "vite", "package", "dev", "vitest", "check", "provider", "lint", "command", "cargo", "typecheck", "app", "apps", "tailwind", "config"], "weights": [1.3985438165646542, 0.28603465855816473, 0.244178626078069, 0.2335999233422717, 0.17791294596756888, 0.15183266817581936, 0.14971683159763496, 0.14683774573543154, 0.1359397005977447, 0.12671774059249008, 0.12412796498165694, 0.12332193208682132, 0.11807898182880527, 0.10732247141781134, 0.105926553530538, 0.10139439636443885, 0.09900845746337435, 0.09544234947643314, 0.09453388878841724, 0.09305059779559909], "topic_strength": 11.36662637696444, "top_10_strength": 3.0513146572098493, "label": "Frontend Development"}], "file_type": "agents_md"}