{"timestamp": "2026-05-21T03:32:06.072448", "success": true, "message": "Analysis complete with 298 files", "files_collected": 298, "topics_discovered": 5, "topics_data": [{"topic_id": 0, "top_words": ["change", "make", "commit", "guideline", "cargo", "module", "style", "add", "doc", "repository", "update", "pytest", "python", "new", "lint", "behavior", "pull", "testing", "script", "development"], "weights": [0.5859785010836632, 0.4946692550092476, 0.4070642083034726, 0.37393131753121106, 0.297721591487979, 0.2658928916985335, 0.26156128126375744, 0.25766781659558163, 0.2469855813165719, 0.24343663844973282, 0.23338596807735804, 0.22892114459111004, 0.22781929982156343, 0.2266769328325227, 0.21588950807525314, 0.2132530242279134, 0.20660915790614234, 0.2009509328987623, 0.1979933992003949, 0.19700019711486277], "topic_strength": 36.518063156164075, "top_10_strength": 3.434909082739751, "label": "Change & Make"}, {"topic_id": 1, "top_words": ["skill", "workflow", "claude", "directory", "codex", "agentsmd", "follow", "instruction", "npm", "tdd", "read", "tool", "new", "definition", "template", "plugin", "create", "markdown", "criterion", "rule"], "weights": [1.624526758602471, 0.17818619341986597, 0.16578240018584023, 0.16524627528639618, 0.1587397366448824, 0.13268096421636238, 0.12152269217414821, 0.11836940613493177, 0.11173118191671533, 0.10905172440806424, 0.1081057554566792, 0.10801047033715822, 0.10428400301166249, 0.098346348877404, 0.09238057302126103, 0.09226340433288517, 0.09041842947076317, 0.08498555301947353, 0.0825039492580135, 0.0821284501689807], "topic_strength": 12.070668127956235, "top_10_strength": 2.885837332989678, "label": "AI Assistant Configuration"}, {"topic_id": 2, "top_words": ["using", "command", "mcp", "server", "php", "cli", "rust", "running", "testing", "script", "install", "development", "make", "binary", "npm", "tool", "prefer", "user", "directory", "ipc"], "weights": [1.2760964415952905, 1.1308305224327022, 0.061014380512148095, 0.05355916837230989, 0.043806333501593, 0.043526740778651804, 0.04297247637516318, 0.04197310808442967, 0.03162681399781108, 0.03058842130173305, 0.02999203794788866, 0.029914494162049964, 0.028527819883782342, 0.027818123215677074, 0.0276998295452127, 0.027600820744422414, 0.025028353354390246, 0.024797340295674302, 0.02447896581844062, 0.022507104639888385], "topic_strength": 4.7547273943102315, "top_10_strength": 2.755994406951832, "label": "Using & Command"}, {"topic_id": 3, "top_words": ["npm", "pnpm", "component", "api", "backend", "typescript", "react", "frontend", "dev", "cs", "app", "route", "install", "server", "page", "tailwind", "lint", "feature", "type", "vite"], "weights": [0.6751576109757106, 0.6109018658230818, 0.5683479349721067, 0.4049133760474699, 0.3394557157918086, 0.33265438545236636, 0.31936708793280016, 0.30664196518479564, 0.30073576504038774, 0.2523604933935104, 0.24172556352343727, 0.20539726060248442, 0.20009885633918123, 0.1969467179037999, 0.19557834580942718, 0.1940851841205454, 0.19365722132965396, 0.18383556362249265, 0.18234017108229564, 0.17037826624797658], "topic_strength": 30.15659069623164, "top_10_strength": 4.110536200614037, "label": "Frontend Development"}, {"topic_id": 4, "top_words": ["tool", "task", "user", "model", "context", "plan", "output", "python", "type", "implementation", "data", "work", "memory", "session", "import", "subagent", "mcp", "function", "architecture", "result"], "weights": [0.50359025884321, 0.4167627832472215, 0.31531838126176664, 0.2493081092251145, 0.22695530550320736, 0.19323825912415887, 0.18197856643971705, 0.178488436436098, 0.1769958741922351, 0.17573828989428122, 0.17467321266511818, 0.16896329081477462, 0.16446891841312014, 0.16318801279736714, 0.15345149560146013, 0.15085475613002214, 0.147535085363877, 0.14365341348207591, 0.14335123798375513, 0.14229001373528133], "topic_strength": 39.723737403037006, "top_10_strength": 2.6183742641670107, "label": "User Interface"}], "file_type": "agents_md"}