{"timestamp": "2026-06-04T03:58:08.458262", "success": true, "message": "Analysis complete with 500 files", "files_collected": 500, "topics_discovered": 5, "topics_data": [{"topic_id": 0, "top_words": ["change", "git", "work", "issue", "commit", "task", "make", "rule", "check", "source", "update", "doc", "read", "push", "workflow", "path", "new", "prefer", "module", "existing"], "weights": [0.620012398664402, 0.5129161762709044, 0.42582890330392253, 0.3895070993496681, 0.38788418222923804, 0.3878124747991496, 0.33126951942179617, 0.2995594906701078, 0.2918523447127784, 0.2811218475752146, 0.2769634236236788, 0.2554547020323428, 0.2311387313794024, 0.2246658095549304, 0.2238368317281862, 0.22326888065615585, 0.22269289473547008, 0.21714401306839892, 0.2168340800339275, 0.2147268419885449], "topic_strength": 47.988919861051606, "top_10_strength": 3.9277644369971814, "label": "Change & Git"}, {"topic_id": 1, "top_words": ["pnpm", "component", "lint", "dev", "vitest", "app", "typecheck", "filter", "react", "package", "page", "server", "tailwind", "typescript", "cloudflare", "worker", "theme", "shared", "change", "frontend"], "weights": [1.7193427398405356, 0.25610549299963176, 0.21505591429909934, 0.1956147264806166, 0.18811428073349357, 0.17418276541518926, 0.15796095200730453, 0.14442474541392625, 0.14353283289440177, 0.14286109030572317, 0.13223325906050903, 0.12885449623993317, 0.1217202476462161, 0.12087795402072969, 0.1205110648160347, 0.11883370502763053, 0.11804505820738591, 0.11645719911156287, 0.10198392161602676, 0.10026249702356416], "topic_strength": 14.12402709854826, "top_10_strength": 3.337195540389922, "label": "Frontend Development"}, {"topic_id": 2, "top_words": ["skill", "subagent", "tool", "subagents", "claude", "prompt", "memory", "session", "mcp", "context", "model", "description", "conversation", "pressure", "read", "themenull", "write", "task", "hook", "user"], "weights": [1.0103053974849008, 0.7490516068613875, 0.7391579489362283, 0.5897636530003854, 0.40174271534965694, 0.2762570742097077, 0.2434140388256504, 0.23349151805413787, 0.23115908794682583, 0.2254999249180257, 0.2011920907118733, 0.19605835934202884, 0.19415762031829525, 0.18801931883831616, 0.1855630545655503, 0.18524549120172148, 0.1842407197024767, 0.15958116303932365, 0.15871641312323662, 0.1461512464385596], "topic_strength": 27.135304707020186, "top_10_strength": 4.699842965586907, "label": "AI Assistant Configuration"}, {"topic_id": 3, "top_words": ["python", "import", "type", "tool", "api", "function", "data", "model", "return", "error", "client", "llm", "class", "component", "string", "configuration", "service", "server", "await", "key"], "weights": [0.44154124202471523, 0.4266589214876742, 0.3821469157276679, 0.29415700655954197, 0.2921544304024494, 0.2700854693963251, 0.2604572768440889, 0.25668621733154534, 0.2331159178949185, 0.22711381162468455, 0.22154085716977678, 0.21150911890740698, 0.20826932665780257, 0.20357344572789196, 0.2026928644908054, 0.199208796035816, 0.18527527636201563, 0.1842830679475607, 0.18360444787851124, 0.17673917133331174], "topic_strength": 39.552401934553075, "top_10_strength": 3.0841172092936113, "label": "Data & APIs"}, {"topic_id": 4, "top_words": ["npm", "backend", "frontend", "doc", "install", "dev", "typescript", "api", "react", "lint", "app", "vitest", "package", "vite", "component", "playwright", "guideline", "commit", "cs", "local"], "weights": [1.2679063370293921, 0.2900413739512551, 0.24622976455429674, 0.22996664137114123, 0.22381209746401684, 0.21701492186954568, 0.2093752923119902, 0.19385815556713937, 0.19190098515764917, 0.1876288715617898, 0.1542874729309468, 0.15300181910860972, 0.14860611022893191, 0.1483161192673467, 0.13778691580533692, 0.1256537206725974, 0.1211793025659548, 0.11703498976397385, 0.11362706060452502, 0.11151450772049032], "topic_strength": 17.66135130784131, "top_10_strength": 3.2577344408382167, "label": "Frontend Development"}], "file_type": "agents_md"}