{"timestamp": "2026-03-26T00:05:00.292732", "success": true, "message": "Analysis complete with 500 files", "files_collected": 500, "topics_discovered": 5, "topics_data": [{"topic_id": 0, "top_words": ["agent", "task", "phase", "work", "change", "read", "rule", "git", "context", "implementation", "user", "plan", "skill", "session", "dont", "workflow", "feature", "check", "memory", "update"], "weights": [0.7303427028297931, 0.6401299063284116, 0.37409966951169393, 0.33863300052415735, 0.3381144989808918, 0.3208294111316292, 0.31859540452510293, 0.298888299233107, 0.2817612398387078, 0.27113142670126333, 0.2678748969273342, 0.2597781752489976, 0.2587292154125011, 0.2528687146544346, 0.2423911475730079, 0.23841615976673391, 0.23259356517280513, 0.23202478574277013, 0.2294933657102373, 0.22644759843750917], "topic_strength": 48.21375880417325, "top_10_strength": 3.912525559604758, "label": "Agent & Task"}, {"topic_id": 1, "top_words": ["npm", "component", "typescript", "cs", "react", "tailwind", "page", "hook", "import", "animation", "dev", "custom", "nextjs", "production", "lint", "section", "styling", "state", "design", "eslint"], "weights": [0.8768332281824125, 0.6472996453059188, 0.4308652643032265, 0.40874065684178484, 0.3524389342508512, 0.3407554651374781, 0.32374474726873426, 0.2557205104103629, 0.23465096688938003, 0.22004271671510386, 0.20262328816437172, 0.19496083485628898, 0.18349553797785975, 0.1833793691015999, 0.18244746725377822, 0.18112822666145756, 0.17679188269076077, 0.17290421283659838, 0.1689641456525924, 0.16894209508208155], "topic_strength": 24.820931774716936, "top_10_strength": 4.091092135305253, "label": "Frontend Development"}, {"topic_id": 2, "top_words": ["service", "database", "frontend", "backend", "pnpm", "user", "server", "docker", "route", "migration", "postgresql", "auth", "post", "schema", "endpoint", "app", "authentication", "port", "client", "prisma"], "weights": [0.4500798009794896, 0.4234099632496678, 0.4087631973616299, 0.40306791385670465, 0.3834444194257867, 0.2577844845484326, 0.2526676629507957, 0.24250332919535647, 0.22239954306654888, 0.21291766147580848, 0.20985757451556797, 0.20145790229919436, 0.18710810935653213, 0.18479612820833477, 0.1838930811379855, 0.17474129005730732, 0.16419527490224944, 0.1596694977014664, 0.15539996570512887, 0.15377348515350348], "topic_strength": 30.7095645765339, "top_10_strength": 3.2570379761102206, "label": "Frontend Development"}, {"topic_id": 3, "top_words": ["python", "script", "install", "model", "pytest", "audio", "llm", "output", "environment", "module", "package", "directory", "configuration", "notebook", "format", "example", "dependency", "prompt", "image", "pip"], "weights": [0.9284040530969596, 0.28407439535952583, 0.1882758297147784, 0.17933375708223295, 0.17919942690703589, 0.17601432061666908, 0.16980499189923237, 0.1689203068508548, 0.15837944034528512, 0.15354270746587814, 0.14740950204683598, 0.14041355841231307, 0.1397712622908791, 0.13411553222141523, 0.13396403171007884, 0.1276520661169191, 0.12729766212083338, 0.12488177440622965, 0.12478751774370861, 0.12476477745988328], "topic_strength": 22.29403450783225, "top_10_strength": 2.5859492293384525, "label": "Python & Script"}, {"topic_id": 4, "top_words": ["mcp", "tool", "server", "prompt", "anthropic", "protocol", "chat", "git", "version", "context", "resource", "integration", "engine", "json", "ssh", "http", "cloudflare", "node", "using", "gui"], "weights": [1.1778785145334436, 0.835379884837185, 0.2838907171295554, 0.15869354169446798, 0.15597321820935847, 0.10977570123769535, 0.09510763621702392, 0.09461451412349722, 0.08722588028444352, 0.0832525402229957, 0.0806603559213938, 0.07711303834050756, 0.07384756665329206, 0.07255436438515217, 0.07128936003170398, 0.06923043842542353, 0.06516047192303985, 0.06505584805942491, 0.06367153365471828, 0.06345116180825665], "topic_strength": 12.512524992948416, "top_10_strength": 3.081792148489666, "label": "Mcp & Tool"}]}