{"timestamp": "2026-06-10T04:08:22.440519", "success": true, "message": "Analysis complete with 500 files", "files_collected": 500, "topics_discovered": 5, "topics_data": [{"topic_id": 0, "top_words": ["test", "run", "step", "review", "agent", "issue", "api", "error", "fix", "bash", "phase", "output", "script", "command", "log", "task", "work", "report", "path", "state"], "weights": [0.7514566120347826, 0.5330868727390368, 0.4923243815048223, 0.4502732322578321, 0.3639990500217853, 0.3523747452916898, 0.322835362199446, 0.3161044169142133, 0.28444173763324493, 0.28225502869227764, 0.2701919546798256, 0.2644836521372893, 0.2590170147315355, 0.2569096439017702, 0.2528915653867889, 0.24026919854207515, 0.23887798641354843, 0.2378058399715739, 0.2377270774130228, 0.22382703203410756], "topic_strength": 48.97771945518422, "top_10_strength": 4.149151439289131, "label": "Testing & Quality"}, {"topic_id": 1, "top_words": ["git", "branch", "change", "main", "commit", "merge", "pull", "diff", "push", "checkout", "dev", "step", "origin", "create", "message", "draft", "release", "review", "block", "local"], "weights": [1.210860545294356, 0.6737521548362311, 0.5981897162270498, 0.5717035928548426, 0.4354772293810571, 0.40540460833752606, 0.3886756249852911, 0.31449037364412336, 0.294888987295342, 0.27490475641833123, 0.2594509700460218, 0.2516763924928004, 0.23977901234148605, 0.23759772429782205, 0.22692783658447632, 0.22190464854790592, 0.2078261394906472, 0.17860937929511458, 0.17237163133369812, 0.15788604465525802], "topic_strength": 17.186443088832423, "top_10_strength": 5.16834758927415, "label": "Git & Branch"}, {"topic_id": 2, "top_words": ["python", "bash", "memory", "srcclipy", "json", "import", "prompt", "search", "install", "envrc", "export", "api", "run", "command", "version", "cost", "claude", "language", "gate", "token"], "weights": [1.3328360291588273, 0.8254073572161632, 0.33603743452574236, 0.32338698051222986, 0.23169553417315855, 0.19332206411479186, 0.19075390349866786, 0.18774179570760124, 0.17450185597873816, 0.14818025489606715, 0.14474366251330817, 0.13468268538826733, 0.12642102721760035, 0.12079994200863983, 0.11971761424432255, 0.11676915381379982, 0.11670560347361796, 0.11434482511440698, 0.11212500096084137, 0.10872100869049216], "topic_strength": 17.74926583304878, "top_10_strength": 3.9438632097819872, "label": "Python & Bash"}, {"topic_id": 3, "top_words": ["typescript", "component", "const", "data", "export", "string", "pattern", "function", "import", "feature", "interface", "type", "await", "div", "return", "convention", "async", "practice", "best", "project"], "weights": [0.7489392639664771, 0.5925440765040646, 0.490168132483247, 0.41668221288436447, 0.40660126966357796, 0.2908290629897203, 0.2862675918191282, 0.2803050879285107, 0.258052459684049, 0.2462722098975458, 0.23844149482771385, 0.22270209684415318, 0.21425074781436843, 0.20669244636027878, 0.20274768606477783, 0.20198902661234885, 0.2008555096701365, 0.18593042008701935, 0.16495470026552966, 0.15681080780327203], "topic_strength": 20.14988608520877, "top_10_strength": 4.016661367820685, "label": "Frontend Development"}, {"topic_id": 4, "top_words": ["content", "page", "decision", "search", "source", "topic", "note", "section", "add", "pattern", "document", "new", "product", "link", "research", "plan", "data", "entity", "tool", "audit"], "weights": [0.5808993714742117, 0.3772777970735952, 0.33640450070453415, 0.32083314703913907, 0.30273924396951063, 0.29522472846133585, 0.29504644579574185, 0.2573576885489745, 0.2545721609954925, 0.22685024917943175, 0.2189141580886254, 0.21865899016636978, 0.21826395704899038, 0.2138789212699446, 0.20709090571409144, 0.20680282217589516, 0.1987151571403751, 0.19808929861526875, 0.19413893276144764, 0.1897327407575637], "topic_strength": 40.54343770926633, "top_10_strength": 3.2472053332419675, "label": "Content & Page"}], "file_type": "skill_md"}