{"timestamp": "2026-02-27T00:04:32.470577", "success": true, "message": "Analysis complete with 500 files", "files_collected": 500, "topics_discovered": 5, "topics_data": [{"topic_id": 0, "top_words": ["task", "agent", "rule", "context", "user", "feature", "issue", "change", "mcp", "phase", "update", "git", "work", "new", "memory", "tool", "read", "commit", "implementation", "add"], "weights": [0.5397848174203941, 0.4722375334746706, 0.4534669050407747, 0.34032799620675325, 0.33436383601822267, 0.3174085000612788, 0.2963634281886545, 0.28850736884340356, 0.2768706311159003, 0.2763087794014065, 0.2752225710344935, 0.26968369028633477, 0.2637940361993471, 0.25964791969230766, 0.2495177478835934, 0.24923280017143296, 0.2445359286603682, 0.24191992474458202, 0.24053331775912398, 0.22892241369720673], "topic_strength": 54.71265911880973, "top_10_strength": 3.5956397957714596, "label": "User Interface"}, {"topic_id": 1, "top_words": ["npm", "api", "backend", "frontend", "react", "typescript", "database", "component", "server", "route", "auth", "client", "user", "service", "app", "authentication", "nextjs", "dev", "supabase", "start"], "weights": [0.8433681625550192, 0.5313658593456515, 0.4137087756715102, 0.34476869885526645, 0.3059672751558405, 0.29336763423161993, 0.29306036700653487, 0.2560130083489014, 0.23730565773450746, 0.22836511186447295, 0.21396858368019417, 0.21348381677323078, 0.20770177007897497, 0.20628295701737862, 0.20489746273304327, 0.20338164416036522, 0.1960929162435072, 0.1942441764573195, 0.19325172953934963, 0.18953223585700688], "topic_strength": 26.224273152022093, "top_10_strength": 3.747290550769325, "label": "Frontend Development"}, {"topic_id": 2, "top_words": ["component", "pnpm", "content", "cs", "tailwind", "theme", "page", "property", "color", "custom", "site", "configuration", "directory", "typescript", "animation", "style", "prop", "react", "navigation", "preview"], "weights": [0.736768468068581, 0.6352403476204921, 0.4442943701033912, 0.3125190734719076, 0.2841502708071648, 0.2824398869572494, 0.23312414332997525, 0.2090253524084884, 0.1898247575004584, 0.18767682910637162, 0.1875539117757401, 0.18673069822524224, 0.17818542172419372, 0.16873874874045197, 0.16861668729981755, 0.16661848409630872, 0.1652509364133174, 0.16516035646460864, 0.1621998369086387, 0.16177019434602574], "topic_strength": 24.472308279302304, "top_10_strength": 3.5150634993740804, "label": "Frontend Development"}, {"topic_id": 3, "top_words": ["python", "package", "pytest", "install", "pip", "script", "import", "docker", "ruff", "configuration", "environment", "model", "tool", "directory", "class", "dependency", "module", "cli", "repository", "base"], "weights": [1.1475634870325762, 0.30208314570431244, 0.2910305834539243, 0.2838790005761212, 0.24566582820645555, 0.23778371535662718, 0.20463723317415336, 0.17593643821405947, 0.17359300114293474, 0.17033480148557512, 0.15750229625515813, 0.15049052222769646, 0.14363671443869064, 0.13865560874364982, 0.13794396883780516, 0.13617816155629495, 0.13507456763837478, 0.1327816958913893, 0.12832244867091863, 0.12820179083483765], "topic_strength": 21.820249368132806, "top_10_strength": 3.2325072343467394, "label": "Python & Package"}, {"topic_id": 4, "top_words": ["bun", "mcp", "server", "package", "instead", "import", "install", "tailwind", "adapter", "react", "script", "const", "function", "benchmark", "html", "rule", "typescript", "runtime", "index", "plugin"], "weights": [1.439364057149404, 0.29422578905597946, 0.24141395260744603, 0.16490303863507272, 0.1447257317660553, 0.13760925970933738, 0.13597959346499697, 0.1219914437197602, 0.10072844892917342, 0.09988776975253684, 0.09805765510566514, 0.0933073385245183, 0.08974592489857454, 0.0861384303424219, 0.0856949621038269, 0.07785027790244999, 0.07679124599094557, 0.0744841024363556, 0.07389653188179988, 0.07374026591868825], "topic_strength": 10.425271940303496, "top_10_strength": 2.8808290847897617, "label": "Bun & Mcp"}]}