{"timestamp": "2026-06-16T03:08:41.222273", "success": true, "message": "Analysis complete with 500 files", "files_collected": 500, "topics_discovered": 5, "topics_data": [{"topic_id": 0, "top_words": ["task", "change", "agent", "rule", "git", "user", "tool", "work", "issue", "add", "dont", "commit", "new", "plan", "phase", "context", "mcp", "fix", "session", "step"], "weights": [0.5288420596857297, 0.4508241560819814, 0.40542021238914383, 0.3913367466510522, 0.3642023003396485, 0.361539014410953, 0.3471640269256828, 0.33179208111810393, 0.331594384831438, 0.29832386587856263, 0.28432630991086316, 0.28175581922986465, 0.26962743463350775, 0.26564034978193735, 0.24807699313264214, 0.23912437877707707, 0.23885707545311344, 0.23282844013719461, 0.22719877309072264, 0.21983640247952896], "topic_strength": 47.08092252013638, "top_10_strength": 3.811038848312296, "label": "Task & Change"}, {"topic_id": 1, "top_words": ["agentsmd", "guideline", "rule", "agent", "read", "context", "require", "convention", "workflow", "directory", "follow", "codebase", "contract", "spec", "save", "complete", "instruction", "repo", "working", "debugging"], "weights": [2.01914530314938, 0.16346504704059658, 0.1628231169678258, 0.15655463282288232, 0.140216018410697, 0.12471248114845362, 0.10802883786801686, 0.09053104749414927, 0.08595594686796408, 0.07818828469267518, 0.07263497312093194, 0.07196875095108601, 0.06938366677342772, 0.06672101073668602, 0.0643802928339122, 0.06199927336078713, 0.05861357125332912, 0.05823942830387504, 0.0552120639182388, 0.05167918249744964], "topic_strength": 5.235958980121258, "top_10_strength": 3.129620716462641, "label": "Agentsmd & Guideline"}, {"topic_id": 2, "top_words": ["npm", "component", "react", "pnpm", "typescript", "api", "type", "cs", "page", "nextjs", "dev", "app", "import", "server", "supabase", "hook", "tailwind", "route", "state", "production"], "weights": [1.0649792242142533, 0.6868698120184082, 0.48128559921376424, 0.4602003543921441, 0.43129371843643693, 0.3352930886942498, 0.32997368380120184, 0.3153739421579553, 0.29031077310768244, 0.2889085590361669, 0.2709722967862417, 0.2649862058035543, 0.2554578455095584, 0.25407184726839016, 0.2415849365648514, 0.23780425897361718, 0.22806372707951783, 0.21990286024673347, 0.21440833091782388, 0.2068649685821426], "topic_strength": 31.38827231810665, "top_10_strength": 4.684488755072263, "label": "Frontend Development"}, {"topic_id": 3, "top_words": ["model", "python", "data", "service", "api", "package", "config", "make", "pytest", "port", "provider", "check", "cargo", "class", "configuration", "format", "docker", "http", "token", "default"], "weights": [0.38409370453826497, 0.35309959299211074, 0.3209164815581685, 0.29580908848966925, 0.28912091993632716, 0.21564125782809357, 0.20892857619434516, 0.20790835681169037, 0.2006169313816597, 0.19879495679557851, 0.1917716352436899, 0.1861948877789211, 0.18471770058170753, 0.18393870906987014, 0.18163147453378747, 0.17869884611599812, 0.17619343392965703, 0.17153658283025927, 0.1709201529982924, 0.17007609735599635], "topic_strength": 40.03094379022399, "top_10_strength": 2.674929866525908, "label": "Backend Services"}, {"topic_id": 4, "top_words": ["skill", "python", "ratio", "agent", "tool", "json", "bun", "automation", "usage", "budget", "analysis", "skillmd", "format", "purpose", "mcp", "cli", "review", "frontmatter", "para", "flow"], "weights": [1.1603256293978967, 0.5048225252757268, 0.4090065334028494, 0.4037648625977515, 0.3616896290034562, 0.21275577974918608, 0.21052916623618834, 0.18934072737780294, 0.1828926202723698, 0.16986990161237658, 0.1531787435664652, 0.14520964039780201, 0.14146197931254145, 0.13536074620927666, 0.1264128905468597, 0.12267455055261825, 0.12171406309192377, 0.11336662805463807, 0.11113866574448729, 0.10882236666691664], "topic_strength": 13.75136478351871, "top_10_strength": 3.8049973749256045, "label": "Skill & Python"}], "file_type": "claude_md"}