{"timestamp": "2026-06-01T03:23:25.931200", "success": true, "message": "Analysis complete with 500 files", "files_collected": 500, "topics_discovered": 5, "topics_data": [{"topic_id": 0, "top_words": ["python", "service", "data", "model", "user", "bun", "docker", "install", "environment", "error", "check", "output", "post", "env", "app", "directory", "state", "pytest", "image", "mcp"], "weights": [0.6712271926647848, 0.3938442787251087, 0.3356979500899162, 0.3177899570562624, 0.2990989730525728, 0.24961421716500315, 0.24819955235981936, 0.24676475857862348, 0.23886614536723672, 0.23520945754935932, 0.2195007280581977, 0.2134196624646517, 0.2082469602755972, 0.20360549242803172, 0.2017577566492764, 0.20109288514173568, 0.20104144775065316, 0.19974252046047417, 0.19847188590349318, 0.1983454065063585], "topic_strength": 55.871340782927064, "top_10_strength": 3.236312482608687, "label": "Data & APIs"}, {"topic_id": 1, "top_words": ["npm", "component", "page", "cs", "typescript", "react", "dev", "tailwind", "production", "type", "frontend", "backend", "app", "nextjs", "theme", "server", "preview", "eslint", "vite", "import"], "weights": [0.8909784763588221, 0.5381381746460451, 0.3751336487593391, 0.3470018415857482, 0.3009603303040916, 0.2903594517750128, 0.2604740563310139, 0.2542157565583019, 0.2065136097215562, 0.18957530238456702, 0.1852911367624287, 0.18513511534799332, 0.17695645571135568, 0.1746256103900683, 0.1738389649423866, 0.17132882980516798, 0.1711232233781572, 0.1710667898338418, 0.16822127382410273, 0.16603195558384623], "topic_strength": 29.690259260277763, "top_10_strength": 3.653350648424498, "label": "Frontend Development"}, {"topic_id": 2, "top_words": ["agent", "mvn", "package", "integration", "event", "java", "spring", "streaming", "module", "coverage", "plugin", "core", "testing", "unit", "implementation", "interface", "communication", "analysis", "configuration", "execution"], "weights": [0.8071372191461654, 0.582636642658447, 0.3155798721759359, 0.31057095136044494, 0.31056045784369823, 0.30630183423214197, 0.3060393113398353, 0.24744600582032805, 0.21441911039530892, 0.20274102736205254, 0.1979422629781583, 0.16413899606400117, 0.15733864283750515, 0.1429636486511368, 0.14151965676538078, 0.1399268009658381, 0.13687885813874756, 0.13613678417624814, 0.13569720405493327, 0.13020649642763898], "topic_strength": 14.321430974027606, "top_10_strength": 3.6034324323343587, "label": "Agent & Mvn"}, {"topic_id": 3, "top_words": ["task", "skill", "plan", "session", "agent", "work", "change", "read", "rule", "commit", "git", "instruction", "review", "dont", "fix", "doc", "make", "add", "context", "agentsmd"], "weights": [0.5525125819521381, 0.4898539319319316, 0.35622300595794565, 0.3265717224215168, 0.32023081268696146, 0.3190554300833741, 0.3159162686202149, 0.30897847582631194, 0.30453454849129563, 0.28748083281467157, 0.27623822136956855, 0.2676156866734835, 0.26500648547667127, 0.262736304790396, 0.23330794179758071, 0.22840444549644226, 0.2143802137127685, 0.21132994335384334, 0.20965602731579205, 0.2027398890491972], "topic_strength": 37.18202753147849, "top_10_strength": 3.5813576107863616, "label": "Task & Skill"}, {"topic_id": 4, "top_words": ["pnpm", "agentsmd", "typescript", "package", "dev", "type", "bun", "prisma", "backend", "app", "tauri", "manager", "react", "filter", "lint", "component", "git", "nextjs", "schema", "typecheck"], "weights": [1.4087149676088409, 0.21355483989594798, 0.16695036220404, 0.1611154252122122, 0.1513464381116132, 0.1466682500317437, 0.1362744836907504, 0.13367377147986134, 0.1336493480108575, 0.12697229596006893, 0.12337288380819127, 0.1213385149558421, 0.11881726270480576, 0.1114197479016543, 0.1113370371853974, 0.10371123435519902, 0.0995676328121088, 0.09419551383947622, 0.09318967078628473, 0.09129879462235205], "topic_strength": 13.831588812845258, "top_10_strength": 2.778920182205936, "label": "Frontend Development"}], "file_type": "claude_md"}