{"timestamp": "2026-06-17T03:19:41.259017", "success": true, "message": "Analysis complete with 500 files", "files_collected": 500, "topics_discovered": 5, "topics_data": [{"topic_id": 0, "top_words": ["agent", "change", "task", "user", "rule", "work", "phase", "git", "issue", "new", "tool", "commit", "context", "read", "fix", "dont", "plan", "workflow", "step", "write"], "weights": [0.506930434331486, 0.4552377705429477, 0.42620366835844575, 0.38474527582490486, 0.3684795483531864, 0.3123029252158711, 0.30798266073593294, 0.28657424182240043, 0.2685104870029867, 0.2575557450145714, 0.25739776148927973, 0.2541359253146941, 0.2509289819188554, 0.24792389862998485, 0.2344782953225099, 0.2344077880104882, 0.2285412313304635, 0.22803869585175782, 0.22503535122714613, 0.2184875944994888], "topic_strength": 52.464279812636036, "top_10_strength": 3.5745227572027334, "label": "User Interface"}, {"topic_id": 1, "top_words": ["agentsmd", "instruction", "claudemd", "rule", "require", "workflow", "truth", "read", "navigation", "live", "context", "source", "complete", "guide", "risk", "canonical", "compatibility", "tool", "prefer", "repository"], "weights": [2.011132099690124, 0.2534670778106611, 0.14269772609700918, 0.10311144965580528, 0.09065312842610566, 0.08719868810743324, 0.08353170048425577, 0.08175256865123715, 0.05562879369020664, 0.054962575578856386, 0.05179897621406718, 0.05078974220301685, 0.04653041062612092, 0.04606155711069847, 0.03845936432669971, 0.03813522473293306, 0.0354541444592128, 0.03398846155310846, 0.03280227006193939, 0.031434679746202905], "topic_strength": 4.508291737013989, "top_10_strength": 2.964135808191694, "label": "Agentsmd & Instruction"}, {"topic_id": 2, "top_words": ["npm", "component", "server", "typescript", "api", "type", "page", "app", "pnpm", "service", "react", "client", "supabase", "data", "cs", "const", "database", "route", "import", "dev"], "weights": [0.6385097389970337, 0.5607356865767722, 0.40057413530228503, 0.37530309118276556, 0.3674095640602289, 0.34953172184889214, 0.3217798087455763, 0.3042589638986342, 0.30013345121183005, 0.2774371897338456, 0.2729841781591247, 0.25595589146446834, 0.2543710788162836, 0.25250191845990305, 0.2442106978650662, 0.2422199313203656, 0.2399624623015069, 0.23369703131623554, 0.2315300864253796, 0.23000076621348786], "topic_strength": 43.04092553907937, "top_10_strength": 3.895673351557863, "label": "Frontend Development"}, {"topic_id": 3, "top_words": ["python", "bash", "pytest", "model", "ratio", "api", "install", "json", "tool", "data", "analysis", "format", "output", "ruff", "csv", "config", "dependency", "configuration", "evaluation", "script"], "weights": [0.983500875069418, 0.30004332059376826, 0.282251559077968, 0.28037877014288193, 0.2499118662301332, 0.20967750004341346, 0.20819985520283593, 0.19869882632261082, 0.19342890373280075, 0.19257836714151264, 0.191141110823928, 0.17770974913010346, 0.14914352343094214, 0.1461571774465792, 0.1432662897057322, 0.14308928125795808, 0.14105452964100731, 0.13544166978161698, 0.1332850160460908, 0.13318266067195914], "topic_strength": 22.89652377411801, "top_10_strength": 3.0986698435573428, "label": "Python & Bash"}, {"topic_id": 4, "top_words": ["skill", "agent", "skillmd", "para", "bash", "ratio", "tool", "invoke", "title", "mcp", "description", "review", "que", "bun", "frontmatter", "context", "read", "prompt", "usage", "documentation"], "weights": [1.4724688122560583, 0.33982818841111184, 0.2114646217713199, 0.19576450384853245, 0.14873927356631803, 0.13816615000598093, 0.1275346307732309, 0.1256017552638118, 0.12178029973106641, 0.11258710436250682, 0.10807482349594176, 0.10495281844574997, 0.10315611805708041, 0.09936899706050778, 0.09694108603469252, 0.09506903284201569, 0.09327458731568845, 0.09285845494829507, 0.09062658371184434, 0.08654743541943231], "topic_strength": 11.027201513338728, "top_10_strength": 2.9939353399899367, "label": "Skill & Agent"}], "file_type": "claude_md"}