{"timestamp": "2026-05-20T03:25:59.267943", "success": true, "message": "Analysis complete with 500 files", "files_collected": 500, "topics_discovered": 5, "topics_data": [{"topic_id": 0, "top_words": ["test", "code", "fix", "step", "issue", "error", "change", "run", "git", "cause", "phase", "root", "review", "bug", "task", "branch", "failure", "commit", "build", "symptom"], "weights": [0.910523442322651, 0.5418484027355889, 0.527329369763236, 0.4914160782946342, 0.4570070509391961, 0.38867559009339286, 0.3841027408840402, 0.3619642837379001, 0.3500591073179633, 0.3459822313425213, 0.3348713485309339, 0.321641198308788, 0.29932613007522896, 0.28900999729258914, 0.28588663949249776, 0.26765463458233607, 0.2602286929293721, 0.2578458716306064, 0.22970110092007015, 0.2264833253157146], "topic_strength": 36.677545487835665, "top_10_strength": 4.758908297431124, "label": "Code Guidelines"}, {"topic_id": 1, "top_words": ["const", "typescript", "function", "component", "await", "return", "error", "string", "async", "type", "documentation", "import", "service", "vue", "react", "api", "module", "export", "good", "pattern"], "weights": [0.9228818414948876, 0.5309452635818549, 0.41345900317094886, 0.4075435373789205, 0.3871378102003954, 0.3427187402079155, 0.2902933196343789, 0.26257993215046305, 0.23572571434995454, 0.20458235803169378, 0.19948745097593165, 0.19852037485170285, 0.19041766265937876, 0.18310082222882582, 0.17447918730021267, 0.17429001743156125, 0.15335569475874056, 0.15255227060252222, 0.14682822211381097, 0.14315001952126538], "topic_strength": 19.549452376774536, "top_10_strength": 3.9978675202014133, "label": "Frontend Development"}, {"topic_id": 2, "top_words": ["agent", "search", "query", "email", "image", "tool", "json", "post", "text", "api", "output", "task", "result", "command", "read", "mcp", "data", "list", "model", "key"], "weights": [0.46141949993702613, 0.3103809506284252, 0.30887380790969615, 0.28650005583992877, 0.2677147387639189, 0.26751232342425774, 0.24072644963794498, 0.20664297005304222, 0.20581823277309896, 0.20563424190782584, 0.201471694238821, 0.19759638955981199, 0.19095402735347372, 0.1905131371740806, 0.18007796556791283, 0.17761129392312325, 0.17474194900414247, 0.1650843771005638, 0.16222359885040033, 0.16204708534530263], "topic_strength": 41.973596412839775, "top_10_strength": 2.7612232708751647, "label": "Agent & Search"}, {"topic_id": 3, "top_words": ["python", "def", "class", "import", "srcclipy", "memory", "betselection", "api", "install", "env", "str", "menu", "return", "run", "token", "step", "pdf", "jwt", "envrc", "sessionid"], "weights": [1.2468783104085048, 0.41902185833831146, 0.38183388554676295, 0.35011679095509435, 0.2802583932305333, 0.25795625703724545, 0.25525491957840957, 0.1827523422897928, 0.1618432147783348, 0.15067962875683127, 0.14875882138050683, 0.1460112518903519, 0.1438460166175689, 0.13853422264639897, 0.13629870497267893, 0.12607553317505654, 0.1260420858196839, 0.11897561655519275, 0.11811758645374185, 0.11731422505046141], "topic_strength": 16.69313882062416, "top_10_strength": 3.6865956009198206, "label": "Code Guidelines"}, {"topic_id": 4, "top_words": ["topic", "frontmatter", "tech", "title", "yaml", "filename", "project", "tutorial", "step", "note", "create", "weekly", "pattern", "diff", "exists", "yyyymmdd", "false", "knowledge", "argument", "original"], "weights": [0.9058647520152404, 0.5371366395904065, 0.5112476074235327, 0.4213617092273825, 0.27884494918374764, 0.22850305735861395, 0.22697992322389748, 0.18544741912405815, 0.18425361749413088, 0.17726767307820218, 0.17688926799431748, 0.1553952893946559, 0.15521027685564706, 0.14267866442327934, 0.14074772828495993, 0.13703554391701034, 0.13362635924401248, 0.12426704267402057, 0.12346248480289738, 0.12242296245148888], "topic_strength": 11.147587551448828, "top_10_strength": 3.6569073477192116, "label": "Topic & Frontmatter"}], "file_type": "skill_md"}