{"timestamp": "2026-06-20T03:58:04.947953", "success": true, "message": "Analysis complete with 500 files", "files_collected": 500, "topics_discovered": 5, "topics_data": [{"topic_id": 0, "top_words": ["step", "project", "test", "task", "issue", "phase", "question", "code", "check", "fix", "review", "pattern", "requirement", "workflow", "change", "run", "example", "context", "note", "feature"], "weights": [0.48178272875926326, 0.42079547096473746, 0.4125575346345157, 0.39812606121475697, 0.35162023215076427, 0.34507623377226576, 0.3201834384373105, 0.288971386623195, 0.2873415483273969, 0.2861425767580859, 0.2826727151878559, 0.2780249629479272, 0.22943761665945595, 0.22575265817327686, 0.2240604214367902, 0.22387167592452006, 0.21787873110633607, 0.2178780316615974, 0.21258663749351234, 0.21044257746896536], "topic_strength": 52.30736019975627, "top_10_strength": 3.5925972116422917, "label": "Project Structure"}, {"topic_id": 1, "top_words": ["und", "oder", "welche", "prfen", "die", "der", "bgb", "bei", "mit", "art", "live", "output", "form", "person", "register", "text", "bank", "cause", "pas", "date"], "weights": [1.7356276978961702, 0.5647887520593761, 0.32537921386331176, 0.3205248674480341, 0.28934041624710516, 0.2676367880883093, 0.24834267205240695, 0.20631334646152624, 0.15365116695790856, 0.11986778317491457, 0.11121608076968403, 0.04018286680991832, 0.04007547683297535, 0.033330004336610694, 0.021405027021560333, 0.018414051261025566, 0.01570825271301161, 0.013804430096030473, 0.011479268428620744, 0.010742117995180472], "topic_strength": 4.744693383530067, "top_10_strength": 4.231472704249063, "label": "Und & Oder"}, {"topic_id": 2, "top_words": ["const", "await", "string", "return", "function", "div", "typescript", "data", "page", "color", "component", "type", "javascript", "state", "button", "plugin", "export", "error", "import", "api"], "weights": [0.6791504521956278, 0.3548661058397465, 0.35011339868464775, 0.2880601106277273, 0.2296980587479519, 0.22637706318428252, 0.2244296514041131, 0.21049968904242766, 0.20463766978896922, 0.19549032858817283, 0.1951897239386358, 0.19345434487689028, 0.18768725690997914, 0.1864787765552134, 0.18113079924258244, 0.17834500317947227, 0.1753331496901012, 0.172427003845574, 0.16937208405510346, 0.16689889053250376], "topic_strength": 30.867880871388266, "top_10_strength": 2.9633225281036664, "label": "Code Guidelines"}, {"topic_id": 3, "top_words": ["agent", "token", "prompt", "ngrok", "run", "bash", "mcp", "tool", "browser", "remote", "json", "session", "step", "local", "openclaw", "claude", "server", "url", "instruction", "post"], "weights": [1.127193071801929, 0.2614759309102488, 0.2571899871836844, 0.2538474992383, 0.2372080752188078, 0.23344247092635978, 0.21688250607476398, 0.20239916168061567, 0.19288077040272272, 0.1916956792780898, 0.18635790372974398, 0.17578140225397143, 0.16466223495741056, 0.1645978227736404, 0.15969626205610224, 0.15773402648030235, 0.149374958132924, 0.14657713162532157, 0.14546443497044104, 0.14363192806457403], "topic_strength": 19.231247617082403, "top_10_strength": 3.1742151527155222, "label": "Agent & Token"}, {"topic_id": 4, "top_words": ["python", "import", "model", "bash", "api", "image", "str", "video", "def", "json", "quantization", "cli", "output", "install", "input", "price", "url", "result", "query", "script"], "weights": [1.1257774446039222, 0.4247729088682898, 0.2853821751583499, 0.253954787054264, 0.2524869991966765, 0.2503845264461058, 0.1804373781432625, 0.16292215150225173, 0.15378496278112602, 0.1502220580327535, 0.1481417719953687, 0.13633972006680573, 0.13530500268587758, 0.13318293054260186, 0.1255164170295393, 0.12468865750321143, 0.12163714013835457, 0.11248414269171773, 0.10530157115702597, 0.1049362744008178], "topic_strength": 16.226507870488973, "top_10_strength": 3.240125391787002, "label": "Data & APIs"}], "file_type": "skill_md"}