{"timestamp": "2026-04-23T00:07:10.802727", "success": true, "message": "Analysis complete with 500 files", "files_collected": 500, "topics_discovered": 5, "topics_data": [{"topic_id": 0, "top_words": ["python", "data", "service", "model", "error", "database", "function", "type", "user", "module", "config", "backend", "check", "core", "state", "search", "default", "return", "dependency", "application"], "weights": [0.3935487887525995, 0.38633172589570997, 0.3702030458134343, 0.3394027541906624, 0.28112904234233127, 0.27731670498247973, 0.26052656304854294, 0.26028902253389347, 0.2570182874767287, 0.2482306642197784, 0.23805160075138793, 0.2311303315707327, 0.2172368773786053, 0.21480359059644807, 0.207163315549374, 0.20589664838663413, 0.20502218089904656, 0.20494593736299516, 0.20461106365317377, 0.202942231157728], "topic_strength": 57.73615317863765, "top_10_strength": 3.0739965992561604, "label": "Data & APIs"}, {"topic_id": 1, "top_words": ["npm", "component", "typescript", "react", "page", "cs", "dev", "theme", "server", "production", "nextjs", "content", "site", "tailwind", "hook", "cloudflare", "post", "import", "eslint", "development"], "weights": [1.1221295192031462, 0.5340228753323055, 0.4075399806304005, 0.3438043500270273, 0.3317250908406646, 0.3191026704789178, 0.26588060396215474, 0.24608513306732235, 0.22012851838244826, 0.1920536213251527, 0.19048434497664143, 0.18052169268560236, 0.1796831796162431, 0.17841649438932428, 0.1716456473248629, 0.17053044409909524, 0.1694557821925393, 0.16912001057750833, 0.1662035712808318, 0.16520582490403588], "topic_strength": 24.18388265899577, "top_10_strength": 3.9824723632495402, "label": "Frontend Development"}, {"topic_id": 2, "top_words": ["instruction", "follow", "agentsmd", "read", "contains", "skill", "distributed", "add", "truth", "repository", "rule", "copy", "source", "context", "guideline", "prompt", "usage", "root", "latest", "reload"], "weights": [1.2911191650846316, 0.4418813109937041, 0.3944557740650548, 0.39390815858087735, 0.2566328725699325, 0.2304905517161113, 0.1879282411980578, 0.18178453352846402, 0.17658911871263208, 0.17482895727569275, 0.16095273153416814, 0.15629700249412778, 0.1539983459366006, 0.15137511233033768, 0.1489649458210542, 0.1451259015529209, 0.13978217769916937, 0.13411714717236287, 0.1295808949784798, 0.12864784051867165], "topic_strength": 10.40346884587551, "top_10_strength": 3.729618683725158, "label": "Instruction & Follow"}, {"topic_id": 3, "top_words": ["agent", "task", "session", "skill", "git", "tool", "change", "make", "mcp", "plan", "commit", "read", "step", "issue", "implementation", "work", "python", "documentation", "workflow", "user"], "weights": [0.6033650716022172, 0.4630149103885818, 0.3581061267692997, 0.35600370183717645, 0.29789486341602367, 0.28706938476409344, 0.2679362430152219, 0.2412591105416953, 0.23743156547946975, 0.23587660643229783, 0.2064986352599236, 0.19236850692612847, 0.17991951040259657, 0.1762930500409426, 0.17555981252299202, 0.17230654493285275, 0.1693449386669221, 0.16477982380643452, 0.15997109205016805, 0.15835721027680144], "topic_strength": 31.497151666481738, "top_10_strength": 3.347957584246077, "label": "Agent & Task"}, {"topic_id": 4, "top_words": ["pnpm", "frontend", "rust", "backend", "supabase", "cargo", "prisma", "dev", "vitest", "workspace", "app", "typescript", "react", "npx", "admin", "database", "router", "tailwind", "migration", "lint"], "weights": [1.209835279749725, 0.330872866865615, 0.3170370548278303, 0.2576721380573166, 0.22785760858664672, 0.2179255131703003, 0.21648581844802897, 0.17642759259705434, 0.17622681377252686, 0.1634636028381002, 0.1473917077166676, 0.1468067430749295, 0.1327379001183173, 0.12318608943305459, 0.12168987108198778, 0.11570051716545066, 0.11472275273161169, 0.10977308634883062, 0.10477233186528301, 0.09834785178178047], "topic_strength": 14.797475744818158, "top_10_strength": 3.293804288913144, "label": "Frontend Development"}]}