{"timestamp": "2026-06-22T03:19:54.390617", "success": true, "message": "Analysis complete with 500 files", "files_collected": 500, "topics_discovered": 5, "topics_data": [{"topic_id": 0, "top_words": ["step", "test", "project", "phase", "task", "issue", "fix", "check", "run", "review", "code", "workflow", "pattern", "output", "section", "example", "read", "plan", "context", "change"], "weights": [0.5449652214713556, 0.4362724390772235, 0.42153105093923937, 0.38190683638009815, 0.3613724425074439, 0.34762005289296305, 0.30149328048583396, 0.2942792414996192, 0.281851624067975, 0.2794848535027798, 0.27281669782272966, 0.2582929283774723, 0.25355596248954476, 0.24894276913996619, 0.23151628603647978, 0.2254814219853655, 0.2233791805358191, 0.22111149477747444, 0.21597070055004486, 0.21535707693708192], "topic_strength": 52.757078997782514, "top_10_strength": 3.6507770428245316, "label": "Project Structure"}, {"topic_id": 1, "top_words": ["und", "oder", "der", "prfen", "art", "mit", "live", "output", "form", "fall", "text", "email", "register", "cause", "person", "fee", "date", "matrix", "scope", "plugins"], "weights": [1.668380948491977, 0.637331969992729, 0.3604498973727598, 0.3490986667610433, 0.13503759019231076, 0.13295555123698186, 0.09079495890440374, 0.03427562448436579, 0.03328831362791611, 0.027773347929056863, 0.02298449420880804, 0.018644584266054882, 0.018367347497092908, 0.016884153138026214, 0.014173295249193791, 0.013288842842686135, 0.013182918017006636, 0.011589305646604578, 0.01135180755240944, 0.011052265442305795], "topic_strength": 3.9270757571825796, "top_10_strength": 3.469386868993544, "label": "Und & Oder"}, {"topic_id": 2, "top_words": ["const", "await", "string", "return", "typescript", "type", "function", "email", "plugin", "data", "async", "api", "export", "import", "error", "div", "var", "query", "button", "post"], "weights": [0.6837168234350349, 0.42804076949391534, 0.34219118875848403, 0.30515208996991633, 0.2468714333964777, 0.2451415545438469, 0.23794589722246698, 0.21604550766927044, 0.21241709245373186, 0.20954958267220772, 0.19462566271965148, 0.19404305478650125, 0.18683391381939052, 0.18579847563275653, 0.17782339817836426, 0.1754607956624348, 0.16615898713829547, 0.16514857084483636, 0.1650496762345247, 0.16047645361530155], "topic_strength": 30.07553587107547, "top_10_strength": 3.127071939615352, "label": "Frontend Development"}, {"topic_id": 3, "top_words": ["agent", "token", "bash", "ngrok", "mcp", "run", "tool", "browser", "remote", "post", "session", "prompt", "json", "local", "instruction", "curl", "openclaw", "server", "install", "tab"], "weights": [1.1024565471686087, 0.30927554949062697, 0.27322414700175934, 0.2690333362733636, 0.23966567841302402, 0.23376611955327284, 0.22051494469059, 0.21081844686095297, 0.21010133604713196, 0.20049091707754996, 0.19126282885406296, 0.19088347705708802, 0.18778902933610864, 0.17127407075241802, 0.16226739165563803, 0.16010569766342936, 0.15872462730535042, 0.15462812300605494, 0.14905136252944254, 0.13790484951859566], "topic_strength": 19.292998535473096, "top_10_strength": 3.2693470225768797, "label": "Agent & Token"}, {"topic_id": 4, "top_words": ["python", "import", "model", "bash", "api", "image", "str", "def", "llm", "quantization", "video", "price", "json", "result", "url", "cli", "output", "install", "input", "bit"], "weights": [1.1236586021756623, 0.4745393095634666, 0.2746636444883916, 0.247411328248822, 0.23415849202727768, 0.22499404654795915, 0.2041374410219402, 0.17335813382024753, 0.170482898826556, 0.1678400199164752, 0.1440842590297068, 0.13832568689812907, 0.13065209932688654, 0.12887562136458094, 0.12328313179133575, 0.12316372222550834, 0.11537449370307534, 0.11153551082278478, 0.11009188193987113, 0.10791732317878965], "topic_strength": 16.32717224027963, "top_10_strength": 3.295243916636798, "label": "Data & APIs"}], "file_type": "skill_md"}