{"timestamp": "2026-03-25T00:52:01.694512", "success": true, "message": "Analysis complete with 500 files", "files_collected": 500, "topics_discovered": 5, "topics_data": [{"topic_id": 0, "top_words": ["const", "error", "return", "string", "function", "user", "query", "component", "pattern", "state", "import", "export", "cargo", "module", "database", "validation", "text", "field", "route", "await"], "weights": [0.4581197692269633, 0.3836526749225147, 0.34567330723228235, 0.3390732812439847, 0.3364019769817446, 0.3109400939707379, 0.29391905254551126, 0.28975710305603325, 0.28035186354918323, 0.2791112385722577, 0.27719938630051677, 0.276962646289282, 0.26386915619021145, 0.2452248006113167, 0.2349167854591042, 0.21471240635758898, 0.21338632978244812, 0.21051776039400244, 0.20448241823851712, 0.20338566062185406], "topic_strength": 54.340687107600374, "top_10_strength": 3.3170003613012136, "label": "Code Guidelines"}, {"topic_id": 1, "top_words": ["npm", "component", "react", "server", "typescript", "dev", "app", "nextjs", "tailwind", "cs", "frontend", "backend", "pnpm", "production", "image", "start", "lint", "prisma", "hook", "router"], "weights": [1.0287548195779956, 0.5007266698734463, 0.36081938088891463, 0.33918120639184673, 0.32438783982234254, 0.3016597805858397, 0.28350067467164275, 0.2825378497731725, 0.27327065083996793, 0.26273430722810165, 0.2608090608352084, 0.2505986964508058, 0.24997072026619796, 0.22904140860182928, 0.2282731255362122, 0.2220224702695765, 0.22150463519099484, 0.2061510817366555, 0.20208676675672563, 0.19736225051328066], "topic_strength": 23.581889196752083, "top_10_strength": 3.95757317965327, "label": "Frontend Development"}, {"topic_id": 2, "top_words": ["python", "model", "install", "pytest", "backend", "frontend", "fastapi", "llm", "pip", "service", "mainpy", "agent", "google", "post", "import", "openai", "venv", "docker", "output", "dependency"], "weights": [1.177142152406991, 0.27395177300693835, 0.27361164526772636, 0.23572895074993508, 0.2215559292059747, 0.2166749422399364, 0.21335214540746514, 0.20121304432179754, 0.19643011306468905, 0.1938715639671868, 0.15846920262755773, 0.1486036923251425, 0.14085704313693914, 0.14039828534885898, 0.1353462706818778, 0.12945509967216226, 0.12781927083393582, 0.12777962392654232, 0.12567512444395398, 0.1247511167210269], "topic_strength": 19.86501155599368, "top_10_strength": 3.2035322596386404, "label": "Python & Model"}, {"topic_id": 3, "top_words": ["task", "agent", "git", "tool", "mcp", "change", "work", "workflow", "context", "plan", "version", "documentation", "commit", "update", "research", "feature", "session", "read", "user", "issue"], "weights": [0.5468086074879883, 0.4052850145232996, 0.3720537373791473, 0.35281561941965955, 0.3349022114970619, 0.3292614176129641, 0.25181269235817577, 0.24274984552700737, 0.23280506217556568, 0.23035159388545162, 0.22717688533193534, 0.22635772098271434, 0.21431738090331964, 0.21024109943814756, 0.20725245335259032, 0.20383909198771774, 0.20085157881315857, 0.19740164450089484, 0.19382451708723317, 0.18818388001868522], "topic_strength": 34.518932125209346, "top_10_strength": 3.2988458018663214, "label": "Task & Agent"}, {"topic_id": 4, "top_words": ["bun", "pnpm", "instead", "validation", "install", "cli", "typescript", "tui", "agent", "template", "field", "script", "runtime", "symbol", "format", "zod", "websocket", "issue", "dont", "html"], "weights": [1.3129442718083473, 0.2748551116806463, 0.18808958903118086, 0.14215744916968187, 0.14118925445042677, 0.13403473772787675, 0.10849640605551567, 0.09944961019793865, 0.09386149217605219, 0.09113295172260798, 0.09015780495163421, 0.08603841992073599, 0.07935132837974462, 0.07840526596056917, 0.07827329561217551, 0.07781354231339037, 0.07778618107034088, 0.07307833669705416, 0.0676869158206978, 0.0661152857994815], "topic_strength": 11.920104574946105, "top_10_strength": 2.5862108740202743, "label": "Frontend Development"}]}