{"timestamp": "2026-07-20T03:36:08.692226", "success": true, "message": "Analysis complete with 500 files", "files_collected": 500, "topics_discovered": 5, "topics_data": [{"topic_id": 0, "top_words": ["agent", "bash", "mcp", "run", "tool", "session", "token", "install", "post", "server", "api", "ngrok", "json", "command", "curl", "prompt", "task", "url", "cli", "remote"], "weights": [1.0212568198338479, 0.5000217032820724, 0.4991458183787722, 0.46407347967985524, 0.3461606424570907, 0.31302003360688807, 0.30091522724936504, 0.27177966254969876, 0.27132784955428363, 0.2613370262036397, 0.2574983896447672, 0.25522694775333415, 0.24955386895380016, 0.22964737071942606, 0.2278569228076588, 0.22167577604234434, 0.21875143207677566, 0.2186816858821618, 0.20432257395029688, 0.2038985696498466], "topic_strength": 30.62413801838468, "top_10_strength": 4.249038262795514, "label": "Agent & Bash"}, {"topic_id": 1, "top_words": ["und", "oder", "die", "eine", "der", "prfen", "mit", "art", "video", "live", "email", "form", "output", "plugins", "matrix", "register", "person", "template", "card", "screenshot"], "weights": [1.6921659216766638, 0.5637135835854159, 0.3981671371724701, 0.3289547340384809, 0.3170829180063794, 0.27325233276861866, 0.20992090002405983, 0.08933895402144632, 0.0665599631485038, 0.049948641223834536, 0.04961969267134345, 0.04521131844757318, 0.031750987880534834, 0.024018392785713997, 0.02305399173593577, 0.018293039538772995, 0.016655267240622718, 0.016281876883412674, 0.013915620100017161, 0.011449653693356267], "topic_strength": 4.498736862572855, "top_10_strength": 3.989105085665874, "label": "Und & Oder"}, {"topic_id": 2, "top_words": ["step", "phase", "task", "plan", "review", "goal", "project", "context", "question", "issue", "change", "test", "workflow", "output", "report", "fix", "check", "research", "requirement", "quality"], "weights": [0.3773055893493864, 0.2828701508126889, 0.27770972564854396, 0.24115456546289776, 0.2378298156351818, 0.2374975582136664, 0.23534978870457582, 0.23415412868548977, 0.22547866244529804, 0.21950948415563995, 0.19345885177789476, 0.19193170085698555, 0.1874199964312309, 0.18724643727976864, 0.1809047930187463, 0.18025261027480338, 0.18025009357091074, 0.17711373261457397, 0.17479813464919594, 0.16823314959624874], "topic_strength": 35.10485532732108, "top_10_strength": 2.568859469113369, "label": "Step & Phase"}, {"topic_id": 3, "top_words": ["python", "import", "str", "model", "bash", "def", "quantization", "class", "int", "api", "parameter", "bit", "json", "pip", "result", "install", "chrome", "return", "pydantic", "llm"], "weights": [1.080885133021597, 0.5871971282670101, 0.33235171267462577, 0.32758561414126014, 0.1912963729949205, 0.1809075208770341, 0.16350490581900118, 0.1457371968615467, 0.13723725542356432, 0.12245534411435698, 0.11974674761811067, 0.11969666296760322, 0.11705187115761378, 0.11649554126953063, 0.10699181326412338, 0.10550420580094587, 0.10085528040345651, 0.09864765174739407, 0.09643755786860524, 0.09315367708276351], "topic_strength": 15.384504347094598, "top_10_strength": 3.2691581841949167, "label": "Python & Import"}, {"topic_id": 4, "top_words": ["image", "const", "page", "component", "cs", "type", "color", "card", "string", "text", "function", "font", "return", "html", "api", "data", "state", "export", "content", "typescript"], "weights": [0.303322210874647, 0.29505499747818, 0.27911630679260013, 0.2600775474538219, 0.22224010361806473, 0.21032829836377448, 0.195223208211502, 0.19433730947584874, 0.18925736420731434, 0.1885314750276612, 0.18047003808428091, 0.1770469765376288, 0.1742938953271979, 0.16867571700675255, 0.16694922413103228, 0.16666262875448007, 0.1655331897550685, 0.161390636212713, 0.15768357364405164, 0.15089257074606358], "topic_strength": 32.09825725394951, "top_10_strength": 2.337488821503414, "label": "Image & Const"}], "file_type": "skill_md"}