{"timestamp": "2026-06-15T04:00:49.931642", "success": true, "message": "Analysis complete with 500 files", "files_collected": 500, "topics_discovered": 5, "topics_data": [{"topic_id": 0, "top_words": ["tool", "change", "type", "import", "command", "python", "user", "model", "project", "return", "build", "new", "error", "make", "function", "task", "api", "bash", "package", "add"], "weights": [0.4835008901829683, 0.3666930454363886, 0.30216843670973936, 0.29824132466743, 0.2970195767295744, 0.2953448196211692, 0.29525565545518306, 0.2931374615783767, 0.2844082686978333, 0.27812542260910045, 0.2754623560725586, 0.2652336595928784, 0.2637019305026966, 0.26288831850308303, 0.26237523704285864, 0.2575825316557569, 0.2504992917642649, 0.23995821217520266, 0.2378458736696545, 0.2356229486401893], "topic_strength": 64.42444123041, "top_10_strength": 3.193894901687763, "label": "Tool & Change"}, {"topic_id": 1, "top_words": ["skill", "plugin", "engineer", "skillmd", "read", "understand", "claude", "developer", "readmemd", "following", "pressure", "project", "context", "markdown", "directory", "access", "install", "space", "scenario", "purpose"], "weights": [1.5538853522121234, 0.3786604125883834, 0.21424812767544288, 0.18973420839589253, 0.1805083638907947, 0.18038677484598098, 0.17749646418839626, 0.1753922694026701, 0.17290697947966285, 0.16283978016688175, 0.1603351979233717, 0.1532756161086612, 0.14584520942784365, 0.13773904951427124, 0.13150998132184893, 0.12997667575354394, 0.12846071281472882, 0.1283064901742894, 0.12338872095600159, 0.12235806690167086], "topic_strength": 15.930319042707405, "top_10_strength": 3.386058732846229, "label": "Skill & Plugin"}, {"topic_id": 2, "top_words": ["training", "nextjs", "breaking", "know", "writing", "apis", "guide", "relevant", "version", "read", "convention", "structure", "data", "change", "changed", "doc", "exact", "package", "behavior", "plugin"], "weights": [0.6408058184518953, 0.6006370525716911, 0.5578328137066066, 0.5346188515765701, 0.5301288490203137, 0.49034100735452696, 0.42814746801856624, 0.42604454976353107, 0.4231818138018686, 0.38716594048609376, 0.35480534850906126, 0.3288377928473663, 0.3258099806603062, 0.30342759347830317, 0.052719725807228335, 0.05192185627953831, 0.04999322335357739, 0.02867766755389861, 0.02332532244161284, 0.021545611445903928], "topic_strength": 8.302135510248535, "top_10_strength": 5.018904164751664, "label": "Training & Nextjs"}, {"topic_id": 3, "top_words": ["pnpm", "cargo", "rust", "frontend", "backend", "check", "type", "workspace", "build", "provider", "dev", "component", "lint", "vite", "app", "commit", "command", "config", "shared", "clippy"], "weights": [1.5487260157546183, 0.48946091574176454, 0.3623808260819749, 0.31270232502430756, 0.25286613930266527, 0.21434741145591432, 0.19691031556940736, 0.1912153132050767, 0.18919107824951242, 0.18294349353621697, 0.17977243467906123, 0.17428219064045253, 0.15685802848082908, 0.15321421734375046, 0.14371842686470968, 0.1318518169027613, 0.13130148976722514, 0.1225827994145762, 0.12009445598681712, 0.11361045706836786], "topic_strength": 16.10122240545833, "top_10_strength": 3.9407438339214584, "label": "Frontend Development"}, {"topic_id": 4, "top_words": ["npm", "build", "bun", "typescript", "frontend", "lint", "component", "dev", "react", "guideline", "api", "app", "import", "eslint", "hook", "install", "bash", "server", "vite", "cs"], "weights": [1.123081841178957, 0.2914064693868492, 0.26967323289480694, 0.24259849478572976, 0.2331512206091485, 0.219844891419802, 0.21917073090145753, 0.20485868257327855, 0.18581678549410122, 0.1630163637451591, 0.1620640277574748, 0.156492960140388, 0.14981955255030316, 0.14256982394393544, 0.13978287554474692, 0.13973662851161256, 0.1334104517209406, 0.1317791971874452, 0.1244527143843446, 0.12365436798832229], "topic_strength": 19.316512929164833, "top_10_strength": 3.15261871298929, "label": "Frontend Development"}], "file_type": "agents_md"}