{"timestamp": "2026-05-09T00:21:52.270943", "success": true, "message": "Analysis complete with 500 files", "files_collected": 500, "topics_discovered": 5, "topics_data": [{"topic_id": 0, "top_words": ["page", "content", "component", "bun", "theme", "cs", "state", "color", "react", "site", "layout", "game", "text", "static", "tailwind", "asset", "data", "plugin", "card", "section"], "weights": [0.7198783817994328, 0.5150248052416179, 0.458781652116673, 0.3036438419638012, 0.2974657637520596, 0.2893890885236823, 0.256305737789163, 0.2415680578959868, 0.23421430300183382, 0.23394422207409077, 0.22512933364751134, 0.2192487487953609, 0.20905813043768506, 0.19971180365821328, 0.19327633272734696, 0.19134966231640815, 0.19083926628981268, 0.1869104281627529, 0.18538247819988032, 0.1825469777810329], "topic_strength": 38.15892532616849, "top_10_strength": 3.5502158541583415, "label": "Page & Content"}, {"topic_id": 1, "top_words": ["npm", "typescript", "dev", "server", "eslint", "frontend", "lint", "backend", "component", "tailwind", "react", "production", "prisma", "vitest", "development", "type", "cs", "nextjs", "npx", "client"], "weights": [1.454236856457353, 0.4813150566000119, 0.2955810772476428, 0.24535345218797763, 0.23916783753053095, 0.23298917169487768, 0.22448309464717997, 0.21594263077953488, 0.21500796877637496, 0.2072928541495802, 0.18691508248541217, 0.17829069522742436, 0.1782286669782073, 0.17609992867257648, 0.158840563295683, 0.15856176816965575, 0.15805654965238353, 0.15642722976590712, 0.13811521834748122, 0.1320996057742034], "topic_strength": 18.540786537755842, "top_10_strength": 3.8113700000710637, "label": "Frontend Development"}, {"topic_id": 2, "top_words": ["pnpm", "prisma", "database", "backend", "router", "nextjs", "component", "react", "dev", "package", "typescript", "frontend", "import", "migration", "route", "schema", "supabase", "client", "agentsmd", "lint"], "weights": [1.4596089114428374, 0.2850317002384889, 0.20961896787794068, 0.2088480239815474, 0.18736933714838125, 0.17481544562417026, 0.16753711648555716, 0.16275109283195893, 0.1585842130490957, 0.15459387551846948, 0.15087455132956856, 0.14888750683774923, 0.14592545526946388, 0.14366433267476222, 0.14361199554062312, 0.14229696345553905, 0.1415106341288826, 0.12304312003491442, 0.11689766294519437, 0.11622216169848366], "topic_strength": 12.76632949210489, "top_10_strength": 3.168758684198447, "label": "Frontend Development"}, {"topic_id": 3, "top_words": ["task", "change", "agent", "rule", "git", "commit", "session", "work", "plan", "skill", "read", "documentation", "workflow", "feature", "doc", "requirement", "memory", "user", "follow", "new"], "weights": [0.5791465594088149, 0.4764499254019552, 0.47501614885656945, 0.42760928781590146, 0.3760647696656828, 0.3677273101824593, 0.3502463206360538, 0.3374165652055172, 0.3060452114193242, 0.30580489409558315, 0.2859600923591688, 0.27853762141586563, 0.2759476616051089, 0.27274272473054223, 0.2626508733576058, 0.26059268446538125, 0.24927867400534598, 0.24580954815525544, 0.24126926015668537, 0.23947561760191843], "topic_strength": 45.49435304177055, "top_10_strength": 4.001526992687862, "label": "Task & Change"}, {"topic_id": 4, "top_words": ["python", "model", "server", "service", "llm", "backend", "pytest", "frontend", "docker", "mcp", "port", "install", "data", "tool", "environment", "json", "configuration", "env", "endpoint", "config"], "weights": [0.6187638276943489, 0.38390232164519844, 0.2895768558447163, 0.2882987924218915, 0.2703022312679729, 0.24525530865808576, 0.2417577195622451, 0.23279673282221253, 0.22676816751622053, 0.21769621520172572, 0.2123791943648076, 0.2036480361652505, 0.19937266618095206, 0.19794062942611895, 0.19227696339719028, 0.1864297529081801, 0.18117485255847568, 0.17700187574521922, 0.17284344853795933, 0.17140988010065775], "topic_strength": 39.038593974482495, "top_10_strength": 3.015118172634618, "label": "Python & Model"}]}