{"timestamp": "2026-06-12T03:24:29.776277", "success": true, "message": "Analysis complete with 500 files", "files_collected": 500, "topics_discovered": 5, "topics_data": [{"topic_id": 0, "top_words": ["change", "git", "line", "new", "user", "module", "pattern", "commit", "rule", "add", "version", "phase", "update", "fix", "release", "make", "check", "note", "write", "source"], "weights": [0.46802556978166493, 0.3589321518839831, 0.29997768538529074, 0.2997897053210767, 0.29440985074027454, 0.2925915084150294, 0.29149182045728234, 0.28995157870435645, 0.28901765023644516, 0.28794309632716936, 0.2856513291175638, 0.2842084760276102, 0.2503836609066389, 0.24672598097266982, 0.2436533295956988, 0.23755332278096322, 0.2363584648784908, 0.22846182851838545, 0.22067386309985784, 0.22062117695405917], "topic_strength": 56.39986646935868, "top_10_strength": 3.1721306172525723, "label": "User Interface"}, {"topic_id": 1, "top_words": ["npm", "component", "typescript", "api", "pnpm", "frontend", "server", "react", "service", "database", "cs", "backend", "app", "route", "client", "page", "data", "dev", "type", "nextjs"], "weights": [0.6314497821744418, 0.49247994142993057, 0.3702759528493238, 0.32880587660565963, 0.32561126351187936, 0.29192132364121337, 0.2909640008404584, 0.27238376392118085, 0.2668223938556279, 0.2487711695210198, 0.24174987297560346, 0.23855530249463966, 0.23497932346129613, 0.232418246077472, 0.23203483578625025, 0.2268335755902128, 0.2156202774968413, 0.21376503391909735, 0.21203919228840196, 0.20355127407170956], "topic_strength": 33.72481923469458, "top_10_strength": 3.519485468350736, "label": "Frontend Development"}, {"topic_id": 2, "top_words": ["python", "ratio", "tool", "json", "budget", "skill", "format", "analysis", "automation", "pytest", "usage", "purpose", "data", "flow", "model", "def", "feature", "total", "actual", "import"], "weights": [1.0488029164391925, 0.5389199870447768, 0.41874309869413734, 0.26395120345549583, 0.255599950950851, 0.23181643436777685, 0.2158449810744069, 0.2124848014693536, 0.21203206479707518, 0.1793822603302705, 0.17676291601137348, 0.16047780507420611, 0.1545401340362228, 0.15038440250820576, 0.14487960375131717, 0.12700246138511656, 0.12244734428735286, 0.12105958432551236, 0.11791893669214769, 0.1145433694034941], "topic_strength": 15.128534177061832, "top_10_strength": 3.5775776986233363, "label": "Python & Ratio"}, {"topic_id": 3, "top_words": ["skill", "para", "por", "que", "del", "repo", "plugin", "mcp", "tenant", "reference", "title", "review", "description", "language", "frontmatter", "workflow", "category", "bun", "tech", "cli"], "weights": [1.148955554577658, 0.6103514511077595, 0.3576478793427587, 0.27935267346671205, 0.24424506257762252, 0.23148305229478117, 0.19694927400579343, 0.14686594889764473, 0.12228543868471232, 0.11919310486681481, 0.11499355104913252, 0.1149486964933096, 0.11330946627637686, 0.11150384428657802, 0.1114534569574835, 0.10635225593799337, 0.09332981009324934, 0.09153999049550608, 0.09110398981314077, 0.09008805615296887], "topic_strength": 14.48875730525873, "top_10_strength": 3.4573294398222574, "label": "Skill & Para"}, {"topic_id": 4, "top_words": ["agent", "tool", "context", "task", "plan", "agentsmd", "memory", "shell", "prompt", "mcp", "issue", "read", "user", "information", "technology", "session", "additional", "end", "start", "llm"], "weights": [0.9527895259151962, 0.4838700500726151, 0.38632695688941404, 0.31853266306804146, 0.22808947016164344, 0.20564354744607136, 0.20166524472657552, 0.2013589461184194, 0.19178478827027381, 0.18953458283590519, 0.18899250111195706, 0.18536461392186637, 0.18536048366229327, 0.18267884346373234, 0.17303643683708259, 0.16894218875061853, 0.16858262769072774, 0.1633757151964582, 0.16318632645745157, 0.15920659994564376], "topic_strength": 19.905901410046006, "top_10_strength": 3.3595957755041557, "label": "Agent & Tool"}], "file_type": "claude_md"}