{"timestamp": "2026-04-15T00:35:45.191285", "success": true, "message": "Analysis complete with 500 files", "files_collected": 500, "topics_discovered": 5, "topics_data": [{"topic_id": 0, "top_words": ["task", "agent", "skill", "rule", "change", "tool", "fix", "git", "review", "plan", "instruction", "workflow", "work", "read", "step", "session", "user", "commit", "context", "feature"], "weights": [0.6636552229382844, 0.6549854260786467, 0.4176165174492291, 0.3876584425391802, 0.38450404169570895, 0.3791195054168263, 0.35166997947796963, 0.3500457856155945, 0.31920016063305634, 0.3104668597379775, 0.2998812474065834, 0.29620996477351325, 0.28859849205981336, 0.2866864681762982, 0.2759801404031818, 0.25896027619541684, 0.25804230685495827, 0.24195923327020308, 0.2414370307884694, 0.23798997155503895], "topic_strength": 42.88286625720306, "top_10_strength": 4.218921941582473, "label": "Task & Agent"}, {"topic_id": 1, "top_words": ["npm", "component", "pnpm", "typescript", "react", "import", "nextjs", "const", "type", "cs", "server", "dev", "tailwind", "backend", "api", "hook", "route", "lint", "package", "frontend"], "weights": [0.7114262495398485, 0.5608509927826187, 0.4894295463604862, 0.4647911902181318, 0.45167435304511827, 0.2647288721294268, 0.22516455579049058, 0.22501075999492026, 0.20791554224542771, 0.20464832782934972, 0.20253224415278973, 0.19771592102392357, 0.18975713873273742, 0.18962740405102596, 0.18691490147554535, 0.18082159026838704, 0.176485052799029, 0.174309974051537, 0.16674891576029074, 0.1649212148313874], "topic_strength": 21.428917157496375, "top_10_strength": 3.805640389935818, "label": "Frontend Development"}, {"topic_id": 2, "top_words": ["page", "content", "cs", "github", "game", "card", "site", "animation", "theme", "layout", "static", "section", "color", "blog", "indexhtml", "image", "website", "tag", "text", "font"], "weights": [0.632760620850375, 0.3724176728379213, 0.3208885676206486, 0.29374380931058397, 0.29239334513144644, 0.286560700647189, 0.28130517184327686, 0.2600289410394322, 0.24159043472712086, 0.2232994583708372, 0.22082416296831642, 0.21821737054625778, 0.21787209067996083, 0.20481182955212626, 0.19369036277448223, 0.1891110843939672, 0.18766813691003864, 0.17849046249383363, 0.17713778198045685, 0.17144841864188343], "topic_strength": 26.965249472371603, "top_10_strength": 3.204988722378831, "label": "Page & Content"}, {"topic_id": 3, "top_words": ["php", "emitter", "event", "tracker", "subject", "laravel", "new", "payload", "artisan", "pest", "pattern", "array", "namespace", "type", "class", "configuration", "user", "structure", "context", "strategy"], "weights": [0.7768754842497682, 0.5488583734502132, 0.41526603431472214, 0.3147732593900573, 0.30470078506095205, 0.25040051628969245, 0.2193755489712472, 0.18208544136566193, 0.1788100561544757, 0.1376773168563716, 0.12629662775456707, 0.11108108770352576, 0.09772077366866223, 0.09692439237086921, 0.0952862742353013, 0.0945250612816621, 0.0942833324836872, 0.09304049906686335, 0.09020376616526411, 0.087607489049695], "topic_strength": 12.288741272719568, "top_10_strength": 3.328822816103161, "label": "Php & Emitter"}, {"topic_id": 4, "top_words": ["python", "api", "docker", "model", "service", "bash", "configuration", "cargo", "database", "module", "backend", "config", "error", "function", "default", "pytest", "endpoint", "cli", "script", "type"], "weights": [0.512134023221541, 0.3678319624483733, 0.32473073313573775, 0.2813112426978154, 0.27396061119464626, 0.2535950503958079, 0.19820208735549721, 0.18511900467912204, 0.18290177843814034, 0.1745394409381687, 0.1744871821677389, 0.16687967915248525, 0.16638190860087845, 0.16511097795699453, 0.16396720548044108, 0.161547876888519, 0.16003574064340945, 0.1570133451744439, 0.15634552011259298, 0.15100498870451148], "topic_strength": 38.99658418470786, "top_10_strength": 2.75432593450485, "label": "Backend Services"}]}