{"timestamp": "2026-06-22T03:16:42.597351", "success": true, "message": "Analysis complete with 500 files", "files_collected": 500, "topics_discovered": 5, "topics_data": [{"topic_id": 0, "top_words": ["build", "doc", "project", "prefer", "command", "issue", "commit", "behavior", "git", "module", "cargo", "update", "repository", "documentation", "package", "unless", "make", "dependency", "new", "check"], "weights": [0.4190757590274079, 0.3706886203597239, 0.36971329557602134, 0.33424698744702075, 0.308514184581128, 0.3048886686316662, 0.2959476936873345, 0.2948533040734234, 0.28820437845411, 0.28592124036760735, 0.2826632362784265, 0.2791212982811881, 0.268388546013773, 0.26755916686523123, 0.26285760153558246, 0.2577590729358232, 0.2508876029978296, 0.2502302925081, 0.24396929007725804, 0.24317966410864536], "topic_strength": 52.024607878537324, "top_10_strength": 3.2720541322054437, "label": "Project Structure"}, {"topic_id": 1, "top_words": ["npm", "typescript", "frontend", "build", "bash", "backend", "lint", "dev", "pnpm", "react", "component", "api", "server", "vite", "vitest", "app", "type", "npx", "eslint", "typecheck"], "weights": [1.4330484673373793, 0.2905352867516023, 0.2631878274603423, 0.2605223415476785, 0.23196658391825561, 0.2212691113686714, 0.21994212695621693, 0.21960812524475729, 0.19410894005931573, 0.18610529872011392, 0.18171847211389586, 0.16859568836360517, 0.16566185319972213, 0.16154054028315085, 0.15122400019416887, 0.14402568160270274, 0.1429409484577949, 0.14145719639129473, 0.13829092100565588, 0.13583117061319866], "topic_strength": 17.45160784660461, "top_10_strength": 3.520294109364333, "label": "Frontend Development"}, {"topic_id": 2, "top_words": ["nextjs", "training", "writing", "breaking", "know", "apis", "guide", "read", "relevant", "version", "convention", "data", "structure", "doc", "exact", "changed", "primary", "unity", "server", "python"], "weights": [0.6709675285781019, 0.6495136967083256, 0.5989899650742034, 0.5421781931898255, 0.5333273460143589, 0.49111030619190676, 0.46830248281847536, 0.43895432169124066, 0.4223412987405202, 0.40910181372817755, 0.37007871932659014, 0.3432739287238567, 0.34142890997402, 0.06957883618733213, 0.061623818289110455, 0.060449792903418655, 0.037897950575870844, 0.026154856504235265, 0.020043762877686, 0.019811945646889925], "topic_strength": 8.170837823061872, "top_10_strength": 5.224786952735137, "label": "Nextjs & Training"}, {"topic_id": 3, "top_words": ["skill", "skillmd", "directory", "pressure", "markdown", "scenario", "para", "reference", "frontmatter", "del", "script", "tdd", "memory", "contains", "claude", "que", "npx", "bash", "description", "instruction"], "weights": [1.491247802737899, 0.2621147695531592, 0.23095496567147553, 0.20121822572849474, 0.1756388297266103, 0.13913972285424347, 0.13141768553757982, 0.11400350579140693, 0.11316435841168349, 0.11304152489511413, 0.10893607332557723, 0.10820700397312354, 0.10255744037444921, 0.09644759029985436, 0.09010626603676472, 0.08987959465105166, 0.08784490693762857, 0.08744294783103444, 0.08609268801796394, 0.08516757344758777], "topic_strength": 14.668785629604674, "top_10_strength": 2.9719413909076664, "label": "File Management"}, {"topic_id": 4, "top_words": ["tool", "mcp", "model", "return", "python", "import", "llm", "server", "class", "schema", "prompt", "api", "result", "string", "const", "json", "error", "str", "data", "event"], "weights": [0.7601127783063019, 0.3918408347494048, 0.365242193346227, 0.3115367252761948, 0.28605306471054065, 0.2805478218488508, 0.2566909790903781, 0.23259522896508486, 0.19345503415888962, 0.18113544540627097, 0.18034469490603713, 0.1799602315812294, 0.17853777071789748, 0.17370820129328032, 0.17156518837385853, 0.17122324060609984, 0.17043322199518848, 0.1679912593986, 0.16524594415543023, 0.15780353771846087], "topic_strength": 36.68556902135819, "top_10_strength": 3.2592101058581435, "label": "Tool & Mcp"}], "file_type": "agents_md"}