{"timestamp": "2026-05-03T00:55:32.967457", "success": true, "message": "Analysis complete with 500 files", "files_collected": 500, "topics_discovered": 5, "topics_data": [{"topic_id": 0, "top_words": ["component", "page", "state", "data", "service", "module", "pattern", "game", "type", "function", "error", "site", "content", "string", "cs", "return", "custom", "player", "post", "card"], "weights": [0.3723856887561652, 0.35775660508823104, 0.3374766991184065, 0.3172359198198908, 0.28754242966836574, 0.26752760629599426, 0.2671034909956612, 0.25036141904665354, 0.24549697553048838, 0.24343486571883455, 0.24238975913273428, 0.2408344915602205, 0.23299163573453124, 0.22697393225350607, 0.22615444380887934, 0.2181267948648189, 0.21639133681835238, 0.20511975582432138, 0.19199420218239566, 0.19178868153604853], "topic_strength": 53.539570525226225, "top_10_strength": 2.946321700038691, "label": "Data & APIs"}, {"topic_id": 1, "top_words": ["npm", "backend", "pnpm", "frontend", "api", "typescript", "react", "dev", "docker", "nextjs", "component", "server", "app", "database", "port", "lint", "supabase", "auth", "development", "postgresql"], "weights": [0.8695702167787546, 0.44348258916174865, 0.4320194362321879, 0.38679752283303126, 0.36306853192846533, 0.34771612210293806, 0.28344230530044284, 0.2757457660830078, 0.2524334005588646, 0.23975674182016474, 0.23916045887162585, 0.22861966305143086, 0.22664628367532266, 0.20705022485615157, 0.2029404104806996, 0.18613564872190191, 0.1828740945476714, 0.18100938417258494, 0.17687963277427363, 0.16875345192513], "topic_strength": 21.899600950069136, "top_10_strength": 3.8940326327996058, "label": "Frontend Development"}, {"topic_id": 2, "top_words": ["python", "pytest", "node", "ruff", "model", "method", "package", "check", "str", "import", "agent", "tool", "class", "return", "formatting", "repository", "linting", "added", "async", "type"], "weights": [1.12639136924218, 0.3787034273603787, 0.36633838900444227, 0.19970651237753467, 0.18554564142444388, 0.1718073333956786, 0.16991275548397428, 0.16434139041489668, 0.15869228823442952, 0.15321994260363037, 0.14678314591851938, 0.13747420956906858, 0.12928584044492203, 0.12089581713129771, 0.11995048024273045, 0.11860885837977056, 0.11461476792780101, 0.10997220723812583, 0.10922931017697426, 0.10823739239418458], "topic_strength": 15.85591060625402, "top_10_strength": 3.0746590495415886, "label": "Python & Pytest"}, {"topic_id": 3, "top_words": ["depends", "failed", "design", "domain", "implementation", "tracking", "architecture", "failure", "requirement", "develop", "acceptance", "platform", "archive", "approach", "critical", "data", "record", "fails", "core", "current"], "weights": [0.5377152166537487, 0.3987178657019423, 0.36808576951360533, 0.31682890266100533, 0.29070378106396283, 0.2830326670050704, 0.24756595985419297, 0.2404445869890981, 0.22374930375650565, 0.21620098293875445, 0.2160211155565754, 0.20254681292521687, 0.1851868819567577, 0.18250644083856415, 0.1783868134859892, 0.17378248684176195, 0.17240118830694082, 0.17007450950283665, 0.15950691552901605, 0.15664858577016588], "topic_strength": 15.879218511393862, "top_10_strength": 3.123045036137886, "label": "Depends & Failed"}, {"topic_id": 4, "top_words": ["agent", "task", "session", "change", "commit", "plan", "skill", "git", "read", "fix", "work", "context", "review", "tool", "feature", "rule", "user", "instruction", "check", "add"], "weights": [0.47011649864553, 0.4316243310217232, 0.3824531810790308, 0.37491775666825566, 0.3513414697554503, 0.32564411983969455, 0.31053801276356113, 0.3007951509257185, 0.2775470407287079, 0.2676362194737211, 0.2613496725116889, 0.24899365897310785, 0.22885648236931025, 0.2167122968314992, 0.21626738235855403, 0.21037610812044413, 0.20633787052221317, 0.20102431784035502, 0.19270474422886896, 0.1836350535443051], "topic_strength": 34.597018372633826, "top_10_strength": 3.492613780901393, "label": "Agent & Task"}]}