{"timestamp": "2026-02-24T03:55:49.661313", "success": true, "message": "Analysis complete with 500 files", "files_collected": 500, "topics_discovered": 5, "topics_data": [{"topic_id": 0, "top_words": ["agent", "python", "tool", "mcp", "task", "model", "script", "directory", "configuration", "server", "cli", "llm", "output", "repository", "prompt", "pytest", "install", "url", "result", "config"], "weights": [1.0576626081902116, 0.9895801152096667, 0.538269634136369, 0.43634996568763157, 0.36425288759270036, 0.26962844466526864, 0.2251321681181479, 0.22231574507208274, 0.21514574029268665, 0.21056584528190309, 0.20619935275747034, 0.1986942532416732, 0.19666796115462618, 0.1944502360099632, 0.17855419010686852, 0.17551780654928137, 0.16676874533088687, 0.1655602867846125, 0.16149189946723674, 0.14969925869450745], "topic_strength": 30.810436303964654, "top_10_strength": 4.528903154246668, "label": "Agent & Python"}, {"topic_id": 1, "top_words": ["npm", "typescript", "const", "react", "component", "type", "server", "client", "frontend", "database", "backend", "import", "error", "lint", "dev", "string", "route", "start", "app", "supabase"], "weights": [1.0803798477864814, 0.44795547408735753, 0.35255839931038274, 0.3212048978348025, 0.3043423050376159, 0.28334601940481147, 0.26913233043508333, 0.2598472585040749, 0.2498060804924534, 0.24896349388401615, 0.23119713426828334, 0.2298296691480557, 0.20529044271376198, 0.2027562775933236, 0.19202712925880075, 0.19116589360866287, 0.1894575514049714, 0.18616351608247475, 0.17703293894419653, 0.17180988239993392], "topic_strength": 25.026328651341007, "top_10_strength": 3.8175361067770788, "label": "Frontend Development"}, {"topic_id": 2, "top_words": ["change", "update", "user", "check", "game", "state", "feature", "new", "phase", "strategy", "validation", "event", "add", "error", "logic", "work", "rule", "plan", "read", "implementation"], "weights": [0.35036879219943484, 0.3207182869812049, 0.31823034604729217, 0.31604989649190907, 0.3046609020789474, 0.2925447987060978, 0.2858332167296878, 0.2835532444666404, 0.2814197447828147, 0.2642912765763468, 0.26035818914495484, 0.25469351466938783, 0.24244373891927623, 0.2414350503730165, 0.2393203457696836, 0.23816231066283708, 0.23297679104036545, 0.2325811101467957, 0.23139622378223357, 0.22681353729906423], "topic_strength": 53.15388874608085, "top_10_strength": 3.0176705050603756, "label": "User Interface"}, {"topic_id": 3, "top_words": ["bun", "react", "component", "web", "package", "type", "testing", "node", "schema", "benchmark", "typescript", "mdx", "hook", "typecheck", "instead", "linting", "prisma", "native", "lint", "state"], "weights": [1.626515878592596, 0.15031735979664754, 0.14362961736588864, 0.13850811200788216, 0.09426765861810549, 0.09237411025449725, 0.08797566690186649, 0.08779658845004319, 0.08699911232317172, 0.07887681861012885, 0.07813296504316142, 0.0777965659521785, 0.07698685283103722, 0.0734644931185687, 0.0710650761312945, 0.07061757035924822, 0.06832322624861864, 0.06604828808972557, 0.06558197850979136, 0.06507565280588425], "topic_strength": 10.670229686996912, "top_10_strength": 2.5872609229208265, "label": "Frontend Development"}, {"topic_id": 4, "top_words": ["pnpm", "component", "page", "blog", "content", "image", "cs", "theme", "color", "post", "link", "site", "nextjs", "tailwind", "custom", "static", "font", "mdx", "layout", "tag"], "weights": [0.4932821697783862, 0.47513418649352246, 0.42270889117245813, 0.345388710129075, 0.3396985142379464, 0.3297849429610618, 0.31727712048877843, 0.29545266826881544, 0.2887188472290637, 0.24907054006891147, 0.21510726753702233, 0.21221491098700043, 0.20785585744575788, 0.20076662813013235, 0.19873129249876403, 0.189467135228424, 0.18587241677194571, 0.18114434664100149, 0.17946430288595783, 0.17571397780866332], "topic_strength": 25.085757342493025, "top_10_strength": 3.5565165908280187, "label": "Frontend Development"}]}