{"timestamp": "2026-06-21T03:09:09.392799", "success": true, "message": "Analysis complete with 500 files", "files_collected": 500, "topics_discovered": 5, "topics_data": [{"topic_id": 0, "top_words": ["step", "project", "phase", "test", "issue", "task", "code", "review", "fix", "pattern", "check", "design", "workflow", "section", "read", "question", "document", "run", "change", "output"], "weights": [0.4525228348818503, 0.4479498145593704, 0.40554787352374166, 0.4035710378090062, 0.3588449372837891, 0.2931219121682862, 0.2920420651711135, 0.2862731853038231, 0.2794928263654873, 0.26440099991961513, 0.25137361115549667, 0.24566387779927978, 0.24287196224044125, 0.23400576116321326, 0.22117654029991005, 0.21913288586302476, 0.21616560301447185, 0.21557405921935488, 0.2139537709700079, 0.2131268372714943], "topic_strength": 52.791931767295935, "top_10_strength": 3.483767486986083, "label": "Project Structure"}, {"topic_id": 1, "top_words": ["und", "oder", "der", "prfen", "keine", "welche", "die", "ist", "nicht", "bei", "art", "mit", "live", "output", "form", "text", "store", "register", "claudemd", "app"], "weights": [1.6859574407971487, 0.6409020389398641, 0.42691626821863127, 0.31678422961768776, 0.2863909794427869, 0.2666366171310547, 0.263954285138836, 0.21004178640335347, 0.19550625076236608, 0.1814201704966288, 0.1591817934834277, 0.14492359420276588, 0.08112976643523025, 0.039385558656194045, 0.03080504089478208, 0.028527304819957026, 0.028035954107532415, 0.02384423727663485, 0.020843112352593424, 0.020276499523617042], "topic_strength": 5.367324615920426, "top_10_strength": 4.4745100669483575, "label": "Und & Oder"}, {"topic_id": 2, "top_words": ["const", "string", "await", "return", "type", "api", "function", "typescript", "data", "plugin", "div", "async", "error", "import", "email", "var", "export", "query", "json", "text"], "weights": [0.5762591981179479, 0.42566164307692944, 0.38745451786337354, 0.3190575571675953, 0.2830037250006186, 0.24186540439661022, 0.22850500881126243, 0.2221862309620141, 0.2153132040735575, 0.2141668050434014, 0.20520321280218476, 0.20005810531031037, 0.1972060997229532, 0.19072745268201768, 0.18033898746501198, 0.17582340736042448, 0.17490522141195802, 0.17276585361096292, 0.1682459173325301, 0.16235032833830326], "topic_strength": 32.46965018830542, "top_10_strength": 3.113473294513311, "label": "Const & String"}, {"topic_id": 3, "top_words": ["agent", "bash", "ngrok", "run", "token", "mcp", "prompt", "tool", "remote", "browser", "instruction", "step", "post", "session", "server", "local", "json", "curl", "openclaw", "install"], "weights": [1.1240680363799003, 0.3090812449037283, 0.2637693262632238, 0.2629075235129995, 0.2401759480937402, 0.23923740729369056, 0.2067554007951574, 0.20655826870820757, 0.19981558612705033, 0.19963070991423368, 0.18246634793789848, 0.18025492209979835, 0.18005830506668047, 0.176638200370773, 0.168119613836901, 0.1652970939398563, 0.16147401461131466, 0.15365353847645347, 0.15261711756294463, 0.13835082626605247], "topic_strength": 19.206195923963744, "top_10_strength": 3.2519994519919315, "label": "Agent & Bash"}, {"topic_id": 4, "top_words": ["python", "import", "bash", "model", "image", "str", "api", "llm", "quantization", "def", "install", "env", "cli", "price", "output", "chrome", "input", "video", "bit", "json"], "weights": [1.2243659494558126, 0.45010676684453704, 0.3123214061628249, 0.3122349808906361, 0.2459390429574299, 0.19755454934213235, 0.18283779137385658, 0.17221296653505797, 0.1678773025973381, 0.16524739134596758, 0.14417688241194707, 0.14047854439970162, 0.14018706168673925, 0.12505572453052452, 0.12482109614889313, 0.11620403543380488, 0.11114378866128678, 0.11103367948287511, 0.11032769121177528, 0.10850529940842492], "topic_strength": 16.341555591013982, "top_10_strength": 3.430698147505593, "label": "Python & Import"}], "file_type": "skill_md"}