{"timestamp": "2026-03-28T00:14:50.312754", "success": true, "message": "Analysis complete with 500 files", "files_collected": 500, "topics_discovered": 5, "topics_data": [{"topic_id": 0, "top_words": ["agent", "user", "task", "change", "plan", "read", "rule", "work", "tool", "step", "commit", "instruction", "review", "session", "new", "git", "mcp", "fix", "context", "skill"], "weights": [0.4635178714626026, 0.4615368051422325, 0.44802950875138453, 0.3712331673420834, 0.3663504970005224, 0.3632079412417912, 0.3523247655363746, 0.32445026016861056, 0.3028148351781573, 0.29025974335308036, 0.28592503421460114, 0.28568101256356193, 0.27784616734359946, 0.27447671379449406, 0.26787914409751623, 0.25920043759793554, 0.2534944456047571, 0.24844815030314268, 0.24346197969885347, 0.23821906334508547], "topic_strength": 48.66622046547752, "top_10_strength": 3.743725395176839, "label": "User Interface"}, {"topic_id": 1, "top_words": ["npm", "component", "page", "react", "typescript", "cs", "content", "image", "type", "server", "state", "tailwind", "dev", "hook", "production", "import", "frontend", "theme", "const", "animation"], "weights": [0.8643322269161333, 0.4872859736010407, 0.39433439979784757, 0.38521395816725346, 0.36283884078044504, 0.26919398969719255, 0.2571613704261234, 0.23049017682689021, 0.22113362821555718, 0.2073071159776969, 0.20108211272205923, 0.19677609763910592, 0.1955130016305112, 0.19342684143028574, 0.18554754069188922, 0.18539341523804118, 0.18480977375680782, 0.17146454392643531, 0.17040552978978535, 0.1700452523910177], "topic_strength": 32.35125703179514, "top_10_strength": 3.679291680406181, "label": "Frontend Development"}, {"topic_id": 2, "top_words": ["agentsmd", "skill", "para", "instruction", "training", "llm", "contains", "npx", "feature", "framework", "review", "truth", "override", "installation", "claim", "including", "session", "memory", "start", "policy"], "weights": [1.7830828924454962, 0.09507485402917067, 0.0816877543113666, 0.051497839962821076, 0.04383387570371649, 0.04324989897500033, 0.043012053389240745, 0.04062177630279657, 0.03861262597269619, 0.037337960767450454, 0.036423315090824485, 0.03593813818849091, 0.03584732864723529, 0.035171167895920605, 0.033421994566565534, 0.02956859073159762, 0.02863742525854575, 0.028557918685886224, 0.028469040564373677, 0.02840533098264366], "topic_strength": 4.036701145803658, "top_10_strength": 2.258011531859755, "label": "Agentsmd & Skill"}, {"topic_id": 3, "top_words": ["python", "model", "cargo", "docker", "pytest", "script", "error", "import", "module", "pipeline", "config", "llm", "install", "token", "json", "default", "configuration", "path", "ruff", "output"], "weights": [1.035456081009182, 0.4281943274000898, 0.2794164802621801, 0.27055527740213864, 0.2602194224923382, 0.22939763232031582, 0.22099890636682018, 0.21535493776800954, 0.20875846812380044, 0.20488173734148965, 0.20084518768973963, 0.1999725215663092, 0.19776646394489886, 0.1947512049271827, 0.18658940195804838, 0.1852705468469727, 0.18015797149404333, 0.18003994649109079, 0.1789137888242019, 0.17845080785841314], "topic_strength": 40.57407104098411, "top_10_strength": 3.353233270486364, "label": "Python & Model"}, {"topic_id": 4, "top_words": ["pnpm", "database", "schema", "route", "mcp", "prisma", "backend", "supabase", "app", "frontend", "dev", "auth", "server", "migration", "router", "cloudflare", "admin", "type", "typescript", "orm"], "weights": [1.1966669690346223, 0.2659304307798785, 0.22747936981410885, 0.2160841944084511, 0.1804576933105123, 0.18037012379505926, 0.16647323010288043, 0.16306676598626854, 0.15998466672475872, 0.15678420073073385, 0.1501100437182548, 0.14805567466025935, 0.14719437153762382, 0.14253123976414578, 0.14128585872355803, 0.1396214986455056, 0.13598511648564773, 0.13094485451592752, 0.12966400211118104, 0.12058032034137045], "topic_strength": 17.736340625293153, "top_10_strength": 2.913297644687274, "label": "Frontend Development"}]}