{"timestamp": "2026-05-18T01:00:52.671573", "success": true, "message": "Analysis complete with 500 files", "files_collected": 500, "topics_discovered": 5, "topics_data": [{"topic_id": 0, "top_words": ["data", "python", "model", "error", "module", "service", "pattern", "configuration", "function", "type", "return", "user", "dependency", "image", "script", "post", "new", "class", "content", "import"], "weights": [0.4816706904841736, 0.46150590893307253, 0.339397230483858, 0.3099504447687837, 0.3040781288264916, 0.2934657659343003, 0.2756438106209379, 0.2671325241844114, 0.2570556045594071, 0.24312530263155918, 0.24241696160822315, 0.23667777888317906, 0.22932634615851588, 0.22062752527448423, 0.2205097509640915, 0.22021238169155144, 0.21938258256423063, 0.21711963139021234, 0.21590238097122702, 0.2088742177784298], "topic_strength": 62.178690308667996, "top_10_strength": 3.233025411426995, "label": "Data & APIs"}, {"topic_id": 1, "top_words": ["npm", "react", "component", "typescript", "backend", "frontend", "nextjs", "supabase", "app", "cs", "dev", "page", "server", "hook", "tailwind", "route", "router", "vite", "production", "development"], "weights": [0.9477308799579428, 0.5801421015342683, 0.5085521641887315, 0.36299346833281004, 0.295148725189931, 0.27443308491002727, 0.27054487086389856, 0.24724511188934073, 0.24632643811374813, 0.24338557363068988, 0.2410658320666335, 0.23289804255843416, 0.2158010674072389, 0.2126587852170637, 0.2055205524297897, 0.20269446512790748, 0.19653012920221896, 0.18549768014608933, 0.17493494153751887, 0.16912587505024498], "topic_strength": 24.07280608570708, "top_10_strength": 3.976502418611388, "label": "Frontend Development"}, {"topic_id": 2, "top_words": ["pnpm", "bun", "package", "vue", "component", "typescript", "export", "manager", "monorepo", "prisma", "filter", "dev", "theme", "lint", "import", "vitest", "eslint", "server", "tailwind", "markdown"], "weights": [1.5109352798938824, 0.48050363248095784, 0.35166800324309294, 0.2716523159398089, 0.24554518044997053, 0.164129674084296, 0.1568350991414147, 0.1466626753625333, 0.1440659169571757, 0.12582677277640564, 0.12544316778685977, 0.12447102771379855, 0.1216690222883477, 0.11627653563535759, 0.11377078252470257, 0.11262262914495079, 0.10754197269665922, 0.10121975854055917, 0.1009205860996208, 0.09922916659255454], "topic_strength": 13.798537070176277, "top_10_strength": 3.597824550329538, "label": "Frontend Development"}, {"topic_id": 3, "top_words": ["git", "commit", "change", "push", "feature", "cargo", "branch", "fix", "workflow", "issue", "work", "main", "version", "release", "commits", "make", "rust", "rule", "add", "repo"], "weights": [0.771902548431757, 0.4599885444252348, 0.4096722044581912, 0.32906920703579245, 0.30256881488710896, 0.27679422269325304, 0.2513285493602841, 0.24325470326851933, 0.23472005393758757, 0.23326149093442833, 0.22691559718195398, 0.22104179984170616, 0.19875860329321304, 0.18890844830499612, 0.18547456116237204, 0.17631415724589308, 0.17233223990890967, 0.1716804919789237, 0.16873769889196405, 0.16016057230835162], "topic_strength": 23.00028816297407, "top_10_strength": 3.5125603394321563, "label": "Git & Commit"}, {"topic_id": 4, "top_words": ["agent", "skill", "mcp", "read", "phase", "task", "session", "context", "instruction", "memory", "plan", "user", "tool", "llm", "prompt", "rule", "hook", "spec", "research", "model"], "weights": [1.0042870221489741, 0.6255970841730746, 0.3086952269164253, 0.29653366849965573, 0.27915730541421935, 0.2708397653600174, 0.2086458823144336, 0.2057109730370947, 0.18029251685032988, 0.1788494339300538, 0.17872160627493472, 0.17550971149657524, 0.17404488941473883, 0.15651976055741623, 0.15103162875538836, 0.15066455517833618, 0.14154981951202558, 0.1388764580927448, 0.12501342408112603, 0.12329965291955872], "topic_strength": 21.280479497126308, "top_10_strength": 3.558608878644278, "label": "Agent & Skill"}]}