{"timestamp": "2026-05-23T03:45:48.017051", "success": true, "message": "Analysis complete with 500 files", "files_collected": 500, "topics_discovered": 5, "topics_data": [{"topic_id": 0, "top_words": ["npm", "component", "react", "api", "typescript", "server", "frontend", "app", "dev", "route", "backend", "supabase", "client", "development", "nextjs", "cs", "production", "state", "data", "hook"], "weights": [1.0727741373112007, 0.5834330840264635, 0.4984568386385018, 0.4970727302160571, 0.40377654484390946, 0.4028297718030907, 0.3291492699614138, 0.32506748057815216, 0.30198633379961937, 0.28238655618565345, 0.28152956751366137, 0.2676335311241752, 0.2573222764285032, 0.2531708630344253, 0.2502852941490535, 0.23863799219131424, 0.2297725859903414, 0.22682331814265563, 0.22303494760301504, 0.21756310371127582], "topic_strength": 39.02161615369728, "top_10_strength": 4.6969327473640625, "label": "Frontend Development"}, {"topic_id": 1, "top_words": ["python", "agent", "session", "change", "task", "skill", "read", "git", "rule", "tool", "user", "check", "work", "step", "make", "memory", "context", "commit", "model", "mcp"], "weights": [0.41067513881532897, 0.36205471424079977, 0.34337531638315133, 0.33239278259651533, 0.3182987564764542, 0.2929816196248789, 0.28885752938847153, 0.2875211662264695, 0.2536019317321752, 0.25354285101812224, 0.24966318826821024, 0.23974464488684732, 0.23921303922122752, 0.23875843559640209, 0.23372911506597702, 0.2331432904021923, 0.22373709543274303, 0.22334334300486372, 0.2209857976769235, 0.21515514779858863], "topic_strength": 54.354127014585586, "top_10_strength": 3.143301806502367, "label": "Python & Agent"}, {"topic_id": 2, "top_words": ["agentsmd", "important", "technology", "shell", "additional", "end", "information", "plan", "read", "used", "current", "context", "start", "structure", "follow", "hook", "agent", "rule", "memory", "adr"], "weights": [1.6819021074915839, 0.25835574789191323, 0.21074284985453953, 0.20177369902421058, 0.19933808939400224, 0.19356761524904506, 0.1859488196957888, 0.17906178716901727, 0.15771939515424754, 0.14238047198635842, 0.13950114075879835, 0.13301565007458252, 0.11159904591653415, 0.10616088389871964, 0.08050329819034716, 0.06858013643340001, 0.06289220869972122, 0.06074845461491092, 0.05328754005559651, 0.0498886818015433], "topic_strength": 5.261886776571512, "top_10_strength": 3.4107905829107072, "label": "Agentsmd & Important"}, {"topic_id": 3, "top_words": ["image", "page", "pdf", "chat", "content", "upload", "document", "text", "section", "number", "limit", "size", "animation", "article", "html", "theme", "click", "type", "font", "button"], "weights": [0.5981283163802602, 0.43402776161223094, 0.4134901302308049, 0.31877579578810267, 0.31142180824219556, 0.2999488672417297, 0.2940789745150612, 0.2919790233204762, 0.2709452027835793, 0.2122953502313217, 0.1990026006157746, 0.1810982507821704, 0.1458130459139616, 0.1447124417112255, 0.13728354144464153, 0.1328952712046892, 0.1293090463047704, 0.12736677454968257, 0.12370671231087788, 0.12206102202237105], "topic_strength": 19.051794143338128, "top_10_strength": 3.445091230345763, "label": "Image & Page"}, {"topic_id": 4, "top_words": ["pnpm", "component", "vitest", "package", "lint", "rust", "vue", "tauri", "dev", "react", "server", "route", "eslint", "cs", "app", "tailwind", "type", "typescript", "style", "prettier"], "weights": [1.2780902290084393, 0.22399646297302392, 0.15437658086518966, 0.13633812750864316, 0.13256631580242184, 0.12734554121128266, 0.1219295901905628, 0.11153959738986895, 0.11142193252014758, 0.10801402471347815, 0.0964486094517898, 0.09580878775716282, 0.09520360400049599, 0.09211397927268701, 0.08980608498302105, 0.08653810629264871, 0.08487189937605095, 0.08393191798652863, 0.07892141648994869, 0.07719070708968609], "topic_strength": 13.09491456911072, "top_10_strength": 2.5056184021830576, "label": "Frontend Development"}], "file_type": "claude_md"}