{"timestamp": "2026-04-09T00:09:16.136360", "success": true, "message": "Analysis complete with 500 files", "files_collected": 500, "topics_discovered": 5, "topics_data": [{"topic_id": 0, "top_words": ["api", "error", "database", "service", "const", "user", "return", "function", "server", "route", "import", "query", "pattern", "http", "backend", "state", "app", "endpoint", "model", "authentication"], "weights": [0.5523360103365255, 0.4305219109937619, 0.39088521556776656, 0.38544381586383086, 0.38319738873437187, 0.3450089940894234, 0.30775563860891014, 0.3049312879793465, 0.28992122644744245, 0.2552621133334985, 0.2512016309004916, 0.2481397061461425, 0.23759946581763364, 0.23628780025060647, 0.23193426290016514, 0.2295937696560808, 0.2250525548468061, 0.21982820282498416, 0.2198236263968028, 0.21218471182768542], "topic_strength": 47.659378595959325, "top_10_strength": 3.6452636019548774, "label": "Backend Services"}, {"topic_id": 1, "top_words": ["npm", "component", "typescript", "react", "cs", "pnpm", "page", "dev", "development", "tailwind", "site", "lint", "hook", "eslint", "theme", "app", "server", "main", "production", "nextjs"], "weights": [1.032261823610769, 0.6401450423238563, 0.3764618582395091, 0.3567114690895218, 0.34533650208053357, 0.31051088793355824, 0.29179398685055197, 0.21406132925165847, 0.2060432576251087, 0.18192918088876042, 0.17902546359849122, 0.1785733790346994, 0.17208686538506768, 0.17144505247217717, 0.1655971313081865, 0.16456038776980036, 0.15515014255624152, 0.15080794197824335, 0.14897283476561948, 0.1476028549136313], "topic_strength": 23.307297791667693, "top_10_strength": 3.9552553378938278, "label": "Frontend Development"}, {"topic_id": 2, "top_words": ["git", "change", "skill", "task", "commit", "session", "work", "read", "fix", "rule", "doc", "workflow", "tool", "plan", "new", "instruction", "dont", "add", "step", "user"], "weights": [0.39194435399129546, 0.35256107209100296, 0.3219260180132764, 0.3003819394108284, 0.23403981269077942, 0.22824268948738993, 0.21512351269429167, 0.2136897941814359, 0.20980927153404286, 0.20016425523283385, 0.19346484623997304, 0.19294792074918388, 0.18997874483149713, 0.1875133922777743, 0.18569957295996958, 0.18027149841281917, 0.17498178179885143, 0.17116257751871936, 0.1638848222567191, 0.16364168358014708], "topic_strength": 31.996491526341373, "top_10_strength": 2.667882719327177, "label": "Git & Change"}, {"topic_id": 3, "top_words": ["mvn", "spring", "java", "agent", "event", "package", "module", "integration", "streaming", "coverage", "core", "clean", "interface", "plugin", "gradlew", "communication", "tool", "implementation", "unit", "dependency"], "weights": [0.7657318672724407, 0.4711483859125725, 0.47035117139113247, 0.47014471333410823, 0.3793056779799888, 0.3197054808741389, 0.3196851499769174, 0.30952448733475535, 0.28684103699109575, 0.21428559987896337, 0.17353128575284088, 0.1680476784593796, 0.16692382698293676, 0.16472701596979097, 0.16090872674069287, 0.16037798102003972, 0.15486615091049438, 0.15407340876551068, 0.1528582747893669, 0.1472456535822374], "topic_strength": 15.214162239045791, "top_10_strength": 4.0067235709461135, "label": "Mvn & Spring"}, {"topic_id": 4, "top_words": ["python", "llm", "pytest", "agent", "ruff", "install", "pip", "import", "environment", "venv", "script", "model", "notebook", "make", "openai", "task", "setup", "running", "format", "output"], "weights": [1.1380598906334418, 0.36561280303218013, 0.3636798683486823, 0.25202158895895715, 0.2330764567538801, 0.19409471350657662, 0.17091614471915065, 0.16445445966331293, 0.1609190740254002, 0.16077874387919724, 0.15797475883022014, 0.15712927629186646, 0.14252739007261428, 0.14148253658518758, 0.1325386479087402, 0.1286759070340003, 0.12162262737133547, 0.11973070386141985, 0.11878866629008153, 0.11023285098904437], "topic_strength": 19.96093890604952, "top_10_strength": 3.2036137435207794, "label": "Python & Llm"}]}