{"timestamp": "2026-05-29T03:54:20.088171", "success": true, "message": "Analysis complete with 500 files", "files_collected": 500, "topics_discovered": 5, "topics_data": [{"topic_id": 0, "top_words": ["import", "tool", "python", "type", "model", "api", "return", "data", "error", "service", "function", "state", "user", "string", "class", "component", "server", "key", "const", "client"], "weights": [0.5377833590341465, 0.47093648673316874, 0.4336723890133589, 0.4074424409378148, 0.34494635521101086, 0.33666254874316154, 0.3063804510804903, 0.304813592571267, 0.29431347500514793, 0.2849447452608376, 0.2743600553227008, 0.2574875637174258, 0.2515774550234323, 0.2442596284130314, 0.2422645092065647, 0.23410182733270044, 0.23338631065908974, 0.22656909632204728, 0.22616597764706017, 0.22101301323517367], "topic_strength": 52.87263104938377, "top_10_strength": 3.7218958435904037, "label": "Import & Tool"}, {"topic_id": 1, "top_words": ["pnpm", "dev", "component", "package", "typescript", "react", "vitest", "lint", "server", "api", "typecheck", "filter", "cloudflare", "vue", "app", "worker", "exec", "vite", "check", "page"], "weights": [1.6556013062627297, 0.20990506566252365, 0.198083824023028, 0.15811834362593458, 0.1556715796616987, 0.15480277827107983, 0.14284385311301043, 0.14054673555547942, 0.1207370032655159, 0.11837355785059718, 0.11431056627639154, 0.11391407475127241, 0.11278578060171433, 0.11117541315978996, 0.10854288407076533, 0.10800324103483515, 0.10726945560030482, 0.09981774561539547, 0.09942395912307132, 0.09245340650489622], "topic_strength": 13.173284816978823, "top_10_strength": 3.0546840472915973, "label": "Frontend Development"}, {"topic_id": 2, "top_words": ["change", "git", "task", "commit", "make", "command", "doc", "workflow", "guideline", "work", "rule", "instruction", "check", "module", "add", "update", "bash", "behavior", "prefer", "documentation"], "weights": [0.5740109554235104, 0.4640702911174248, 0.4164210992601482, 0.3874865637533008, 0.3634803376797876, 0.3356155360565418, 0.28705726608935134, 0.28188186489053274, 0.27913144429212244, 0.2740877301235209, 0.2521685357137495, 0.2405777638217247, 0.23711305444077638, 0.23372740735432287, 0.2301117795504607, 0.22419122964760094, 0.22354470045107927, 0.221276470466076, 0.22081442803138088, 0.21984312178561738], "topic_strength": 49.14287071345517, "top_10_strength": 3.6632430886862415, "label": "Change & Git"}, {"topic_id": 3, "top_words": ["npm", "lint", "install", "react", "dev", "backend", "component", "typescript", "vite", "playwright", "frontend", "api", "doc", "cs", "command", "vitest", "bash", "guideline", "style", "tailwind"], "weights": [1.2809653112950625, 0.23136687674753642, 0.22933117179755488, 0.22752668727052022, 0.2153717299554549, 0.20602207701523662, 0.17102614680627812, 0.16597494076187938, 0.16559217276512112, 0.15962364346922794, 0.15870122083656266, 0.1492496912655416, 0.13818628606336275, 0.13462369969050103, 0.13202827836161876, 0.1316253471541345, 0.1267865950715921, 0.12406184991739505, 0.12203009120133469, 0.12114024224393279], "topic_strength": 15.765742850585347, "top_10_strength": 3.052800757883872, "label": "Frontend Development"}, {"topic_id": 4, "top_words": ["skill", "pressure", "scenario", "tdd", "markdown", "instruction", "green", "workflow", "reference", "write", "rule", "directory", "red", "team", "doc", "tool", "testing", "create", "work", "phase"], "weights": [1.5563898298490944, 0.3435721125087425, 0.2719654493819328, 0.25064072210764643, 0.17940163878913856, 0.1584306433957359, 0.14751838843606757, 0.14567064946593894, 0.1291362204265274, 0.1287538060625517, 0.12436559333718696, 0.12416682774606641, 0.11931654397865475, 0.11411168553940687, 0.10954210349771087, 0.1093493265104166, 0.1031958087519151, 0.09939361448320345, 0.09801617713515796, 0.09716658491777483], "topic_strength": 15.284065704279651, "top_10_strength": 3.3114794604233753, "label": "Skill & Pressure"}], "file_type": "agents_md"}