{"timestamp": "2026-06-24T03:35:51.976496", "success": true, "message": "Analysis complete with 500 files", "files_collected": 500, "topics_discovered": 5, "topics_data": [{"topic_id": 0, "top_words": ["change", "task", "user", "rule", "git", "plan", "phase", "read", "context", "new", "commit", "work", "issue", "session", "dont", "tool", "write", "add", "step", "make"], "weights": [0.4245737236336827, 0.3993814883945218, 0.3956529497468419, 0.36577742556995757, 0.3457552036899464, 0.3340396790467005, 0.32912307076148967, 0.30879800167393767, 0.28450388689109823, 0.28073022231146977, 0.2774040563904458, 0.27271284428111603, 0.2633535775143345, 0.2557177463098028, 0.2520028654789587, 0.24854653232341772, 0.2343468189564933, 0.22501115397287605, 0.2212484484282479, 0.2212258939013917], "topic_strength": 54.82102802164928, "top_10_strength": 3.4683356517196464, "label": "User Interface"}, {"topic_id": 1, "top_words": ["npm", "api", "frontend", "backend", "docker", "server", "service", "auth", "token", "database", "dev", "route", "migration", "client", "endpoint", "postgresql", "port", "model", "jwt", "production"], "weights": [0.684364072179247, 0.474220099324059, 0.4483816429056216, 0.3541325346415574, 0.31041978203314136, 0.24239171203621346, 0.22977262660682818, 0.21780612068898272, 0.21577422989229003, 0.2146265684281503, 0.20335009447527058, 0.1995542007635084, 0.19405017468741204, 0.19118211261377724, 0.17826998556993018, 0.1687769000146671, 0.1668031828345022, 0.1553560138734555, 0.15195633641498982, 0.1515744544390947], "topic_strength": 27.43953485069524, "top_10_strength": 3.3918893887360912, "label": "Frontend Development"}, {"topic_id": 2, "top_words": ["python", "tool", "ratio", "analysis", "data", "json", "model", "pytest", "format", "output", "api", "install", "budget", "automation", "usage", "mainpy", "flow", "import", "parameter", "llm"], "weights": [1.170245574907776, 0.3707573496429571, 0.36664937954564236, 0.23837813454932136, 0.22867804503264252, 0.22418713796326972, 0.21641354497254744, 0.19400145023785406, 0.19296755853159933, 0.18550902308044623, 0.17124218250910753, 0.16740642420866023, 0.1651128506077564, 0.153264047601715, 0.14412072875510482, 0.13746506668169756, 0.1291011374555651, 0.12065425226364933, 0.11826266864378793, 0.11786998934186584], "topic_strength": 18.954590357158498, "top_10_strength": 3.387787198464056, "label": "Data & APIs"}, {"topic_id": 3, "top_words": ["skill", "agent", "skillmd", "hook", "mcp", "tool", "plugin", "frontmatter", "documentation", "repository", "description", "workflow", "guidance", "repo", "instruction", "markdown", "convention", "provides", "cli", "issue"], "weights": [1.158336262463213, 0.7572608723102815, 0.2009101091301368, 0.1883792560810879, 0.18057403492891913, 0.1791372613768901, 0.17881653190915908, 0.16309068356142958, 0.1605485663695823, 0.15708543554711887, 0.15416678449354917, 0.14634226595440064, 0.1368504881715623, 0.13000642737944385, 0.12277808475091669, 0.121159941745553, 0.11651987031064634, 0.11525525612877083, 0.11163161447273737, 0.1017051870265037], "topic_strength": 14.538797039742764, "top_10_strength": 3.3241390136778186, "label": "Skill & Agent"}, {"topic_id": 4, "top_words": ["pnpm", "component", "page", "cs", "typescript", "bun", "content", "app", "import", "tailwind", "nextjs", "react", "server", "supabase", "color", "form", "utility", "const", "card", "type"], "weights": [0.5525062652987002, 0.522486396385037, 0.4375960742991456, 0.36914793094208204, 0.2967337129302219, 0.2860970195814418, 0.2748747477240498, 0.2637120684377625, 0.2459233114111495, 0.22510449474173105, 0.21487034808576447, 0.21248011296177982, 0.21233413957590522, 0.21214221122101454, 0.21166714147285504, 0.1867940316077232, 0.18455409955777166, 0.18207495891100678, 0.1737068900585526, 0.16736419005022943], "topic_strength": 31.833013782908324, "top_10_strength": 3.474182021751321, "label": "Frontend Development"}], "file_type": "claude_md"}