{"timestamp": "2026-05-22T03:39:07.709233", "success": true, "message": "Analysis complete with 107 files", "files_collected": 107, "topics_discovered": 5, "topics_data": [{"topic_id": 0, "top_words": ["make", "python", "npm", "type", "bash", "class", "error", "import", "module", "integration", "api", "example", "running", "server", "method", "coverage", "function", "style", "main", "implementation"], "weights": [0.5713040690785424, 0.41391177883252017, 0.4004600954053907, 0.32377827006676, 0.31527155117833117, 0.297030760077197, 0.26199602236927266, 0.2489478911078203, 0.2441723250731304, 0.23100329745069964, 0.21361462313075824, 0.20353712218490314, 0.19810721702968226, 0.19809563307304132, 0.18911405499928408, 0.18413237260309198, 0.18350579661187447, 0.17708271085858354, 0.17530548351618344, 0.1709265190745455], "topic_strength": 36.71390717120701, "top_10_strength": 3.307876060639664, "label": "Frontend Development"}, {"topic_id": 1, "top_words": ["pnpm", "package", "dev", "type", "workspace", "biome", "vitest", "monorepo", "app", "lint", "state", "install", "typescript", "component", "esm", "return", "export", "filter", "eslint", "page"], "weights": [1.1848995149627766, 0.375070382912532, 0.14824305392586704, 0.14729975384668062, 0.14074903079972037, 0.13862292359506095, 0.12357845204009824, 0.12278228140157874, 0.12262186732311532, 0.10909590663332265, 0.10444183430182662, 0.10274136060683252, 0.10222665103166625, 0.09483063786938029, 0.09159950501826825, 0.08947407331420153, 0.08544277740057397, 0.08451935495559947, 0.08448065712627238, 0.0840054613246928], "topic_strength": 14.431487615201124, "top_10_strength": 2.6129631674407525, "label": "Frontend Development"}, {"topic_id": 2, "top_words": ["yarn", "react", "store", "component", "package", "backend", "state", "lint", "frontend", "service", "persistence", "jest", "api", "cs", "prettier", "typescript", "javascript", "release", "server", "architecture"], "weights": [1.1844698280763253, 0.21437035847754565, 0.19459518306211201, 0.18738168583249704, 0.17433994460831057, 0.15589514577424338, 0.15470689589584752, 0.15255501773493152, 0.1504093561662412, 0.148987838340732, 0.14621253376185878, 0.12625589365089585, 0.12612706204599083, 0.11604892406839178, 0.10939129116202896, 0.09891354211802811, 0.09878943870582947, 0.09044528455438323, 0.08919532090651625, 0.08883723635041606], "topic_strength": 12.072364007898356, "top_10_strength": 2.717711253968786, "label": "Frontend Development"}, {"topic_id": 3, "top_words": ["cargo", "rust", "fmt", "feature", "target", "workspace", "bash", "clippy", "window", "warning", "event", "verification", "macos", "following", "work", "expected", "python", "modifying", "output", "path"], "weights": [0.9020207899597187, 0.4880124554972354, 0.19029003874023478, 0.15687851122792593, 0.14901857701057292, 0.14790708863733987, 0.13906128671679116, 0.1329521821418533, 0.12520450074051143, 0.12076154490508478, 0.11600420336696585, 0.11454579748419945, 0.11150882555746668, 0.10843932506035152, 0.09787870563719335, 0.0960366918368842, 0.09527006524374039, 0.08680880451589235, 0.08607401227759401, 0.08146136985101565], "topic_strength": 11.986392989517551, "top_10_strength": 2.552106975577268, "label": "Cargo & Rust"}, {"topic_id": 4, "top_words": ["release", "user", "git", "directory", "unless", "read", "explicitly", "markdown", "instruction", "repository", "subdirectory", "site", "create", "prefer", "dotnet", "rule", "note", "ask", "template", "content"], "weights": [0.254767022226287, 0.24968185799166726, 0.24377965740289131, 0.24304838548695934, 0.2331360327159895, 0.22942512286279593, 0.20167372500156092, 0.18887000976572613, 0.18802059693798406, 0.18577037962914866, 0.1776939306199152, 0.17557731454132033, 0.17203823074375055, 0.169464923582137, 0.1684220851154404, 0.15126145534436802, 0.1484167508658294, 0.14678290487541462, 0.1453507434384968, 0.1415448148462294], "topic_strength": 29.548412761432935, "top_10_strength": 2.2181727900210104, "label": "File Management"}], "file_type": "agents_md"}