{"timestamp": "2026-03-05T00:22:43.196986", "success": true, "message": "Analysis complete with 500 files", "files_collected": 500, "topics_discovered": 5, "topics_data": [{"topic_id": 0, "top_words": ["task", "agent", "user", "error", "documentation", "change", "tool", "update", "phase", "context", "work", "session", "mcp", "new", "add", "pattern", "workflow", "validation", "create", "read"], "weights": [0.4520224161863619, 0.4270161750686127, 0.38403346814834494, 0.3140408556506635, 0.30071067158108844, 0.2998784391573244, 0.29540152585716634, 0.27776242966750747, 0.27686613935382454, 0.2754346369983385, 0.27306963371796217, 0.2730149054583764, 0.2670077388644639, 0.2570234572285346, 0.2515171408643782, 0.2509781070817045, 0.24664033673967004, 0.24611943842967768, 0.23725783860796024, 0.23356250805002926], "topic_strength": 62.497996965826346, "top_10_strength": 3.3031667576692323, "label": "User Interface"}, {"topic_id": 1, "top_words": ["npm", "component", "react", "typescript", "cs", "page", "tailwind", "production", "theme", "server", "state", "dev", "start", "preview", "frontend", "app", "custom", "post", "nextjs", "vite"], "weights": [0.9199656329382214, 0.6768566680004104, 0.35129702055561113, 0.3338593370705472, 0.3269804685982662, 0.3213068730777048, 0.27894020853969603, 0.2594863283824334, 0.24294848340123468, 0.23608628776768525, 0.22233879623909167, 0.21627292735581813, 0.20823053101633557, 0.2046386447978866, 0.20173514104765844, 0.2005069095391492, 0.19328636626223075, 0.18915984187826332, 0.18794309463506287, 0.18177048759201356], "topic_strength": 30.881118494109323, "top_10_strength": 3.947727308331811, "label": "Frontend Development"}, {"topic_id": 2, "top_words": ["bun", "typescript", "mcp", "service", "database", "react", "lint", "server", "import", "route", "state", "hook", "schema", "tool", "instead", "function", "format", "configuration", "testing", "linting"], "weights": [1.5007259862895168, 0.15020958773329207, 0.1210398185963134, 0.11197012918649742, 0.1071868882770343, 0.1066074428584402, 0.09943172524801537, 0.09917023869373191, 0.08402970561016353, 0.08253943818465374, 0.0781199741102873, 0.07742259611554021, 0.07688336430490031, 0.07473063830440348, 0.07417309841886846, 0.07266574206567576, 0.07249691694558554, 0.07143655568051478, 0.07016143267725813, 0.06997186660159739], "topic_strength": 11.651692537043814, "top_10_strength": 2.4629109606776582, "label": "Frontend Development"}, {"topic_id": 3, "top_words": ["python", "pytest", "model", "install", "mainpy", "fastapi", "pip", "import", "llm", "backend", "def", "environment", "script", "env", "post", "frontend", "base", "dependency", "openai", "image"], "weights": [1.3241527995708104, 0.3793343787938776, 0.21649987286457836, 0.19171459027243676, 0.18535854928574358, 0.173971672126307, 0.13734503754313027, 0.13420898270274761, 0.13036165439510233, 0.12879318794848588, 0.12276255644799214, 0.12104705418046886, 0.11865612914452218, 0.11779435161560377, 0.11436066423746558, 0.1139786349088456, 0.11392188022128046, 0.11305304111032506, 0.11045373500091499, 0.10764227388450677], "topic_strength": 18.847604815812165, "top_10_strength": 3.00174072550322, "label": "Python & Pytest"}, {"topic_id": 4, "top_words": ["pnpm", "typescript", "package", "react", "nextjs", "prisma", "lint", "component", "strict", "workspace", "cloudflare", "dev", "import", "backend", "worker", "app", "tailwind", "zod", "src", "true"], "weights": [1.5565122788034353, 0.2825535334586712, 0.26664062534061794, 0.18538627881083086, 0.15942383045956018, 0.14800507295091073, 0.14447430576220202, 0.13963773135794402, 0.13120096212627935, 0.12797021419157908, 0.12642105997011485, 0.12435004579496166, 0.11945466717226892, 0.11868745358345453, 0.11756464326140662, 0.11317203444389808, 0.10955017749812952, 0.10363172115927319, 0.10358577791510885, 0.10324322721745166], "topic_strength": 14.031919684313198, "top_10_strength": 3.14180483326203, "label": "Frontend Development"}]}