{"timestamp": "2026-07-14T03:08:11.632393", "success": true, "message": "Analysis complete with 500 files", "files_collected": 500, "topics_discovered": 5, "topics_data": [{"topic_id": 0, "top_words": ["change", "plan", "task", "user", "phase", "rule", "dont", "commit", "work", "new", "read", "add", "git", "step", "spec", "fix", "review", "ask", "existing", "issue"], "weights": [0.49408584862376476, 0.4020693923849643, 0.3880106337706213, 0.3787132829054081, 0.3780445012423175, 0.3435899874845235, 0.31307885625171983, 0.30202707008974855, 0.2717471743994745, 0.2605529882184715, 0.2570973689694219, 0.2464166005327069, 0.23535090109939988, 0.2238664630803096, 0.21745703434981264, 0.2159365277384984, 0.21537145617042677, 0.2139599573276137, 0.20462784698937195, 0.1995784255073034], "topic_strength": 48.98546772958477, "top_10_strength": 3.5319197353710137, "label": "User Interface"}, {"topic_id": 1, "top_words": ["agentsmd", "read", "instruction", "claudemd", "follow", "repo", "require", "agent", "contract", "truth", "spec", "source", "primary", "doc", "rule", "context", "live", "nested", "adapter", "workflow"], "weights": [1.8790672417564838, 0.19271270123769962, 0.15064417335999405, 0.12170813154822524, 0.10778217562406095, 0.0908195969080195, 0.08391234998819877, 0.08018362787125713, 0.057752621977059417, 0.05138437556960957, 0.05106926720353157, 0.04590798766611412, 0.045050123765445614, 0.04242503312682151, 0.041894999232672384, 0.04047038638505392, 0.039389476711230685, 0.03805783628127029, 0.037155401612058, 0.036713714265887466], "topic_strength": 4.696220935287735, "top_10_strength": 2.815966995840608, "label": "Agentsmd & Read"}, {"topic_id": 2, "top_words": ["npm", "component", "api", "typescript", "pnpm", "react", "server", "frontend", "route", "type", "page", "app", "cs", "dev", "client", "database", "nextjs", "backend", "development", "token"], "weights": [0.7250553606277093, 0.47396140569297884, 0.34938469806196143, 0.31521350212173194, 0.2965048986193969, 0.2767528633236032, 0.2683435166234213, 0.267816351769501, 0.22405277954638225, 0.22339876711775183, 0.21413813509373153, 0.20741376195011377, 0.2027780938683914, 0.19097349707248534, 0.1891497713609906, 0.18325869591600003, 0.18193797879497883, 0.17549233302825878, 0.16952462654697475, 0.1687550925449831], "topic_strength": 32.3387174397315, "top_10_strength": 3.4204841435044377, "label": "Frontend Development"}, {"topic_id": 3, "top_words": ["make", "python", "benchmark", "pytest", "cargo", "docker", "bash", "config", "command", "model", "install", "version", "package", "ruff", "cli", "container", "flag", "testing", "format", "workspace"], "weights": [0.5643278413613191, 0.4607501927925059, 0.32337286726120085, 0.27875618310154643, 0.2663118191258817, 0.2521250418338821, 0.2449005139321829, 0.2177657236617102, 0.2160425465478743, 0.21014820370577045, 0.20120377424777672, 0.19923231560332014, 0.1819307582363154, 0.18042549995617657, 0.17925219606251233, 0.17775612398780538, 0.17045307476969568, 0.1605195099280931, 0.16039073464289502, 0.15729222986120328], "topic_strength": 28.613289275503696, "top_10_strength": 3.0345009333238737, "label": "Make & Python"}, {"topic_id": 4, "top_words": ["skill", "agent", "tool", "mcp", "prompt", "issue", "llm", "api", "bash", "context", "token", "model", "que", "cli", "para", "memory", "harness", "github", "description", "anthropic"], "weights": [0.9418312038007699, 0.5668610010308154, 0.2960087142041515, 0.26676386844315625, 0.19525529008409806, 0.190186133880154, 0.1827152730311226, 0.18037846961143475, 0.14748160138985544, 0.14682634727752947, 0.14457493095051518, 0.13505549314056584, 0.13478469245341473, 0.13070300109919375, 0.13014871833040462, 0.1297206626179337, 0.12878196171578604, 0.10810035659507683, 0.10595718923839842, 0.10168341426154956], "topic_strength": 16.526626790421908, "top_10_strength": 3.1143079027530867, "label": "Skill & Agent"}], "file_type": "claude_md"}