{"timestamp": "2026-07-03T03:32:21.533471", "success": true, "message": "Analysis complete with 200 files", "files_collected": 200, "topics_discovered": 5, "topics_data": [{"topic_id": 0, "top_words": ["agent", "run", "review", "code", "fix", "pattern", "task", "test", "workflow", "check", "session", "read", "change", "command", "context", "build", "memory", "script", "report", "feature"], "weights": [0.5822202803112481, 0.4279877130546588, 0.3252201343086764, 0.319701979361297, 0.31164138995599067, 0.2775736641522827, 0.272634151316604, 0.27133866594648187, 0.23114174621369246, 0.22353898977095005, 0.21405456516213892, 0.20180746324474597, 0.1954617903250342, 0.19249512367187915, 0.18054387771163308, 0.17691956672173026, 0.17672182305113618, 0.17342251638865927, 0.16905870541668325, 0.1684223395921593], "topic_strength": 42.70870082552418, "top_10_strength": 3.2429987143918826, "label": "Code Guidelines"}, {"topic_id": 1, "top_words": ["methodology", "method", "result", "problem", "appropriate", "assumption", "validation", "domain", "practice", "documentation", "theoretical", "literature", "established", "technique", "expertise", "understanding", "best", "complexity", "application", "input"], "weights": [0.41788332916441573, 0.38760876389768245, 0.3756445053316781, 0.3536631337862754, 0.3493206598454702, 0.2757191319062359, 0.27531752367508733, 0.24891616961084595, 0.24419494162597513, 0.2297222492786723, 0.22820160930352446, 0.22378995280780628, 0.22095852560190063, 0.21165381281879236, 0.21032031798073958, 0.20787801244953152, 0.2060323571688031, 0.2055968879026772, 0.2017616141987958, 0.20116313841358646], "topic_strength": 16.619803574597306, "top_10_strength": 3.157990408122338, "label": "Methodology & Method"}, {"topic_id": 2, "top_words": ["python", "bash", "chrome", "publish", "claude", "json", "login", "source", "anthropic", "cli", "api", "llm", "image", "mode", "openclaw", "linux", "day", "keyword", "digest", "mcp"], "weights": [1.2938680835076504, 0.38123378219402587, 0.2530740283252225, 0.17122748349455255, 0.14889249561194218, 0.13971995451625677, 0.13966606688564176, 0.13325491073417264, 0.10611786315597911, 0.09165825001684298, 0.09079240047142408, 0.09075828208064331, 0.08921262689279626, 0.08608223146162026, 0.08313730457425798, 0.08033757668920813, 0.07828665603522159, 0.07735096556630709, 0.07702698340327609, 0.07336658016384415], "topic_strength": 8.45430606318418, "top_10_strength": 2.858712918442286, "label": "AI Assistant Configuration"}, {"topic_id": 3, "top_words": ["step", "like", "agentic", "specific", "stage", "comment", "websearch", "persona", "chart", "crypto", "knowledge", "token", "html", "question", "sec", "track", "dont", "example", "thing", "phase"], "weights": [1.1521180963284168, 0.16758699420109682, 0.15959201243681578, 0.1548120207165163, 0.14828730350002747, 0.12681735026338326, 0.12309310300754664, 0.12234295810775449, 0.1216928073461412, 0.11650475106899554, 0.11502657820347995, 0.11134025524113327, 0.10820773332168235, 0.10786425359826815, 0.09940747135918865, 0.09645101760599127, 0.09293409669212672, 0.0907148792689074, 0.08767497005103864, 0.08603534251607195], "topic_strength": 12.72531124254522, "top_10_strength": 2.3928473969766944, "label": "Step & Like"}, {"topic_id": 4, "top_words": ["image", "string", "bash", "json", "await", "url", "post", "text", "run", "page", "node", "return", "echo", "type", "var", "event", "api", "command", "import", "const"], "weights": [0.3222628475172629, 0.28244733622096896, 0.2790110571887351, 0.23222028517294618, 0.21341542024862326, 0.20649252612197713, 0.18629988254458255, 0.1852315273825904, 0.16402088017438665, 0.16191499489933028, 0.15945381619203658, 0.15716116590985366, 0.15353437070635992, 0.149494313785628, 0.14613281166328088, 0.13888234320731133, 0.13643355747146116, 0.13572573678100958, 0.13330232248436963, 0.1317274666993714], "topic_strength": 24.893288151919407, "top_10_strength": 2.2333167574714032, "label": "Image & String"}], "file_type": "skill_md"}