{"timestamp": "2026-07-13T04:02:46.845811", "success": true, "message": "Analysis complete with 500 files", "files_collected": 500, "topics_discovered": 5, "topics_data": [{"topic_id": 0, "top_words": ["agent", "run", "bash", "mcp", "session", "tool", "command", "ngrok", "install", "step", "token", "browser", "prompt", "local", "post", "echo", "remote", "curl", "url", "instruction"], "weights": [1.019915850224999, 0.45114638479298774, 0.44954956422519, 0.37229470507857887, 0.30884541951589106, 0.2941287986283944, 0.2808668077194898, 0.2787787379391771, 0.2753568913529134, 0.2689264998113223, 0.2548401340823266, 0.2530780658055801, 0.24325251925394434, 0.24241619846024837, 0.2375100976330025, 0.2361623726438217, 0.23398140072811932, 0.22206481968241126, 0.2083239847124408, 0.20739317435877358], "topic_strength": 32.613202157081275, "top_10_strength": 3.999809659288944, "label": "Agent & Run"}, {"topic_id": 1, "top_words": ["und", "oder", "mit", "form", "live", "matrix", "plugins", "register", "drop", "person", "compliance", "status", "act", "dashboard", "email", "kind", "text", "pro", "generation", "scan"], "weights": [1.793358154855315, 0.7328426369523643, 0.30190755274368064, 0.09186375435075442, 0.035267724807732714, 0.023723127071177425, 0.020934834813835203, 0.019681982611605846, 0.018357679078862592, 0.017317017246218397, 0.012866217252097233, 0.011489439614868677, 0.010731564738084504, 0.00968124173472491, 0.009320860731633296, 0.00844258926788336, 0.007731747485389743, 0.00752625654840102, 0.006319012931319012, 0.006052370893043721], "topic_strength": 3.294983348133533, "top_10_strength": 3.0552544645315463, "label": "Und & Oder"}, {"topic_id": 2, "top_words": ["step", "task", "phase", "question", "workflow", "context", "issue", "test", "plan", "decision", "pattern", "change", "analysis", "review", "approach", "result", "research", "requirement", "project", "documentation"], "weights": [0.34985140513650376, 0.34569822661627014, 0.29458576903651085, 0.25225373733318307, 0.24331301200962127, 0.23433432823088918, 0.2257024310436392, 0.21247382679394192, 0.21189788271372695, 0.19997418833545166, 0.19687494160134675, 0.19322086961865131, 0.19097594758844885, 0.19064376841304884, 0.18168532814727528, 0.17997180977852056, 0.17886213458082156, 0.17828650267872612, 0.17634665690591186, 0.17601132402901412], "topic_strength": 37.40787295359349, "top_10_strength": 2.570084807249738, "label": "Step & Task"}, {"topic_id": 3, "top_words": ["python", "import", "string", "const", "await", "return", "api", "type", "json", "async", "model", "data", "bash", "email", "error", "input", "typescript", "function", "str", "class"], "weights": [0.5499549075575709, 0.4206638985199715, 0.3847212584555598, 0.33383893477714655, 0.3277554161325261, 0.281736099019186, 0.27305129828489366, 0.27002630726758114, 0.24636954897961613, 0.2401214443223771, 0.22051642998583526, 0.20567103105477014, 0.19403815994119572, 0.19115007145453405, 0.17840727942908582, 0.177780608095377, 0.17559750945089853, 0.17524507353630833, 0.168879711181108, 0.167163107653305], "topic_strength": 29.262971237859638, "top_10_strength": 3.328239113316429, "label": "Python & Import"}, {"topic_id": 4, "top_words": ["color", "page", "theme", "font", "layout", "component", "light", "module", "card", "site", "design", "cs", "package", "manager", "content", "button", "background", "mode", "state", "dark"], "weights": [0.34104114484201925, 0.31091084721504997, 0.3041549133397529, 0.2895887761052084, 0.24970358088856145, 0.23682178028842193, 0.22473673861783527, 0.21744558809242642, 0.21696987322615643, 0.21566580203145633, 0.21168261552198306, 0.20792676534489093, 0.2047710476004118, 0.19936448099548015, 0.17312410584374266, 0.16113837973652445, 0.15631098402855792, 0.1541468964345546, 0.15225306597933344, 0.15133076328402684], "topic_strength": 21.697346255361587, "top_10_strength": 2.6070390446468883, "label": "Color & Page"}], "file_type": "skill_md"}