{"timestamp": "2026-06-19T03:47:26.401555", "success": true, "message": "Analysis complete with 500 files", "files_collected": 500, "topics_discovered": 5, "topics_data": [{"topic_id": 0, "top_words": ["step", "task", "project", "test", "phase", "issue", "question", "fix", "pattern", "review", "check", "code", "workflow", "research", "plan", "run", "context", "section", "change", "create"], "weights": [0.5320368532407106, 0.45244405058191445, 0.4440745954752476, 0.40614542334603093, 0.3606509963487278, 0.3354049387935448, 0.3116956171761711, 0.26236890850707656, 0.2576123987305485, 0.2545301047053046, 0.25430083557837846, 0.25116634543062727, 0.2429849302284932, 0.23253809394312278, 0.2323274321090688, 0.22804580200284819, 0.22555111693375027, 0.2238049682942123, 0.2178035052614392, 0.2157087996709805], "topic_strength": 51.2368376269482, "top_10_strength": 3.6169638869052774, "label": "Project Structure"}, {"topic_id": 1, "top_words": ["und", "oder", "mit", "live", "form", "output", "person", "text", "register", "bank", "claudemd", "pas", "plugins", "end", "matrix", "pdf", "scan", "pro", "provider", "launch"], "weights": [1.8528489335419023, 0.6515936286289753, 0.1429853650810548, 0.10263311694782135, 0.04221824201725602, 0.03929791769458998, 0.037658933778733215, 0.025880781918862828, 0.023919296921153174, 0.015730746447551236, 0.013821451298134746, 0.011491671223692395, 0.011068338401909655, 0.011023694282763017, 0.010946142828210697, 0.010370283394554706, 0.00858400007637132, 0.007449916607116685, 0.006722429427889043, 0.006181700085538471], "topic_strength": 3.1274646774406523, "top_10_strength": 2.9347669629779003, "label": "Und & Oder"}, {"topic_id": 2, "top_words": ["agent", "bash", "ngrok", "mcp", "token", "prompt", "tool", "run", "session", "remote", "claude", "browser", "post", "server", "local", "install", "openclaw", "curl", "instruction", "codex"], "weights": [1.3221548622528863, 0.2958350099163576, 0.2915420988198652, 0.2901487031840047, 0.27629062507359115, 0.26179233719911205, 0.25942404644466005, 0.24229363759275235, 0.21510444465983097, 0.21385653811013855, 0.1942685123203545, 0.1938237917228854, 0.19244580047395607, 0.1897119436771024, 0.1751367241235844, 0.17308431664763044, 0.1728006806881046, 0.17212540161625609, 0.1714800119423906, 0.16495651334178713], "topic_strength": 21.29759648604884, "top_10_strength": 3.6684423032531988, "label": "Agent & Bash"}, {"topic_id": 3, "top_words": ["const", "string", "await", "return", "typescript", "type", "api", "function", "page", "data", "import", "model", "plugin", "text", "var", "export", "div", "error", "component", "state"], "weights": [0.46564166595549983, 0.3265720515525426, 0.3122806077499388, 0.2507814649254007, 0.23226642368336364, 0.2166435115243071, 0.2135051935467545, 0.19302335970778983, 0.19143663426760404, 0.18493695849698488, 0.17982371324252494, 0.17407070191233492, 0.17128086486244243, 0.16915567215656685, 0.16526694810263592, 0.16433298823727904, 0.1638592829527753, 0.1609601649004337, 0.15546099474050346, 0.1511822406822866], "topic_strength": 30.764754286167665, "top_10_strength": 2.587087871410186, "label": "Frontend Development"}, {"topic_id": 4, "top_words": ["python", "bash", "import", "model", "str", "json", "video", "image", "api", "quantization", "def", "chrome", "install", "llm", "output", "markdown", "input", "price", "pip", "bit"], "weights": [1.4671895696757247, 0.3861022542851651, 0.37523424664566396, 0.19960966504888658, 0.16509784305815364, 0.15928797189132418, 0.15500391981062153, 0.15368859218832945, 0.1517053242876144, 0.1490845578896002, 0.13274779064593545, 0.13133057079746993, 0.1312263127135948, 0.12119278355322619, 0.11892822961482544, 0.11680481897762664, 0.11329190147192413, 0.11125473466040632, 0.10442699875275345, 0.10020543335610492], "topic_strength": 13.583354383124142, "top_10_strength": 3.362003944781084, "label": "Python & Bash"}], "file_type": "skill_md"}