{"timestamp": "2026-06-20T03:51:43.554322", "success": true, "message": "Analysis complete with 500 files", "files_collected": 500, "topics_discovered": 5, "topics_data": [{"topic_id": 0, "top_words": ["task", "git", "phase", "change", "rule", "agent", "make", "user", "new", "check", "add", "read", "repo", "update", "work", "source", "commit", "version", "issue", "model"], "weights": [0.4144301637477078, 0.3839061574197648, 0.3773062353430725, 0.35829979825596514, 0.324974111979268, 0.32207546339125026, 0.3112879136638036, 0.29420662251527235, 0.272487925428586, 0.26205983625278734, 0.2618549516635695, 0.25403080471158374, 0.24298385020386837, 0.23818863850533215, 0.23583780683102565, 0.23525458142428596, 0.22952968076943486, 0.22751721690464902, 0.22642483606684116, 0.22062354751006263], "topic_strength": 59.44274599842997, "top_10_strength": 3.3210342279974774, "label": "Task & Git"}, {"topic_id": 1, "top_words": ["npm", "component", "page", "frontend", "server", "react", "supabase", "typescript", "app", "cs", "backend", "production", "tailwind", "dev", "api", "development", "state", "data", "service", "token"], "weights": [0.7717251524299964, 0.5189372350914123, 0.3198296942379378, 0.29830785244315566, 0.27733244565245846, 0.2755278306492533, 0.2734451757339303, 0.2690432184439792, 0.26543602506028874, 0.26449009999864087, 0.24093431476800545, 0.23405694315686287, 0.23319242511809718, 0.22477209303195225, 0.22229688417761784, 0.22048852758343032, 0.1941431578042753, 0.19340365992403416, 0.18892181961403837, 0.1830690798937704], "topic_strength": 35.35422120693379, "top_10_strength": 3.534074729741053, "label": "Frontend Development"}, {"topic_id": 2, "top_words": ["agentsmd", "rule", "require", "guideline", "instruction", "read", "truth", "complete", "workflow", "live", "context", "debugging", "note", "source", "variable", "directory", "common", "global", "plan", "agent"], "weights": [1.8461246982434714, 0.21748996123658793, 0.1355738818556674, 0.13465579603517217, 0.1332069601016386, 0.12443643819564673, 0.1053816015620478, 0.10126074677948772, 0.08238054605449334, 0.08059732108909422, 0.07162266276507526, 0.06646730516028335, 0.059987554295576326, 0.059021719866695924, 0.05098404158961611, 0.05027345244174635, 0.05019083961908727, 0.048245964196988525, 0.04398840325142173, 0.04187119556753357], "topic_strength": 5.182541131944763, "top_10_strength": 2.961107951153307, "label": "Agentsmd & Rule"}, {"topic_id": 3, "top_words": ["python", "skill", "ratio", "tool", "agent", "json", "analysis", "projection", "budget", "usage", "automation", "llm", "format", "purpose", "flow", "model", "script", "api", "actual", "output"], "weights": [1.1006348602270182, 0.7588663157655391, 0.525933020954904, 0.44626360175637275, 0.38412884634621625, 0.28417861525251853, 0.2663324248011666, 0.24733803172102029, 0.22722453438076112, 0.22391701266985845, 0.2231580692842781, 0.20979929345418644, 0.18442566271385835, 0.1788651655048287, 0.16999622769175873, 0.16627228275840192, 0.15963902784780742, 0.15647588526758244, 0.14771513911664952, 0.14135427726444322], "topic_strength": 17.337772699556496, "top_10_strength": 4.464817263875375, "label": "Python & Skill"}, {"topic_id": 4, "top_words": ["pnpm", "vitest", "package", "dev", "api", "nextjs", "hook", "typescript", "yarn", "lint", "auth", "cli", "doc", "config", "watch", "router", "worker", "type", "react", "tsc"], "weights": [1.5902878178110058, 0.17090365415663114, 0.163936375991088, 0.13999823470819703, 0.1384194912148497, 0.1276259060025633, 0.1258355335696543, 0.12130106640094063, 0.12125225379155012, 0.12040011293177313, 0.10593927746301475, 0.10347569006651267, 0.09975328020307804, 0.09913064965892818, 0.09475095290177672, 0.09435579722989587, 0.0928156065239157, 0.09100896269509763, 0.08919843327303757, 0.08788566844937984], "topic_strength": 12.321604350399754, "top_10_strength": 2.819960446578253, "label": "Frontend Development"}], "file_type": "claude_md"}