{"timestamp": "2026-06-11T03:19:57.677120", "success": true, "message": "Analysis complete with 500 files", "files_collected": 500, "topics_discovered": 5, "topics_data": [{"topic_id": 0, "top_words": ["const", "return", "await", "string", "function", "div", "type", "data", "plugin", "var", "typescript", "javascript", "api", "text", "import", "color", "button", "state", "page", "email"], "weights": [0.6810806932790537, 0.39055511600127424, 0.36179184203034853, 0.350088629540648, 0.3177790096511592, 0.29333015447760036, 0.2919480307288267, 0.2758471274199416, 0.2576796981866688, 0.2559330000756937, 0.24484299434992127, 0.2441148578141522, 0.24010995304574684, 0.2365223397916712, 0.23615298706777244, 0.23366736025101548, 0.23012695745873296, 0.2252201749180807, 0.22344729351818846, 0.2181444230113856], "topic_strength": 40.8699372098861, "top_10_strength": 3.4760333013912152, "label": "Code Guidelines"}, {"topic_id": 1, "top_words": ["python", "import", "model", "bash", "api", "def", "json", "image", "bit", "str", "output", "result", "url", "video", "pip", "query", "llm", "cli", "analysis", "input"], "weights": [1.5104794088731632, 0.4911354284850882, 0.24306950994957294, 0.23741738616655478, 0.2046067325520013, 0.19910605172904675, 0.15208596367293056, 0.14199273772182822, 0.14023010567246963, 0.13370687582501262, 0.12609257293770537, 0.1249551492586825, 0.1202269626530023, 0.10379304590481314, 0.10287069516329603, 0.1017714544282567, 0.09918635913574537, 0.09736141846414534, 0.09690618365566761, 0.09390652230798659], "topic_strength": 15.72414352969435, "top_10_strength": 3.453830200647668, "label": "Data & APIs"}, {"topic_id": 2, "top_words": ["agent", "bash", "token", "mcp", "ngrok", "prompt", "post", "run", "tool", "curl", "json", "remote", "browser", "session", "openclaw", "url", "claude", "local", "instruction", "command"], "weights": [0.9466776008909789, 0.3613737588940985, 0.24502257042306738, 0.23303828662313258, 0.22727877333241578, 0.2102597181239511, 0.2079265988844477, 0.20743776067489994, 0.205257611976172, 0.1956516557188585, 0.1905373088734483, 0.1843841413764424, 0.17349260778074946, 0.17212333024061183, 0.1659812213420498, 0.16036768730241094, 0.15751014924445347, 0.15030474030143579, 0.14478894552126761, 0.13626474753009685], "topic_strength": 20.43687493689486, "top_10_strength": 3.0399243355420227, "label": "Agent & Bash"}, {"topic_id": 3, "top_words": ["und", "oder", "bgb", "live", "mit", "form", "output", "bank", "register", "market", "person", "plugins", "compliance", "matrix", "scope", "security", "timing", "parallel", "red", "right"], "weights": [1.5380624575694632, 0.5135357570898592, 0.5099575379511836, 0.0748609605214238, 0.07354659712950404, 0.04640922725159701, 0.036023898818879595, 0.030321844608652032, 0.026465339983670885, 0.026320955733603154, 0.021769349190049428, 0.015406384616853374, 0.015325645171115676, 0.015042273153470887, 0.010083019720145395, 0.009855884741662619, 0.00783819576565364, 0.006462034310607073, 0.006178796633762309, 0.005879205380813444], "topic_strength": 3.1206282113951143, "top_10_strength": 2.8755045766578364, "label": "Und & Oder"}, {"topic_id": 4, "top_words": ["step", "test", "issue", "workflow", "task", "project", "pattern", "code", "review", "question", "phase", "context", "output", "research", "run", "design", "fix", "requirement", "goal", "work"], "weights": [0.5379130577131389, 0.39990562218205616, 0.36658889181210913, 0.3634561705298644, 0.34945466417436416, 0.315785760964201, 0.26622097312234794, 0.24222035123981553, 0.24052188521610177, 0.23849918484518473, 0.23746426456592395, 0.23172068002360272, 0.22845079697110035, 0.2186390915427558, 0.21243692320901786, 0.2112641793706543, 0.21031023463528653, 0.20697362571395866, 0.1920223647922312, 0.18992543819706592], "topic_strength": 43.538262928886624, "top_10_strength": 3.3205665617991844, "label": "Testing & Quality"}], "file_type": "skill_md"}