{"timestamp": "2026-05-27T03:35:32.088966", "success": true, "message": "Analysis complete with 500 files", "files_collected": 500, "topics_discovered": 5, "topics_data": [{"topic_id": 0, "top_words": ["review", "test", "code", "document", "issue", "step", "plan", "change", "task", "fix", "pattern", "decision", "user", "git", "phase", "principle", "rule", "spec", "work", "context"], "weights": [0.5887591306825093, 0.5633613754804031, 0.4924634830087622, 0.4724891989268094, 0.42620791689749543, 0.4171577226561376, 0.3784143333559753, 0.3712872043486823, 0.3261686300003021, 0.3076801960358557, 0.2886744569840988, 0.2812672086792882, 0.2757790201727068, 0.2715834615929836, 0.2574837740381183, 0.25038925777486876, 0.23372166243182177, 0.23158206357432434, 0.2220960439476085, 0.22152312420427006], "topic_strength": 46.7083262900413, "top_10_strength": 4.343989191392932, "label": "Code Guidelines"}, {"topic_id": 1, "top_words": ["python", "memory", "srcclipy", "modern", "syntax", "import", "type", "performance", "str", "json", "instead", "node", "format", "application", "lint", "linting", "text", "future", "cost", "condition"], "weights": [1.5661265615769902, 0.28321464206838903, 0.20594215059333174, 0.19945922223311366, 0.17602414065131117, 0.16663273657098357, 0.16588260517294875, 0.15372661112391034, 0.13064611013456923, 0.12186938152249623, 0.12174409948224356, 0.11156398046478253, 0.10994880357027598, 0.10884320653011458, 0.1074383919016285, 0.10670383505730378, 0.09877580156322918, 0.09364253781564448, 0.09346893199612184, 0.09122502594518257], "topic_strength": 12.205030716103334, "top_10_strength": 3.169524161648044, "label": "Python & Memory"}, {"topic_id": 2, "top_words": ["typescript", "const", "export", "data", "string", "return", "await", "async", "type", "function", "import", "interface", "new", "pattern", "error", "test", "var", "define", "event", "feature"], "weights": [0.7686384007358179, 0.4954782907607084, 0.3950761153310754, 0.362551557133397, 0.3387200607761727, 0.28710011629047744, 0.2827026074738594, 0.27545716021989014, 0.2588640781788528, 0.25405622482665513, 0.2363624912196134, 0.22312327822921943, 0.19832344030533114, 0.19521115895667795, 0.18342253905850567, 0.17193298687210806, 0.1628046711109498, 0.1568340359345416, 0.15314854371631934, 0.14219039759386187], "topic_strength": 16.957181152217593, "top_10_strength": 3.718644611726906, "label": "Frontend Development"}, {"topic_id": 3, "top_words": ["topic", "div", "frontmatter", "tech", "step", "button", "note", "yaml", "html", "content", "create", "filename", "section", "card", "idea", "title", "exists", "markdown", "template", "yyyymmdd"], "weights": [0.7574261906410561, 0.4711844632340866, 0.41750903498444525, 0.36154367973407253, 0.3195738531114702, 0.22176918174298488, 0.21627838118766404, 0.1940277468273018, 0.18564361656075956, 0.173223597649622, 0.17040050996259173, 0.163244499139475, 0.1538879186247931, 0.15010008288697851, 0.14836925206480897, 0.14071139155725776, 0.12192181456125173, 0.12075359394785055, 0.10762348044445676, 0.10665670848344586], "topic_strength": 16.012833317808443, "top_10_strength": 3.3181797456734627, "label": "Topic & Div"}, {"topic_id": 4, "top_words": ["search", "json", "api", "run", "url", "command", "output", "token", "user", "log", "agent", "query", "script", "post", "session", "list", "error", "service", "browser", "claude"], "weights": [0.3661459703470284, 0.3023216654152906, 0.30154340985706896, 0.28541849518662854, 0.27511481052367937, 0.23289900965552965, 0.220570404836289, 0.209838652715208, 0.19787347108552672, 0.1966061141856025, 0.19147501861401459, 0.18972694395701473, 0.1866846282391142, 0.18426253249958446, 0.18164664317152193, 0.17550997928137496, 0.16909684730307561, 0.16638298426284392, 0.16090481393289804, 0.15810288699708547], "topic_strength": 32.645132491418785, "top_10_strength": 2.5883320038078512, "label": "Data & APIs"}], "file_type": "skill_md"}