{"timestamp": "2026-05-30T04:05:14.664605", "success": true, "message": "Analysis complete with 500 files", "files_collected": 500, "topics_discovered": 5, "topics_data": [{"topic_id": 0, "top_words": ["tool", "import", "model", "type", "python", "error", "return", "string", "data", "user", "function", "api", "class", "state", "client", "context", "await", "service", "const", "llm"], "weights": [0.5841825748539076, 0.454102267687266, 0.39491539734778475, 0.39044502699205536, 0.3790501406313875, 0.3701880046589797, 0.31709615048301176, 0.2743059011986271, 0.27211451535130454, 0.26631574176978684, 0.2646904453773059, 0.25836723888467067, 0.24230437884646897, 0.2360798774065723, 0.22714935057550917, 0.2233943184449272, 0.2215321589577092, 0.22133891816578632, 0.20472567362513522, 0.2046972840788997], "topic_strength": 54.15801682024414, "top_10_strength": 3.702715720974111, "label": "Tool & Import"}, {"topic_id": 1, "top_words": ["pnpm", "component", "dev", "package", "filter", "app", "lint", "typescript", "check", "react", "server", "vitest", "page", "typecheck", "prisma", "vite", "shared", "vue", "docker", "theme"], "weights": [1.685309983366217, 0.22954953633391534, 0.20810003738998917, 0.1949687808462759, 0.19020490546269, 0.18334305275390303, 0.16523653527348173, 0.1573009888403503, 0.1480363302072483, 0.13547744967501457, 0.1287327915559993, 0.1281901632787143, 0.12472396766236438, 0.12133156390947393, 0.11529852856462482, 0.11432678296211606, 0.10837500775758659, 0.10665758610276625, 0.1066293770704964, 0.09708503574788627], "topic_strength": 14.410667618205679, "top_10_strength": 3.297527600149085, "label": "Frontend Development"}, {"topic_id": 2, "top_words": ["skill", "pressure", "scenario", "tdd", "green", "write", "doc", "red", "codex", "directory", "refactor", "rule", "markdown", "reference", "instruction", "workflow", "claudemd", "delete", "read", "failure"], "weights": [1.4371567035130755, 0.4303378962777755, 0.3229374259444978, 0.2965191708870725, 0.18591934758131365, 0.1761790392864531, 0.1733021991363601, 0.15731580469741718, 0.15570942951618366, 0.14510384605322865, 0.14140907759142066, 0.13842299098295074, 0.13681998971433246, 0.1340056496115312, 0.131983544084792, 0.11830657830631736, 0.11765967431850832, 0.1120735731672084, 0.11106568265659117, 0.11094479695935384], "topic_strength": 16.164085346093792, "top_10_strength": 3.4804808628933777, "label": "Skill & Pressure"}, {"topic_id": 3, "top_words": ["npm", "backend", "frontend", "api", "component", "lint", "react", "install", "dev", "cs", "guideline", "typescript", "doc", "app", "tailwind", "style", "page", "vite", "commit", "command"], "weights": [1.0734895462059024, 0.2845523266873163, 0.2801741535456176, 0.25754272462790456, 0.2512473195243126, 0.2240145959753243, 0.22364624024309987, 0.22093934926266787, 0.2149688540197606, 0.1839751208127278, 0.16764356688720108, 0.15474905310986145, 0.15102336402926989, 0.15093106904440567, 0.14861660464001814, 0.1407661839916148, 0.14014387665824354, 0.13916118193464852, 0.13852302265529146, 0.13537068497859675], "topic_strength": 19.791738413793816, "top_10_strength": 3.214550230904633, "label": "Frontend Development"}, {"topic_id": 4, "top_words": ["change", "git", "task", "work", "issue", "commit", "update", "check", "push", "command", "directory", "make", "create", "instruction", "new", "module", "doc", "cargo", "bash", "add"], "weights": [0.4140608686422174, 0.40057456462945024, 0.3550326068806027, 0.34533829543631356, 0.3364194598151642, 0.23526168204737738, 0.22479051740764702, 0.21273876088073274, 0.20917548141212428, 0.19196403830008646, 0.19040448090466142, 0.1844941471568818, 0.1806849317797807, 0.17689173252427665, 0.17421894788409734, 0.1688835258371125, 0.16055958157875053, 0.15790609775734396, 0.15778711570360548, 0.1574660802508997], "topic_strength": 32.883210857189084, "top_10_strength": 2.9253562754517155, "label": "Change & Git"}], "file_type": "agents_md"}