{"timestamp": "2026-05-07T00:13:00.556945", "success": true, "message": "Analysis complete with 500 files", "files_collected": 500, "topics_discovered": 5, "topics_data": [{"topic_id": 0, "top_words": ["service", "data", "user", "database", "game", "model", "server", "error", "state", "client", "backend", "configuration", "token", "operation", "type", "pattern", "script", "docker", "environment", "default"], "weights": [0.4061331468071025, 0.39840155552914236, 0.37421259586654537, 0.34740047243519356, 0.2604866418070462, 0.25315180283362704, 0.2502907917671077, 0.23701380945309775, 0.23355139075221582, 0.22551192992653984, 0.22521913025923967, 0.22460884554279179, 0.22438909000107896, 0.22289115109547067, 0.2159549472712603, 0.21169992271509375, 0.2109866690713587, 0.20937682907347782, 0.20843087970197413, 0.20454989742629434], "topic_strength": 57.83320373536157, "top_10_strength": 2.9861541371776177, "label": "Data & APIs"}, {"topic_id": 1, "top_words": ["npm", "component", "react", "typescript", "dev", "page", "cs", "nextjs", "frontend", "production", "eslint", "development", "app", "const", "lint", "backend", "supabase", "server", "npx", "type"], "weights": [1.2629721933312805, 0.5032279134227302, 0.45949930290717117, 0.38875239532465433, 0.25880256653533906, 0.19929708860668152, 0.19741979263799692, 0.18900160498787583, 0.18340453824737, 0.17875571008921096, 0.17608540531680655, 0.17413752157819856, 0.17295153467637744, 0.16931955178230404, 0.1623271095397889, 0.16147454674078676, 0.15835138071932706, 0.15598507493164276, 0.15064141422136934, 0.15017881148778947], "topic_strength": 22.109674246793322, "top_10_strength": 3.8211331060903104, "label": "Frontend Development"}, {"topic_id": 2, "top_words": ["agent", "task", "skill", "mcp", "git", "read", "rule", "agentsmd", "work", "tool", "change", "instruction", "commit", "plan", "review", "doc", "context", "session", "dont", "user"], "weights": [0.6219058760215513, 0.47618546336481915, 0.4352863900920035, 0.33942138847406683, 0.3179844114929073, 0.3095238640139126, 0.30635832743299, 0.27935752300919714, 0.2630347699600526, 0.2626285386349272, 0.26172332090410916, 0.258105957269831, 0.233652257097563, 0.22322985380972385, 0.21939216041042037, 0.216956968672841, 0.21332411864110623, 0.20142500066605876, 0.19897567647913128, 0.1876773887265346], "topic_strength": 36.372441730602695, "top_10_strength": 3.611686552496427, "label": "Agent & Task"}, {"topic_id": 3, "top_words": ["pnpm", "rust", "package", "type", "component", "le", "issue", "typescript", "dev", "lint", "bun", "config", "import", "engine", "server", "commit", "typecheck", "cargo", "required", "tailwind"], "weights": [1.2350615608857567, 0.20944803196970638, 0.1636813719597934, 0.15269171010088317, 0.15047177705255788, 0.12959602971186668, 0.12213090964032311, 0.11972686424465044, 0.11828185096525744, 0.11553557121245007, 0.11236368344112899, 0.11058301529896772, 0.09871497616814756, 0.09745215362547387, 0.09380971272873978, 0.09030842816774727, 0.08462211927509357, 0.08421146364407626, 0.08240846999948408, 0.08194958538055548], "topic_strength": 14.408003256601255, "top_10_strength": 2.516625677743245, "label": "Frontend Development"}, {"topic_id": 4, "top_words": ["python", "node", "pytest", "method", "check", "ruff", "package", "example", "async", "install", "attribute", "linting", "formatting", "committing", "guideline", "scan", "coverage", "rust", "class", "pull"], "weights": [1.012018956047002, 0.7334858742455692, 0.2772513141559824, 0.2575246066875795, 0.2475137525783202, 0.22898998122986153, 0.19722118893193255, 0.1919848707214016, 0.17470984304376538, 0.1692003193839313, 0.158271202609188, 0.15585742775309278, 0.15531040582066696, 0.15239288781354496, 0.15228836643077456, 0.1468708925068478, 0.14608785786323633, 0.14461994152951008, 0.14316610469174793, 0.14188612180094046], "topic_strength": 17.504766744887267, "top_10_strength": 3.4899007070253463, "label": "Python & Node"}]}