{"timestamp": "2026-06-01T03:29:35.326101", "success": true, "message": "Analysis complete with 500 files", "files_collected": 500, "topics_discovered": 5, "topics_data": [{"topic_id": 0, "top_words": ["api", "search", "agent", "json", "url", "post", "run", "command", "query", "curl", "token", "session", "script", "list", "mcp", "log", "entity", "credit", "action", "tool"], "weights": [0.45257932889164243, 0.44873110805788585, 0.4153506875491778, 0.40320889712023056, 0.36043282087014666, 0.3506565753423633, 0.33898947551017794, 0.3282919259138795, 0.32605242542417984, 0.29998323744033145, 0.2921950491017679, 0.2741100636938958, 0.268454087365992, 0.26620511250340134, 0.2653504220096314, 0.25008458041620746, 0.24889104089336206, 0.24826657798213345, 0.24675028076132863, 0.246544782304652], "topic_strength": 45.05355729695192, "top_10_strength": 3.7242764821200156, "label": "Data & APIs"}, {"topic_id": 1, "top_words": ["test", "git", "change", "branch", "review", "commit", "run", "issue", "step", "diff", "main", "open", "task", "changed", "push", "release", "commits", "fix", "security", "update"], "weights": [0.6951956775706204, 0.641565213551796, 0.4593874218711248, 0.41992970590337314, 0.39222165741286213, 0.37197007045688313, 0.3254364259269466, 0.2515786766489517, 0.23930449365409928, 0.22615760972767143, 0.21728544562903454, 0.1944446415701582, 0.18887546153490184, 0.18486457134082993, 0.1839647393687148, 0.1775018876210542, 0.17718355918767556, 0.172483109087659, 0.1693231416439214, 0.15430196389522244], "topic_strength": 19.43799351330551, "top_10_strength": 4.0227469527243285, "label": "Testing & Quality"}, {"topic_id": 2, "top_words": ["python", "memory", "import", "srcclipy", "modern", "syntax", "performance", "type", "str", "instead", "application", "node", "text", "lint", "format", "future", "install", "cost", "video", "optimization"], "weights": [1.3928571901954567, 0.3872419145221602, 0.34935948565636893, 0.27102014433445315, 0.24589520379476065, 0.23096169517006118, 0.23029005485689458, 0.21730163025691762, 0.1754802695693164, 0.1635258942144265, 0.16183990823117197, 0.15813270871580531, 0.14982129831320365, 0.1444068816228463, 0.14345694998935238, 0.13951489845900672, 0.127718493608396, 0.12573095954966979, 0.11894243792447613, 0.11644154938671529], "topic_strength": 16.249432862930103, "top_10_strength": 3.6639334825708163, "label": "Python & Memory"}, {"topic_id": 3, "top_words": ["typescript", "const", "string", "await", "type", "return", "error", "function", "async", "event", "var", "data", "new", "null", "sync", "unsafe", "import", "pattern", "test", "component"], "weights": [0.687621099301188, 0.5299400052876786, 0.3129384240205298, 0.29653643476369296, 0.2811425302024291, 0.2761034879126686, 0.2557337369773534, 0.2416815159968008, 0.22479410804083894, 0.1950042233614228, 0.18605407267848395, 0.18325410675047635, 0.16998166568684003, 0.16911613788320834, 0.16255454225889066, 0.15149484884173306, 0.14495595172892684, 0.13696859216900598, 0.13620603382606353, 0.13459595991129636], "topic_strength": 17.721534435925967, "top_10_strength": 3.301495565864603, "label": "Frontend Development"}, {"topic_id": 4, "top_words": ["content", "topic", "page", "document", "section", "step", "decision", "plan", "note", "pattern", "source", "project", "research", "create", "add", "paper", "new", "read", "data", "markdown"], "weights": [0.42794320821019544, 0.32082442522061033, 0.30886002550053354, 0.2754484670017571, 0.2701773049606344, 0.2688409105477445, 0.2554507435238581, 0.25531549905837236, 0.25047867234446347, 0.22332452057553984, 0.21741232518185288, 0.20036736789046808, 0.17367082357880798, 0.17252902598427763, 0.17160513389842327, 0.16545961920127925, 0.1622738258701267, 0.16079379961783127, 0.15925192808521205, 0.15401761080489082], "topic_strength": 34.154166547695425, "top_10_strength": 2.856663776943709, "label": "Content & Topic"}], "file_type": "skill_md"}