{"timestamp": "2026-07-11T04:09:52.894060", "success": true, "message": "Analysis complete with 500 files", "files_collected": 500, "topics_discovered": 5, "topics_data": [{"topic_id": 0, "top_words": ["step", "design", "issue", "doc", "phase", "change", "page", "workflow", "review", "section", "plan", "question", "content", "evidence", "code", "search", "pattern", "mode", "update", "read"], "weights": [0.44136963498449255, 0.4042933398975043, 0.39180105390028946, 0.37779837294879864, 0.3461175060654464, 0.3410016175236142, 0.32642343173252325, 0.3135723361434367, 0.3100362342601955, 0.30311466794217584, 0.2851914729438128, 0.26192814517486757, 0.2474325247082593, 0.2470374378238313, 0.24596492569740847, 0.22915254598362964, 0.22001945273163853, 0.2192555684401709, 0.21144859955243067, 0.20786572806028367], "topic_strength": 56.41009659313197, "top_10_strength": 3.5555281953984768, "label": "Documentation"}, {"topic_id": 1, "top_words": ["methodology", "method", "result", "problem", "appropriate", "assumption", "practice", "documentation", "domain", "validation", "analysis", "best", "technique", "complexity", "expertise", "consider", "comprehensive", "understanding", "explanation", "limitation"], "weights": [0.5169698534562738, 0.4919584010716137, 0.46492315219843827, 0.44301530614429263, 0.41086060835085114, 0.3505128946584092, 0.30985881210877886, 0.3042950570521927, 0.30086600368576644, 0.2936724014740548, 0.2705216912463701, 0.2656420180605857, 0.2528683285898586, 0.2482026655117075, 0.2456634477821688, 0.2428008593775501, 0.238902377304993, 0.23827095044027974, 0.23772398799330577, 0.23170440330337427], "topic_strength": 19.73446293057948, "top_10_strength": 3.8869324902006714, "label": "Methodology & Method"}, {"topic_id": 2, "top_words": ["const", "await", "async", "return", "string", "typescript", "import", "error", "function", "api", "firebase", "component", "pattern", "notification", "null", "token", "type", "throw", "let", "para"], "weights": [0.6997191118820124, 0.5902747204864597, 0.4624938528350721, 0.38968575330330407, 0.3662593866092808, 0.3318785623999517, 0.29918875587258165, 0.2595610106669549, 0.20853691543198016, 0.1924100295435337, 0.1884519625296201, 0.17753819365931284, 0.1693051837729298, 0.15182121061274984, 0.14706462517274782, 0.14520556591705988, 0.14507350238420255, 0.13806313455595884, 0.1325669557722489, 0.12939499269653626], "topic_strength": 21.23067500014933, "top_10_strength": 3.8000080990311313, "label": "Const & Await"}, {"topic_id": 3, "top_words": ["python", "bash", "agent", "model", "run", "install", "prompt", "engine", "json", "echo", "cli", "tool", "task", "mcp", "command", "api", "image", "url", "llm", "markdown"], "weights": [0.49786534902244384, 0.4848208383116653, 0.47430221174239395, 0.34026616573109647, 0.32775139492152333, 0.30308976555905537, 0.26849468955290967, 0.22279084256861248, 0.21890996734806814, 0.216149907600104, 0.2101236556042557, 0.20787939797622967, 0.20034759479573158, 0.20020815964597907, 0.18188678699862285, 0.1712542764046295, 0.16818964591819144, 0.1477897721790399, 0.1440521442789925, 0.14039857510011838], "topic_strength": 25.26044699226966, "top_10_strength": 3.3544411323578722, "label": "Python & Bash"}, {"topic_id": 4, "top_words": ["test", "tab", "testing", "react", "state", "render", "import", "coverage", "run", "code", "python", "command", "read", "migration", "expected", "label", "verify", "fix", "note", "behavior"], "weights": [1.2455447051538293, 0.31423339775561276, 0.2454278174293155, 0.20616638729837358, 0.17376307676243286, 0.1684283524985521, 0.15010407545714793, 0.14392267732673605, 0.1361260202771617, 0.13500880748293267, 0.129100587509433, 0.12837395030134743, 0.12425431401495414, 0.12026561130507588, 0.11594926817456944, 0.10712547751276189, 0.1070895446959148, 0.10239534004505729, 0.1019780282809178, 0.10160254699717737], "topic_strength": 14.165294185376144, "top_10_strength": 2.918725317442094, "label": "Frontend Development"}], "file_type": "skill_md"}