{"timestamp": "2026-06-02T03:39:48.394696", "success": true, "message": "Analysis complete with 500 files", "files_collected": 500, "topics_discovered": 5, "topics_data": [{"topic_id": 0, "top_words": ["step", "issue", "pattern", "code", "agent", "rule", "context", "data", "report", "task", "message", "handoff", "design", "state", "audit", "session", "section", "phase", "note", "language"], "weights": [0.4395712674961125, 0.3870054421353207, 0.3648508560124921, 0.3429187211748794, 0.3077670021458152, 0.29559002752397673, 0.28980979572819227, 0.2860197703849314, 0.2635379362348136, 0.262624907983825, 0.25974866366734106, 0.2538867029929448, 0.25190024576499864, 0.2504388957052933, 0.24854445575755035, 0.24793944417551836, 0.24291647797743637, 0.22908464671708303, 0.22773115105435485, 0.22666240522830264], "topic_strength": 55.47765602741915, "top_10_strength": 3.239695726820359, "label": "Code Guidelines"}, {"topic_id": 1, "top_words": ["test", "run", "git", "build", "module", "task", "branch", "bat", "release", "project", "commit", "update", "change", "review", "plugin", "focused", "status", "clean", "commits", "main"], "weights": [0.9045063590528124, 0.4110640744884309, 0.35127616495667613, 0.2969706903103551, 0.28106552893556197, 0.2759302354129696, 0.26020154324130673, 0.25847832176056024, 0.24483091447904895, 0.2442996189370299, 0.19791649964757435, 0.19542014259465915, 0.1929151179140024, 0.18002775804645518, 0.1747862875017513, 0.1722119195936967, 0.16829007419830505, 0.16268873735953876, 0.14947692670415724, 0.14800473581764614], "topic_strength": 20.51414847531489, "top_10_strength": 3.528623451574752, "label": "Testing & Quality"}, {"topic_id": 2, "top_words": ["const", "typescript", "await", "string", "browser", "return", "async", "error", "type", "function", "url", "event", "import", "upload", "javascript", "sdk", "api", "component", "sync", "data"], "weights": [0.6751565395092457, 0.6388889622509979, 0.48724787781954576, 0.35090964208086695, 0.2561061501195741, 0.2370930228063379, 0.23508959635522145, 0.23133877122053434, 0.22948722300890131, 0.19349358828754534, 0.19316552205272378, 0.18640982311281906, 0.1828313794144359, 0.177903348489838, 0.1723466520139317, 0.16844549489492058, 0.16286282108109307, 0.1619222973236608, 0.1596626303776359, 0.15367013681063074], "topic_strength": 19.599722364156555, "top_10_strength": 3.534811373458771, "label": "Frontend Development"}, {"topic_id": 3, "top_words": ["python", "markdown", "memory", "srcclipy", "str", "def", "import", "json", "text", "node", "cost", "export", "api", "video", "html", "auditquestions", "install", "envrc", "dapr", "class"], "weights": [1.1705070827756552, 0.4551256030224882, 0.3386950777322802, 0.29328101807443885, 0.24803244113646192, 0.18566362464976838, 0.18255952240998347, 0.17767746006492338, 0.14789034904782106, 0.13871831671422336, 0.1352022010117359, 0.12860329568312845, 0.12526989034008948, 0.12365048793077811, 0.12363325214957473, 0.12285966002484637, 0.12219007892125978, 0.11532445952132125, 0.11087945246338111, 0.09867982372191343], "topic_strength": 16.802243940527323, "top_10_strength": 3.338150495628044, "label": "Python & Markdown"}, {"topic_id": 4, "top_words": ["mcp", "search", "json", "product", "post", "request", "service", "argument", "url", "method", "site", "query", "bypass", "page", "claude", "tool", "option", "account", "server", "payment"], "weights": [0.5973415375939416, 0.4400898451350632, 0.3710044808513278, 0.3683520949307431, 0.24831282791456344, 0.24349390743358632, 0.23792108122273828, 0.2349149434175925, 0.23074806631836256, 0.2289443997921409, 0.2262072386548201, 0.21109101977130365, 0.18313887052507447, 0.18012308402206367, 0.1708935907024698, 0.16918386473221475, 0.16628518529665984, 0.1638446981268229, 0.16320083649929837, 0.16096984081100432], "topic_strength": 20.824048617005673, "top_10_strength": 3.2011231846100596, "label": "Mcp & Search"}], "file_type": "skill_md"}