{"timestamp": "2026-07-24T03:24:25.297256", "success": true, "message": "Analysis complete with 500 files", "files_collected": 500, "topics_discovered": 5, "topics_data": [{"topic_id": 0, "top_words": ["make", "cargo", "commit", "prefer", "check", "update", "repository", "doc", "module", "package", "command", "issue", "behavior", "type", "git", "release", "new", "version", "dependency", "unless"], "weights": [0.3875940170885561, 0.3601321152889081, 0.3296991631358252, 0.3264488456676734, 0.3118575092343432, 0.31158719311964966, 0.30638421649342773, 0.3059150854283875, 0.305398480877041, 0.30079488681996736, 0.30056553699252075, 0.30053872541643156, 0.2961178499965337, 0.29410185862566596, 0.2940575817772247, 0.2853957218263551, 0.2821019421622324, 0.25966907692791774, 0.25849162210399906, 0.24567204240310742], "topic_strength": 54.93648211000283, "top_10_strength": 3.2458115131537797, "label": "Make & Cargo"}, {"topic_id": 1, "top_words": ["tool", "model", "python", "llm", "prompt", "import", "return", "str", "session", "event", "mcp", "default", "search", "data", "result", "description", "context", "provider", "user", "job"], "weights": [0.9085978785275328, 0.4575131230797927, 0.3590088055233041, 0.2864573305472898, 0.2675530226302193, 0.24966281923733244, 0.2461831577927796, 0.22390176512560483, 0.19874780968968744, 0.18871428089524186, 0.18725363640295398, 0.18320253596509517, 0.18262011293923638, 0.18261177939032508, 0.1752111849165515, 0.17495815852150315, 0.1720404617024041, 0.1673686186260237, 0.16606691568886256, 0.16595653521169765], "topic_strength": 37.187335715263714, "top_10_strength": 3.3863399930487845, "label": "Tool & Model"}, {"topic_id": 2, "top_words": ["skill", "skillmd", "life", "memory", "read", "claude", "session", "available", "cursor", "user", "codex", "instruction", "context", "reference", "description", "copy", "workflow", "path", "npx", "doc"], "weights": [1.679431714378044, 0.22154376476521673, 0.15958178417866045, 0.1531624371288017, 0.1454825979402661, 0.1316443404560361, 0.121658561975815, 0.12150822769876185, 0.11840558388055764, 0.1143934339300332, 0.11364511055785569, 0.1112412675759453, 0.10446865421001145, 0.10075812177583465, 0.0995209471913499, 0.0979370096702348, 0.09739778441597786, 0.09684710120139187, 0.0954069667539275, 0.09383259523186055], "topic_strength": 14.762786382375669, "top_10_strength": 2.9668124463321925, "label": "Skill & Skillmd"}, {"topic_id": 3, "top_words": ["npm", "pnpm", "component", "bun", "typescript", "react", "dev", "frontend", "astro", "server", "install", "import", "lint", "vite", "backend", "type", "page", "api", "vitest", "app"], "weights": [1.207434708883494, 0.5024984938847363, 0.4259162560570531, 0.40244172697063885, 0.36400195279694514, 0.2711526901368148, 0.2521029983194915, 0.2401978222695237, 0.22600939617718144, 0.20681010979157236, 0.2045482374693507, 0.20251619302529258, 0.19855350290047347, 0.18945509251923356, 0.1820464357507278, 0.1804189969001377, 0.17015984279126803, 0.16387668889794232, 0.15853957309109096, 0.1554556184910585], "topic_strength": 26.433295141247598, "top_10_strength": 4.098566155287451, "label": "Frontend Development"}, {"topic_id": 4, "top_words": ["para", "que", "del", "los", "una", "ante", "proyecto", "por", "sin", "cada", "la", "como", "crear", "usuario", "archivos", "tarea", "cs", "esta", "cuando", "debe"], "weights": [1.0134098724215561, 0.6184773379583296, 0.5897257424201279, 0.27906965301051795, 0.2705408751792891, 0.26491603836287364, 0.2524454840563369, 0.24591228313322788, 0.23590826286281483, 0.2158381659068399, 0.19965336380771098, 0.19150419368810326, 0.1827885539860452, 0.16766628885983564, 0.16185591998108567, 0.15666764347067513, 0.14115496376069903, 0.1410150820122868, 0.13498452332964964, 0.13476513426750622], "topic_strength": 10.586496198162003, "top_10_strength": 3.986243715311914, "label": "Para & Que"}], "file_type": "agents_md"}