{"timestamp": "2026-05-21T03:29:37.859506", "success": true, "message": "Analysis complete with 203 files", "files_collected": 203, "topics_discovered": 5, "topics_data": [{"topic_id": 0, "top_words": ["npm", "frontend", "server", "dev", "database", "backend", "typescript", "component", "start", "query", "app", "page", "production", "user", "route", "migration", "react", "url", "fastapi", "nextjs"], "weights": [0.9935056554936994, 0.36250231666443133, 0.33232080765215066, 0.32934602086478837, 0.32768978933590437, 0.29652939049914995, 0.2901386028420077, 0.2255054781493225, 0.22356222554905975, 0.1958793956585322, 0.19301965208459998, 0.19218555189423317, 0.18880839230103688, 0.18608428210298722, 0.17919244002387666, 0.17752454931612466, 0.17514881140250302, 0.17496894700609003, 0.16746234980199468, 0.16187680134080604], "topic_strength": 28.10192890231141, "top_10_strength": 3.5769796827090463, "label": "Frontend Development"}, {"topic_id": 1, "top_words": ["pnpm", "component", "typescript", "typecheck", "react", "card", "supabase", "nextjs", "npx", "package", "dev", "para", "prop", "cs", "playwright", "const", "import", "migration", "branch", "router"], "weights": [1.2509302876040016, 0.2866488702313988, 0.16006402818390192, 0.13807302977365385, 0.12989616723003672, 0.12769327727611368, 0.12438926064469923, 0.12368276124099921, 0.11658078926901592, 0.11368551946712618, 0.11299514751117405, 0.1109209879765807, 0.1045677145921244, 0.10225929252649088, 0.09905211598783106, 0.09897826747565404, 0.09815822346357989, 0.09632221694105886, 0.09554686501732662, 0.0949735001066093], "topic_strength": 13.982221540404195, "top_10_strength": 2.5716439909209465, "label": "Frontend Development"}, {"topic_id": 2, "top_words": ["make", "python", "agent", "git", "documentation", "tool", "rule", "doc", "function", "task", "source", "pytest", "read", "llm", "branch", "instruction", "example", "workflow", "protocol", "add"], "weights": [0.46158243888900796, 0.2966336672495134, 0.2776845427706646, 0.23563883297930807, 0.2317839764612047, 0.22151105912561572, 0.18920963092059098, 0.17092263343357714, 0.16863706248164262, 0.16394001103573247, 0.1624457314759349, 0.16096482971618994, 0.160834399454851, 0.1605929195697636, 0.15866916536581166, 0.15492806424539324, 0.15491751734385767, 0.151583841383297, 0.14728065693018588, 0.14631920219303238], "topic_strength": 35.252856913568124, "top_10_strength": 2.4175438553468576, "label": "Documentation"}, {"topic_id": 3, "top_words": ["cargo", "yarn", "rust", "workspace", "feature", "tauri", "plugin", "release", "cli", "crate", "version", "wrapper", "clippy", "library", "format", "java", "desktop", "support", "trait", "warning"], "weights": [0.6529396243944928, 0.3755820507237221, 0.2827466588675318, 0.1879394936342304, 0.17627766858650057, 0.15510144171228077, 0.13212794228639882, 0.1318620875521556, 0.12366074663295694, 0.12365467272244508, 0.1219602724399886, 0.11676311031148816, 0.11120831321933874, 0.10837907333543047, 0.1065595523627781, 0.1000986663667654, 0.09944032516780853, 0.0990739246297643, 0.09692369778851675, 0.09417189080302796], "topic_strength": 15.462945391806503, "top_10_strength": 2.341892387112715, "label": "Cargo & Yarn"}, {"topic_id": 4, "top_words": ["flutter", "profile", "email", "page", "table", "color", "data", "supabase", "badge", "widget", "theme", "state", "component", "service", "new", "content", "app", "custom", "image", "android"], "weights": [0.338826890708727, 0.19900020396558246, 0.19673549425824455, 0.17793651764900048, 0.17217054022527553, 0.163117491859588, 0.16260618625607015, 0.16159135584973391, 0.1441959924281647, 0.1419361122172634, 0.13939038274858145, 0.13674868887242841, 0.1350962984775707, 0.12813925758159359, 0.12238831742078214, 0.12223234926160169, 0.11917530347394505, 0.11857986693418303, 0.11720377807468574, 0.11050833828379869], "topic_strength": 26.25389584940469, "top_10_strength": 1.85811678541765, "label": "Flutter & Profile"}], "file_type": "claude_md"}