{"timestamp": "2026-03-07T00:35:51.898281", "success": true, "message": "Analysis complete with 500 files", "files_collected": 500, "topics_discovered": 5, "topics_data": [{"topic_id": 0, "top_words": ["error", "function", "make", "change", "configuration", "module", "cargo", "documentation", "package", "testing", "rule", "pattern", "rust", "feature", "implementation", "cli", "new", "git", "update", "add"], "weights": [0.45214752462897434, 0.3730938054247472, 0.3573834993042199, 0.3310508736047267, 0.3174905779484302, 0.3068680033781121, 0.3019871274978765, 0.28777377774521984, 0.2677258870538899, 0.2604095410301604, 0.259783372249797, 0.2578247476592236, 0.24217717537984715, 0.24127065934454953, 0.24099111373925358, 0.23551262474272824, 0.23223080216369363, 0.22742266942425907, 0.22307580119556444, 0.22268309914131998], "topic_strength": 50.535140576483464, "top_10_strength": 3.255930617616357, "label": "Code Guidelines"}, {"topic_id": 1, "top_words": ["npm", "component", "react", "typescript", "frontend", "pnpm", "backend", "server", "dev", "app", "database", "cs", "route", "prisma", "service", "nextjs", "tailwind", "auth", "start", "production"], "weights": [1.0725244160395282, 0.4273777862726937, 0.4168824239625441, 0.3900489123620455, 0.3250386630821663, 0.3177227103821244, 0.30274757309964223, 0.30271732588642436, 0.2753708765559805, 0.25367544527060926, 0.2130894490401043, 0.2111414509158984, 0.20692513522925707, 0.19939671665006528, 0.19393722575305636, 0.1896942079989073, 0.18583579456543423, 0.17736517245164055, 0.1689564227326885, 0.16785742810879803], "topic_strength": 25.46484262671291, "top_10_strength": 4.0841061329137585, "label": "Frontend Development"}, {"topic_id": 2, "top_words": ["game", "property", "content", "component", "javascript", "color", "state", "label", "value", "event", "const", "theme", "site", "page", "dropzone", "defaultvalue", "true", "text", "button", "prop"], "weights": [0.3837934519093711, 0.34080210747750084, 0.2989278029238451, 0.27968116354917644, 0.23867333550522613, 0.2321082984305591, 0.2090001815771616, 0.20671166486672557, 0.19766042725851957, 0.1919129945321827, 0.1872686510877164, 0.18369290399111823, 0.17286625991399013, 0.17187691343967032, 0.17090017118385573, 0.16241923383731893, 0.15970929249729737, 0.14922424341919077, 0.14686321850258374, 0.1451583557693587], "topic_strength": 23.646673560034955, "top_10_strength": 2.5792714280302684, "label": "Game & Property"}, {"topic_id": 3, "top_words": ["python", "llm", "model", "pytest", "def", "config", "image", "str", "agent", "environment", "import", "install", "task", "openai", "tool", "env", "ruff", "docker", "notebook", "script"], "weights": [1.3028572686231497, 0.3670033609605391, 0.22170876133035286, 0.17740259881079998, 0.15302339647223182, 0.1487747960425668, 0.1468147069230634, 0.13480246156137762, 0.13411740286554286, 0.1280433113274837, 0.1269057825076913, 0.12315080246236831, 0.12013470954542498, 0.11949683716879388, 0.11550027311643427, 0.10975293885935178, 0.10830163709823086, 0.10780906657381513, 0.10097419646105671, 0.0970255216891352], "topic_strength": 15.062423773650071, "top_10_strength": 2.9145480649171076, "label": "Python & Llm"}, {"topic_id": 4, "top_words": ["agent", "task", "skill", "tool", "phase", "mcp", "user", "context", "read", "instruction", "step", "session", "review", "prompt", "workflow", "plan", "description", "work", "search", "current"], "weights": [0.6647441102817786, 0.5271542953116684, 0.42595481431434085, 0.38226840175983584, 0.35851577882100766, 0.3490566274082659, 0.23661655339554563, 0.2353975555987999, 0.23114025940187066, 0.2286182640554518, 0.21982439983511712, 0.2128420602489991, 0.19577383046914257, 0.19261025300131276, 0.18641277951301682, 0.17727579434462734, 0.1755922782316536, 0.17343708438713376, 0.16494741459366574, 0.1482901905065835], "topic_strength": 28.620127188092354, "top_10_strength": 3.639466660348565, "label": "Agent & Task"}]}