{"timestamp": "2026-07-11T03:57:51.765619", "success": true, "message": "Analysis complete with 500 files", "files_collected": 500, "topics_discovered": 5, "topics_data": [{"topic_id": 0, "top_words": ["python", "model", "data", "bash", "package", "make", "cli", "command", "class", "dependency", "module", "format", "type", "version", "key", "config", "release", "output", "docker", "install"], "weights": [0.4737264223700169, 0.35585782004044897, 0.3372113330015709, 0.3163425041446843, 0.30639868205683707, 0.29322182208155345, 0.27907563370222255, 0.25246387840616313, 0.23888008916331277, 0.2373210529824932, 0.2367637016720187, 0.23494383459611257, 0.2281434345144789, 0.22735360239530442, 0.227182902499042, 0.2201985368991458, 0.21101205504360085, 0.2093940094364656, 0.20908007696202202, 0.20648185136490516], "topic_strength": 51.31607037689932, "top_10_strength": 3.090499237949303, "label": "Data & APIs"}, {"topic_id": 1, "top_words": ["agentsmd", "instruction", "require", "follow", "repo", "read", "rule", "doc", "workflow", "live", "claudemd", "commits", "binding", "refactor", "plan", "runtime", "reference", "queue", "stack", "codebase"], "weights": [1.958484868209898, 0.0940057568749357, 0.07464471016829287, 0.0663931481671865, 0.04855317218892034, 0.047357612698909236, 0.045529859695722305, 0.040048717317908544, 0.034207903050340986, 0.03403968991045187, 0.024605474007450806, 0.020176094986520815, 0.019692648748388678, 0.01886641807907567, 0.01781111006694224, 0.016563258339369592, 0.015320686834704833, 0.014973062535492677, 0.014589740120315681, 0.014045430059346716], "topic_strength": 3.261233324901348, "top_10_strength": 2.443265438282567, "label": "Project Structure"}, {"topic_id": 2, "top_words": ["npm", "component", "typescript", "cs", "react", "import", "api", "app", "frontend", "page", "tailwind", "const", "server", "pnpm", "dev", "vite", "type", "nextjs", "backend", "hook"], "weights": [0.6348110543449437, 0.5784005802899503, 0.37704780124668436, 0.3644883156073816, 0.3531233284043569, 0.2801803477792713, 0.276002552082631, 0.27255714975519035, 0.2555361673088662, 0.2503157473972441, 0.2413511295943365, 0.2197040389085422, 0.21830024982204066, 0.21819399443094023, 0.20613786719641253, 0.20584202456086925, 0.20261183139604405, 0.198373698523484, 0.19783804517934137, 0.18900230114020666], "topic_strength": 27.992679192626237, "top_10_strength": 3.64246304421652, "label": "Frontend Development"}, {"topic_id": 3, "top_words": ["task", "agent", "change", "git", "commit", "rule", "work", "tool", "skill", "dont", "fix", "user", "write", "add", "step", "update", "issue", "ask", "doc", "create"], "weights": [0.5617140836235864, 0.5268404863098424, 0.5115643062761754, 0.49174306734402645, 0.36155226174768457, 0.34720733704670576, 0.3353064700086811, 0.3293844407967904, 0.32850135770585565, 0.32405905197744556, 0.3201967380863569, 0.2832799379912913, 0.28016038118604525, 0.2793630574155309, 0.24121225423394088, 0.2398794214712825, 0.22999838788415627, 0.22651498456623673, 0.2175948330969255, 0.21124603464092687], "topic_strength": 39.49352116057639, "top_10_strength": 4.117872862836793, "label": "Task & Agent"}, {"topic_id": 4, "top_words": ["plan", "end", "information", "additional", "shell", "important", "context", "current", "start", "used", "read", "structure", "command", "phase", "openai", "review", "tool", "plus", "limit", "node"], "weights": [0.5895593160392096, 0.46314653568619313, 0.45947002410680576, 0.4425128203950523, 0.4354625625765026, 0.41823007364319564, 0.35009031116212913, 0.32858498901723876, 0.30524790353663483, 0.3028555605093116, 0.29379327474573136, 0.29298574602519656, 0.2747046638203247, 0.05703117543618076, 0.051407947199007174, 0.04845294949082388, 0.043201163177257404, 0.043177286576324164, 0.04142502055115424, 0.04100630563873479], "topic_strength": 8.579916705227989, "top_10_strength": 4.095160096672273, "label": "Plan & End"}], "file_type": "claude_md"}