{"timestamp": "2026-05-25T03:07:41.553338", "success": true, "message": "Analysis complete with 500 files", "files_collected": 500, "topics_discovered": 5, "topics_data": [{"topic_id": 0, "top_words": ["task", "agent", "change", "git", "skill", "session", "work", "read", "commit", "new", "documentation", "rule", "issue", "plan", "command", "tool", "context", "check", "add", "feature"], "weights": [0.4474977005527572, 0.39798976446898043, 0.3958038948543938, 0.3873163245888878, 0.3774707361289886, 0.3140267288663465, 0.31301271056249647, 0.3096181220850964, 0.30122482013038776, 0.29219969976872845, 0.284363915890187, 0.2837375695718645, 0.27141330330075775, 0.26520561178330937, 0.24754458532429346, 0.24684543094940029, 0.24460026449994146, 0.23738463312214736, 0.23681391150938955, 0.23227336474346785], "topic_strength": 51.76027295139483, "top_10_strength": 3.536160502007064, "label": "Task & Agent"}, {"topic_id": 1, "top_words": ["npm", "component", "pnpm", "typescript", "react", "dev", "state", "api", "server", "backend", "supabase", "frontend", "nextjs", "vitest", "type", "tailwind", "app", "development", "auth", "production"], "weights": [0.82118267200857, 0.5490304243996436, 0.4455827247682883, 0.3800907016334987, 0.3405389432440529, 0.2625641066011207, 0.24449268339923363, 0.23533630526596264, 0.23351619712296345, 0.22807397318948153, 0.20547250059627784, 0.2045750471064468, 0.20446358614002666, 0.18423515291018572, 0.18338689911733033, 0.1796676191602799, 0.17896950167561973, 0.17887582767349483, 0.1783969390807814, 0.1658673337620604], "topic_strength": 27.40344647613875, "top_10_strength": 3.7404087316328156, "label": "Frontend Development"}, {"topic_id": 2, "top_words": ["python", "api", "model", "docker", "service", "backend", "bash", "endpoint", "frontend", "mainpy", "env", "pytest", "data", "port", "pipeline", "fastapi", "anthropic", "token", "environment", "llm"], "weights": [0.7351167551426044, 0.6302211584504445, 0.436602612934165, 0.2854924799906729, 0.25091578567895795, 0.2248444075171626, 0.2188598243148603, 0.20964407283195602, 0.1982542690219626, 0.18592973542877195, 0.18417853603764947, 0.17520000349835083, 0.16444056513475702, 0.15764481754069398, 0.15672024644192972, 0.1561281556129535, 0.15457989698467156, 0.15214816483935892, 0.1477721971110325, 0.146410166547342], "topic_strength": 28.267228116481856, "top_10_strength": 3.3758811013115584, "label": "Backend Services"}, {"topic_id": 3, "top_words": ["agentsmd", "mcp", "agent", "instruction", "spec", "para", "skill", "domain", "claim", "review", "hook", "claudemd", "android", "doc", "io", "memory", "github", "opus", "grep", "sonnet"], "weights": [1.6651365259230002, 0.09943914847291228, 0.08203384078300785, 0.059506987505014666, 0.05569881546104852, 0.05108527307397081, 0.045758247733615295, 0.04406764933222638, 0.04314149212258728, 0.03983538250919629, 0.03949212443245094, 0.03930058260162636, 0.0357675813666952, 0.035114671860017384, 0.03469053627571568, 0.033808827837535, 0.032649233317112836, 0.026192407677810423, 0.024789826786752955, 0.02469654637162034], "topic_strength": 3.685088460678842, "top_10_strength": 2.1857033629165796, "label": "Testing & Quality"}, {"topic_id": 4, "top_words": ["page", "post", "content", "image", "site", "blog", "frame", "static", "text", "html", "template", "github", "theme", "cs", "device", "link", "screenshots", "tag", "layout", "app"], "weights": [0.42419343503969426, 0.3760294075842647, 0.3756392892702695, 0.33869904386132005, 0.31595281267632586, 0.31278880217687866, 0.28574450701068127, 0.26968000300736555, 0.2610377486121992, 0.23719029628941837, 0.22638842837544138, 0.2223649423736668, 0.20254498178276442, 0.1895803771116531, 0.18782304774023006, 0.1773466591464747, 0.17343233672883387, 0.1634808698289674, 0.15747030738481707, 0.15538214241789472], "topic_strength": 23.540005515830632, "top_10_strength": 3.1969553455284174, "label": "Page & Post"}], "file_type": "claude_md"}