{"timestamp": "2026-04-20T00:53:49.616427", "success": true, "message": "Analysis complete with 500 files", "files_collected": 500, "topics_discovered": 5, "topics_data": [{"topic_id": 0, "top_words": ["python", "model", "api", "mcp", "data", "tool", "module", "cargo", "service", "dependency", "error", "server", "rust", "configuration", "make", "function", "pytest", "integration", "database", "pattern"], "weights": [0.5119423517005758, 0.4934354340444699, 0.39133329751032897, 0.34891699181379404, 0.3229248281820289, 0.3077056844904027, 0.30029540091380286, 0.2939023681407488, 0.2899285841538544, 0.27264925443767557, 0.27088071465114244, 0.27004161312502195, 0.26827436732112064, 0.2681859781742423, 0.24220426623642255, 0.23938624209716597, 0.23887077693062625, 0.23474523873123956, 0.23324538173123263, 0.23043758439974263], "topic_strength": 51.70311886852474, "top_10_strength": 3.533034195387682, "label": "Data & APIs"}, {"topic_id": 1, "top_words": ["npm", "frontend", "backend", "api", "react", "component", "typescript", "dev", "prisma", "lint", "nextjs", "vite", "eslint", "docker", "production", "app", "auth", "development", "supabase", "service"], "weights": [1.1029987017781424, 0.38507527182308754, 0.36745095383559434, 0.36168963362834206, 0.34873583861858654, 0.3382018921376635, 0.29775573976608827, 0.2801046635198899, 0.23360767609259936, 0.207938443275801, 0.19368891491538914, 0.18083226055724305, 0.18011900290524901, 0.16662802064950907, 0.16630052291058345, 0.16182936931935435, 0.1615270568845007, 0.15757945902777687, 0.15340739648648757, 0.146108343786417], "topic_strength": 19.932628608441433, "top_10_strength": 3.9235588144757947, "label": "Frontend Development"}, {"topic_id": 2, "top_words": ["pnpm", "bun", "package", "typescript", "component", "type", "vitest", "import", "dev", "lint", "error", "eslint", "rust", "nextjs", "extension", "manager", "src", "documentation", "export", "mock"], "weights": [1.306455968561681, 0.2606166409403097, 0.2307823012359385, 0.1654351529438015, 0.15221650531534908, 0.14767422966000712, 0.1296903145240645, 0.12320299226493614, 0.12202068349409191, 0.11696519690401389, 0.11482303764068692, 0.1075585206070312, 0.09408072126261367, 0.0932671132729784, 0.09095487984861117, 0.08948571079905994, 0.08405327495075955, 0.08261671294808537, 0.08055953066903163, 0.07738565642118275], "topic_strength": 12.000288666541138, "top_10_strength": 2.755059985844194, "label": "Frontend Development"}, {"topic_id": 3, "top_words": ["page", "post", "content", "blog", "cs", "site", "html", "static", "card", "component", "animation", "font", "image", "section", "theme", "color", "text", "button", "title", "github"], "weights": [0.4321957964358902, 0.33912822247033864, 0.31032488101077516, 0.30943740617072973, 0.24845595962010394, 0.2419790361263935, 0.22456298132823166, 0.22430195631423955, 0.21675143744848646, 0.21629488440770667, 0.21532079608829344, 0.19837995811873638, 0.19728731620940515, 0.19089272804488341, 0.1830450801922703, 0.17871116956453983, 0.17682583168706642, 0.15272122486763343, 0.15211308462768844, 0.1501951597348897], "topic_strength": 24.852951227159416, "top_10_strength": 2.7634325613328956, "label": "Page & Post"}, {"topic_id": 4, "top_words": ["agent", "task", "session", "read", "change", "git", "user", "work", "instruction", "commit", "plan", "skill", "issue", "rule", "context", "review", "workflow", "documentation", "doc", "memory"], "weights": [0.5232305701277048, 0.46902891638661154, 0.3500795761508721, 0.32936061161963076, 0.32690980644688694, 0.30226127276447556, 0.27702637761079635, 0.2548487780357361, 0.25412314984159395, 0.237201501409279, 0.23191792660635088, 0.2304971162561875, 0.22865254071223093, 0.220321859746313, 0.20120447980912337, 0.19580775955669902, 0.18624387940340578, 0.18623435139252542, 0.18491273263316443, 0.18185429961892866], "topic_strength": 32.82614539084233, "top_10_strength": 3.3240705603935874, "label": "Agent & Task"}]}