{"timestamp": "2026-07-10T03:43:40.828965", "success": true, "message": "Analysis complete with 200 files", "files_collected": 200, "topics_discovered": 5, "topics_data": [{"topic_id": 0, "top_words": ["python", "config", "class", "version", "cli", "make", "model", "script", "port", "package", "tool", "dependency", "release", "pattern", "image", "check", "install", "type", "mode", "format"], "weights": [0.4445072005902979, 0.2920235856894411, 0.24404375654170438, 0.2395663294556205, 0.23751551311240213, 0.2344554243403647, 0.226833264337431, 0.2180834425616234, 0.20858797090843628, 0.20487098643034377, 0.20172699092837845, 0.1983244537242506, 0.19696295948779885, 0.19083681350250614, 0.18991252090658053, 0.18507022839161769, 0.18116015400961671, 0.17785783227220367, 0.17781389143558454, 0.17667918449069944], "topic_strength": 46.90218315285259, "top_10_strength": 2.550487473967665, "label": "Code Guidelines"}, {"topic_id": 1, "top_words": ["agentsmd", "guideline", "read", "instruction", "follow", "convention", "codebase", "common", "rule", "truth", "developer", "save", "source", "note", "pointer", "repo", "directory", "context", "canonical", "deprecated"], "weights": [1.5583472983461555, 0.24794362327311897, 0.21309451245888159, 0.19127756505678323, 0.16515534017870834, 0.1336511232805311, 0.10433863632546414, 0.09885040107649938, 0.09401659514554135, 0.08962560515056657, 0.08291940298941473, 0.07994524407830243, 0.05466624517155085, 0.054495568480488504, 0.05201999107394773, 0.05151467219217129, 0.04960941042295765, 0.04920260413465051, 0.04831866681199545, 0.04671512691332202], "topic_strength": 4.643887926220812, "top_10_strength": 2.896300700292249, "label": "Agentsmd & Guideline"}, {"topic_id": 2, "top_words": ["cargo", "crate", "workspace", "fmt", "rust", "make", "check", "warning", "trait", "public", "existing", "error", "prefer", "guidance", "format", "cli", "type", "release", "abstraction", "change"], "weights": [1.3561595813086298, 0.5837776052767771, 0.3144934297641154, 0.19926655883082284, 0.19010918812614602, 0.17638919093350414, 0.17090559267001912, 0.16264605442132535, 0.14221053959799815, 0.13813436189408596, 0.13286935452502904, 0.13117697159180203, 0.12903831894833323, 0.12847948466528433, 0.12807374886976242, 0.1279874126659389, 0.12193851232176135, 0.1143268886849894, 0.11032363985056798, 0.10857729765701554], "topic_strength": 12.96552802635516, "top_10_strength": 3.4340921028234233, "label": "Cargo & Crate"}, {"topic_id": 3, "top_words": ["agent", "skill", "tool", "container", "mcp", "sudo", "service", "llm", "context", "task", "memory", "prompt", "session", "message", "model", "provider", "mount", "result", "json", "restart"], "weights": [1.3302885680104015, 0.2797564378343763, 0.27809179255381694, 0.2306012987553015, 0.1985141644111493, 0.175304837981772, 0.17160141605285145, 0.1633862873344746, 0.15746466188635513, 0.15116748640331173, 0.14827892311859445, 0.14228522751355346, 0.1390112621063223, 0.13211060420724755, 0.1309332398349952, 0.12418535035859976, 0.11942821578121994, 0.11408634376603932, 0.11296859692192751, 0.10909479660414158], "topic_strength": 18.73850469999921, "top_10_strength": 3.136176951223811, "label": "Agent & Skill"}, {"topic_id": 4, "top_words": ["npm", "bun", "typescript", "task", "component", "frontend", "react", "pnpm", "cs", "backend", "app", "page", "state", "server", "api", "web", "skill", "dev", "extension", "content"], "weights": [0.4819175468819899, 0.3674322483963637, 0.2968637184103544, 0.2772606733041567, 0.26524315591274533, 0.25386871153028623, 0.23344199943167407, 0.20499179766744044, 0.20172939044660823, 0.20141866181180643, 0.20115719380344005, 0.19211060995812113, 0.17976447775209856, 0.1761527446694331, 0.17247316166628038, 0.16158924004435796, 0.1614888229087941, 0.1596600958791165, 0.15230925684174554, 0.14993692238782114], "topic_strength": 29.3781961204387, "top_10_strength": 2.784167903793425, "label": "Frontend Development"}], "file_type": "claude_md"}