{"timestamp": "2026-07-17T03:50:41.893180", "success": true, "message": "Analysis complete with 500 files", "files_collected": 500, "topics_discovered": 5, "topics_data": [{"topic_id": 0, "top_words": ["change", "make", "user", "git", "rule", "task", "dont", "error", "check", "read", "feature", "version", "data", "new", "commit", "type", "add", "work", "fix", "module"], "weights": [0.4290776201734248, 0.34368613274162996, 0.33090979400649473, 0.3291313161957008, 0.31675658270956525, 0.30796648807314747, 0.3058553678012004, 0.30111105964198953, 0.274961655007792, 0.2732924490109388, 0.26242021222003414, 0.25738053628171775, 0.2532287218636708, 0.24711262986671256, 0.24649919373893892, 0.24604126780479538, 0.2352054677129613, 0.22854270369212643, 0.22417646717082718, 0.2187475939833205], "topic_strength": 57.11273768997824, "top_10_strength": 3.212748465361884, "label": "User Interface"}, {"topic_id": 1, "top_words": ["agentsmd", "follow", "read", "instruction", "context", "repo", "require", "primary", "rule", "agent", "frontend", "codebase", "convention", "guideline", "spec", "area", "making", "instead", "content", "workflow"], "weights": [1.9197047598114618, 0.18612510119804188, 0.17065671254340967, 0.16764802128612225, 0.1315606598729161, 0.12213053461398049, 0.0887863709366565, 0.0873060977700487, 0.0753280940853832, 0.07334936374514961, 0.06724962011752225, 0.06385816939958111, 0.060043990706696845, 0.05989402141407727, 0.05474185762642214, 0.05236064394419689, 0.04921160843418959, 0.04177451034309959, 0.04011338351076321, 0.038703212582345034], "topic_strength": 4.908256133169859, "top_10_strength": 3.0225957158631704, "label": "Agentsmd & Follow"}, {"topic_id": 2, "top_words": ["npm", "component", "page", "cs", "server", "react", "api", "dev", "typescript", "app", "client", "tailwind", "production", "frontend", "image", "nextjs", "token", "development", "custom", "supabase"], "weights": [0.7325283207748489, 0.5551213749930435, 0.4911642324853211, 0.3595557551122047, 0.33394183918851644, 0.28193229241561385, 0.2752053825387828, 0.26130760402123726, 0.2593993398072739, 0.25131037597364064, 0.2511181231311556, 0.2490713868037978, 0.2243257086810636, 0.20696156542415867, 0.20389635758131833, 0.2026374244117113, 0.20261410752622688, 0.20014368866328366, 0.1979684160186931, 0.18758662739895746], "topic_strength": 34.66440640573322, "top_10_strength": 3.8014665173104834, "label": "Frontend Development"}, {"topic_id": 3, "top_words": ["agent", "skill", "python", "llm", "tool", "github", "api", "prompt", "cli", "skillmd", "task", "issue", "json", "docker", "workflow", "pytest", "doc", "mcp", "script", "review"], "weights": [0.7939167504646605, 0.7009772876493214, 0.43561048393361274, 0.26051827472731626, 0.2272631000996153, 0.21093278961150524, 0.1869468609865389, 0.17547755886558375, 0.17227276566202943, 0.15498409311105416, 0.14314948258469296, 0.13900357798820304, 0.13823656370082577, 0.13616438990268084, 0.131454366687699, 0.12371817658066728, 0.12288376045145152, 0.12190051937946177, 0.12172288108646435, 0.119421578797598], "topic_strength": 18.86270786980883, "top_10_strength": 3.318899965111238, "label": "Agent & Skill"}, {"topic_id": 4, "top_words": ["pnpm", "package", "import", "typescript", "monorepo", "workspace", "dev", "type", "filter", "app", "component", "api", "react", "store", "node", "nodejs", "vitest", "command", "lint", "server"], "weights": [1.2547578451723305, 0.289354070707872, 0.15943982687618327, 0.1419658674504846, 0.1412829323893432, 0.13901168094961305, 0.1126409079088811, 0.1116517735196807, 0.11152224246831476, 0.10040913441680151, 0.09972575292736863, 0.09839121147468986, 0.09742602630921712, 0.09310717280079052, 0.09289008875567457, 0.0925471654981115, 0.0878421915181906, 0.08632013728548821, 0.0817593124502519, 0.07969238216545602], "topic_strength": 14.143107675380916, "top_10_strength": 2.562036281859505, "label": "Frontend Development"}], "file_type": "claude_md"}