{"timestamp": "2026-05-28T03:40:43.052917", "success": true, "message": "Analysis complete with 500 files", "files_collected": 500, "topics_discovered": 5, "topics_data": [{"topic_id": 0, "top_words": ["change", "python", "task", "git", "tool", "agent", "step", "read", "work", "plan", "command", "session", "user", "output", "feature", "documentation", "rule", "context", "skill", "new"], "weights": [0.4195694341915296, 0.4082320601397121, 0.3694562110239079, 0.35235193340377763, 0.3263231841857288, 0.3229774743391371, 0.31338025976325773, 0.3042569905123869, 0.29336234535422717, 0.28353351049299585, 0.280483807091229, 0.2737721846925134, 0.2707870270936211, 0.2694835175285193, 0.2691491213947636, 0.24861756130546472, 0.24670156881669314, 0.2394906279870447, 0.23391411034002038, 0.22966420137199656], "topic_strength": 59.009276404075194, "top_10_strength": 3.3934434034066605, "label": "Change & Python"}, {"topic_id": 1, "top_words": ["npm", "component", "react", "typescript", "dev", "server", "state", "route", "cs", "app", "supabase", "page", "production", "vite", "tailwind", "preview", "nextjs", "type", "backend", "hook"], "weights": [0.7923749790017918, 0.5765900577998958, 0.33999102723398966, 0.2875576817496654, 0.28558769997016553, 0.2497642449941232, 0.24322985757887833, 0.21984464580902321, 0.2138339299181899, 0.2060739126214639, 0.20582334802759433, 0.20347332906626467, 0.19622469650149618, 0.1874107515443162, 0.18541349684167346, 0.18108197325905032, 0.1807918100026167, 0.17719430441383424, 0.17583564833988624, 0.1743085909134353], "topic_strength": 32.2803351766887, "top_10_strength": 3.4148480366771867, "label": "Frontend Development"}, {"topic_id": 2, "top_words": ["para", "del", "que", "por", "com", "ante", "arquivo", "usar", "sistema", "python", "cdigo", "sem", "una", "null", "solo", "supabase", "componentes", "vercel", "git", "google"], "weights": [1.0050936873792389, 0.5394834857340695, 0.4795148366342978, 0.42629449215270576, 0.3271224953510864, 0.30611734732162205, 0.29889506615305705, 0.2889742773569471, 0.2300205830366484, 0.22127182980561852, 0.21160351126518567, 0.2018809278424977, 0.1915267332398111, 0.16817185053098566, 0.1681348143405811, 0.16482514916930666, 0.15095223979522793, 0.13853062714743503, 0.13468058064775895, 0.12378493906306508], "topic_strength": 12.502407910073915, "top_10_strength": 4.122788100925292, "label": "Para & Del"}, {"topic_id": 3, "top_words": ["image", "pdf", "page", "chat", "text", "upload", "document", "content", "number", "limit", "section", "size", "article", "click", "window", "html", "token", "model", "supported", "title"], "weights": [0.6462607807873194, 0.3397829191271547, 0.3342574901771131, 0.3308206223629898, 0.3259526198971922, 0.30100048876525115, 0.2554122129064958, 0.24768126491879697, 0.22197523998146948, 0.19734651826637573, 0.17185969465884404, 0.17161427188692788, 0.1547419900961199, 0.14144461927226654, 0.1353319359538084, 0.12173480530938267, 0.12138267159790792, 0.11464529903936892, 0.11451169497618914, 0.1131829752380051], "topic_strength": 16.26444869420795, "top_10_strength": 3.2004901571901585, "label": "Image & Pdf"}, {"topic_id": 4, "top_words": ["pnpm", "backend", "package", "frontend", "agentsmd", "dev", "typescript", "manager", "filter", "docker", "typecheck", "route", "database", "prisma", "worker", "service", "lint", "schema", "log", "vitest"], "weights": [1.3221066866318392, 0.1987301981320448, 0.19164912326142167, 0.1711037764869417, 0.12943379379818207, 0.11917330748615863, 0.11565815689628119, 0.11478063043608891, 0.11460510955366614, 0.11247154112037702, 0.10882275078018054, 0.10727606924808761, 0.10697738094892725, 0.105454065527329, 0.09135099385655766, 0.0891629325698331, 0.08886316618896091, 0.08173503814761585, 0.07919428089788957, 0.07872372750092799], "topic_strength": 12.063007563585964, "top_10_strength": 2.5897123238030013, "label": "Frontend Development"}], "file_type": "claude_md"}