{"timestamp": "2026-07-19T03:16:24.864680", "success": true, "message": "Analysis complete with 500 files", "files_collected": 500, "topics_discovered": 5, "topics_data": [{"topic_id": 0, "top_words": ["python", "bash", "version", "api", "package", "make", "dependency", "pytest", "command", "format", "release", "type", "configuration", "development", "testing", "repository", "cargo", "integration", "install", "pattern"], "weights": [0.4337717725370856, 0.40040554814323326, 0.3234892371016195, 0.31933047929890557, 0.30112951136676325, 0.2959881699804848, 0.2898574331936675, 0.28651575193415946, 0.28185648487297743, 0.28058921783675644, 0.275846793236572, 0.2684532708702704, 0.26350325646340655, 0.2548174845771576, 0.24792143896276458, 0.24439628687258225, 0.24191889327870375, 0.23263767741440453, 0.23092220078461043, 0.2235072682535204], "topic_strength": 44.295661256971655, "top_10_strength": 3.2129336062656533, "label": "Data & APIs"}, {"topic_id": 1, "top_words": ["agentsmd", "instruction", "require", "read", "follow", "live", "repo", "rule", "life", "contract", "guidance", "documentation", "tag", "created", "agent", "change", "npm", "truth", "process", "title"], "weights": [1.9915893007515162, 0.10757477694215188, 0.07933059563208907, 0.057146256910458944, 0.05176042957095318, 0.04072456583415231, 0.03752626307641921, 0.03376992437056817, 0.030543542507788134, 0.02952293944916806, 0.026624885722378665, 0.02609100707749876, 0.02008994377297337, 0.01797344858049553, 0.01761651120221192, 0.016817416889932355, 0.015848400274654426, 0.013813122147462631, 0.01358591396188085, 0.013262720323011835], "topic_strength": 3.1313946695408665, "top_10_strength": 2.459488595045265, "label": "Agentsmd & Instruction"}, {"topic_id": 2, "top_words": ["page", "component", "npm", "cs", "react", "app", "typescript", "pnpm", "frontend", "api", "tailwind", "server", "content", "route", "icon", "nextjs", "dev", "theme", "color", "site"], "weights": [0.5031475640844025, 0.497254791919112, 0.4652179694829707, 0.34278160870530544, 0.26860917689159597, 0.25504115428358504, 0.25117260250881546, 0.2473273725729365, 0.2232286183857751, 0.21689602136279204, 0.2136776792539721, 0.20419554237625392, 0.19740313720337135, 0.19537195163057927, 0.19258813487389775, 0.18979010664096718, 0.18894067310939613, 0.18885408116405983, 0.1868685894568788, 0.18629142846872632], "topic_strength": 31.067486796178127, "top_10_strength": 3.2706768801972905, "label": "Frontend Development"}, {"topic_id": 3, "top_words": ["task", "change", "user", "rule", "phase", "dont", "new", "read", "check", "work", "add", "git", "data", "plan", "step", "fix", "write", "tool", "update", "ask"], "weights": [0.4388944514176451, 0.3552835280893251, 0.3190032232642838, 0.2925398982646452, 0.2581620083221874, 0.243155654685373, 0.2267970284612349, 0.2146520138815203, 0.20891933765054468, 0.20670508035057894, 0.20062032905590377, 0.19136811212232077, 0.1851588723852385, 0.1848699946830497, 0.18134315338875495, 0.1776013407307236, 0.17530643828309214, 0.17486056870200287, 0.1727617957954197, 0.1706425106543772], "topic_strength": 36.67084823156982, "top_10_strength": 2.764112224387339, "label": "User Interface"}, {"topic_id": 4, "top_words": ["agent", "skill", "llm", "prompt", "instruction", "mcp", "skillmd", "tool", "workflow", "bash", "read", "para", "documentation", "python", "api", "script", "repo", "cli", "que", "review"], "weights": [1.042000182215372, 0.8775394655982913, 0.20278959675130617, 0.18450953747648735, 0.17150500856360276, 0.17081065448199112, 0.16427462305338525, 0.16030271761277348, 0.139224411040278, 0.1334748823349633, 0.1264032373007188, 0.12288677311921466, 0.12016794762927788, 0.10757354204778605, 0.10495841870108012, 0.10087682815166535, 0.10008251827718115, 0.09959933133057537, 0.09586552101521277, 0.09582422413445219], "topic_strength": 15.35453701886642, "top_10_strength": 3.2464310791284503, "label": "Agent & Skill"}], "file_type": "claude_md"}