{"timestamp": "2026-06-15T03:57:31.611274", "success": true, "message": "Analysis complete with 500 files", "files_collected": 500, "topics_discovered": 5, "topics_data": [{"topic_id": 0, "top_words": ["make", "type", "module", "package", "cargo", "class", "release", "api", "function", "config", "check", "pattern", "php", "version", "error", "return", "service", "configuration", "method", "data"], "weights": [0.3934513926398991, 0.3904439724406986, 0.37337610809646066, 0.3051937061463361, 0.30388790748918215, 0.30286342963048873, 0.26986757149495605, 0.25305947669345574, 0.2501286592971886, 0.24815364672878243, 0.23447751176141401, 0.23350432721319722, 0.23289873528204796, 0.22312850997908282, 0.22254549409275015, 0.21934790512619673, 0.21600404523934247, 0.2154929100176986, 0.20640181573222205, 0.2020943907527667], "topic_strength": 51.98029299859668, "top_10_strength": 3.090425870657448, "label": "Make & Type"}, {"topic_id": 1, "top_words": ["npm", "component", "page", "api", "frontend", "server", "cs", "react", "typescript", "backend", "route", "app", "client", "data", "tailwind", "supabase", "production", "dev", "nextjs", "auth"], "weights": [0.7948413049610328, 0.43294247062125046, 0.3864842599176358, 0.347600675814674, 0.31181147084691685, 0.274151531556987, 0.26583192077551665, 0.24868765136915055, 0.24419611531419505, 0.23786241990801302, 0.23695908951460173, 0.23015767642343551, 0.21772653578652026, 0.2163393578442561, 0.2137844293712486, 0.20638027478673607, 0.19837768258832375, 0.19725886719029653, 0.19058984679365482, 0.18530878657961256], "topic_strength": 28.020669406865956, "top_10_strength": 3.544409821085372, "label": "Frontend Development"}, {"topic_id": 2, "top_words": ["python", "skill", "ratio", "tool", "json", "budget", "automation", "usage", "analysis", "format", "purpose", "flow", "data", "actual", "model", "mcp", "total", "feature", "exit", "mainpy"], "weights": [1.0140779887991707, 0.5587673812097873, 0.5252419370940763, 0.3927653171141265, 0.26659197611507757, 0.2324960530594686, 0.22103426894820766, 0.19328532556478178, 0.1865232091012486, 0.18441961926533096, 0.1787339790036247, 0.15630319930408954, 0.14381213965116327, 0.13241114211984673, 0.11646453949854305, 0.11479088296821525, 0.10979252837704372, 0.10361751570246056, 0.1017923800034269, 0.0980602145753127], "topic_strength": 12.946055431840783, "top_10_strength": 3.775203076271276, "label": "Python & Skill"}, {"topic_id": 3, "top_words": ["task", "agent", "tool", "git", "user", "issue", "plan", "context", "rule", "work", "change", "session", "mcp", "memory", "add", "review", "step", "workflow", "repo", "commit"], "weights": [0.5429342168971029, 0.4665946530142769, 0.339755207357492, 0.32091996856177846, 0.31255265395764076, 0.30408203544277895, 0.2658064045552188, 0.2576163538417688, 0.25679529426921743, 0.2555866444234811, 0.24602555866885106, 0.2381032329635532, 0.22025417401741557, 0.20869015627851, 0.18884207708933162, 0.1885861768511126, 0.18692112920866924, 0.17797253154439677, 0.17442205416481865, 0.174066343377451], "topic_strength": 34.135936812101825, "top_10_strength": 3.3226434323207563, "label": "User Interface"}, {"topic_id": 4, "top_words": ["pnpm", "package", "component", "typescript", "dev", "lint", "template", "typecheck", "type", "nextjs", "import", "react", "app", "hook", "vitest", "filter", "eslint", "config", "server", "query"], "weights": [1.3778075742083815, 0.26513778185673764, 0.21588980523610246, 0.17471063492791516, 0.15561637896113784, 0.1415330723956382, 0.137106248708084, 0.12627283542445028, 0.12442954022096497, 0.11769849708892936, 0.11503183356515763, 0.11491021460211924, 0.10648342650032125, 0.10529684583476438, 0.10494303719846379, 0.10376513506060875, 0.10208980219559385, 0.10172194211220456, 0.09185844171455966, 0.08926664156448583], "topic_strength": 13.407158407163138, "top_10_strength": 2.8362023690283418, "label": "Frontend Development"}], "file_type": "claude_md"}