{"timestamp": "2026-05-12T00:35:31.638205", "success": true, "message": "Analysis complete with 500 files", "files_collected": 500, "topics_discovered": 5, "topics_data": [{"topic_id": 0, "top_words": ["python", "make", "model", "pytest", "docker", "tool", "install", "configuration", "mcp", "cli", "data", "database", "dependency", "output", "environment", "json", "backend", "integration", "service", "error"], "weights": [0.9923895799585337, 0.4186199477390946, 0.3947572751061125, 0.30749601415291733, 0.2998771887214496, 0.2973632039833124, 0.27969619236335025, 0.2733097860302818, 0.26774907477475113, 0.2633761080772235, 0.25687653239606617, 0.23009685786341624, 0.22821198408536714, 0.22818744060491855, 0.22627292878703384, 0.22542844846486582, 0.22484420634288005, 0.22437581382972768, 0.22277407795698798, 0.21311250285038216], "topic_strength": 45.91925073581194, "top_10_strength": 3.7946343709070263, "label": "Python & Make"}, {"topic_id": 1, "top_words": ["npm", "component", "typescript", "react", "page", "app", "dev", "cs", "state", "data", "server", "tailwind", "supabase", "production", "route", "nextjs", "start", "frontend", "user", "development"], "weights": [1.1002480630248979, 0.4606540532811639, 0.3397167297355516, 0.310653267449945, 0.3084682689488534, 0.28642518775977244, 0.27966929015153813, 0.2517772086519753, 0.23976795663044684, 0.23505164095666317, 0.2195657942521494, 0.21914812836524694, 0.21532406849359084, 0.18947049321217854, 0.18821582044348545, 0.187086363280582, 0.1860398512320759, 0.18282996561846024, 0.1721831700216335, 0.17146050669857518], "topic_strength": 33.33089361895345, "top_10_strength": 3.812431666590808, "label": "Frontend Development"}, {"topic_id": 2, "top_words": ["pnpm", "component", "prisma", "route", "tailwind", "cs", "router", "dev", "tanstack", "nextjs", "app", "le", "typescript", "admin", "lint", "server", "react", "eslint", "hook", "page"], "weights": [1.5200765320772582, 0.24809594300042606, 0.23494288045671718, 0.18167385409536324, 0.17853935173973537, 0.17763169374590101, 0.17755853129610377, 0.17253448186939227, 0.1692237938871927, 0.1582766148459441, 0.1556055661600308, 0.1551195136947297, 0.14482282486254416, 0.14102428892491595, 0.13798827571157293, 0.1306874360328336, 0.12844126020644092, 0.12321413835973684, 0.10790475743493191, 0.10770515884936616], "topic_strength": 18.68326400644012, "top_10_strength": 3.218553677014034, "label": "Frontend Development"}, {"topic_id": 3, "top_words": ["skill", "task", "rule", "change", "plan", "step", "work", "agent", "git", "doc", "requirement", "agentsmd", "user", "update", "read", "commit", "workflow", "feature", "review", "session"], "weights": [0.39716069419807065, 0.38157088572910214, 0.3263083057685885, 0.32354149190344517, 0.2766506791901803, 0.2505493574571652, 0.2491533700609631, 0.2458457880091502, 0.24372882394262055, 0.2232190695794699, 0.2166256417855634, 0.2070562569596133, 0.2068081637328421, 0.20599169332033226, 0.205535514687996, 0.20308166218539697, 0.20056763667242483, 0.19902843736372638, 0.19880471810140835, 0.18802291209879568], "topic_strength": 38.422605124340066, "top_10_strength": 2.917728465838756, "label": "Skill & Task"}, {"topic_id": 4, "top_words": ["bun", "rule", "mcp", "tool", "plugin", "component", "import", "server", "instead", "install", "start", "contract", "lint", "typescript", "validation", "supabase", "oauth", "node", "integration", "http"], "weights": [1.5226961726343022, 0.15444248710785105, 0.14598339344571837, 0.13709560413558475, 0.1369832069894852, 0.13100542895488074, 0.13091887671669947, 0.12906020886142336, 0.11433709321682559, 0.11387027091327116, 0.10629512398994805, 0.10403696525101588, 0.10260350459219497, 0.09838037337007215, 0.09736118467550108, 0.09243856138292657, 0.09030712200710937, 0.09027158441860669, 0.08918241181430321, 0.083120699836381], "topic_strength": 11.960321018408548, "top_10_strength": 2.7163927429760424, "label": "Bun & Rule"}]}