{"timestamp": "2026-07-12T03:37:41.918241", "success": true, "message": "Analysis complete with 500 files", "files_collected": 500, "topics_discovered": 5, "topics_data": [{"topic_id": 0, "top_words": ["step", "issue", "phase", "task", "workflow", "question", "project", "review", "goal", "code", "requirement", "fix", "context", "output", "design", "pattern", "change", "feature", "git", "run"], "weights": [0.5847321462102164, 0.4509742943646005, 0.37733499963503464, 0.3483402050532913, 0.34558021750063567, 0.33540256546904484, 0.3128067244772284, 0.2906583425703214, 0.27897286309093416, 0.24505099873008088, 0.2437601798360165, 0.23364152867394342, 0.23131861454202074, 0.2268382018013561, 0.2254718827359219, 0.222857706806332, 0.22269877903730284, 0.22048843313446406, 0.21901329898623628, 0.21653876302488007], "topic_strength": 48.614739515371255, "top_10_strength": 3.569853357101388, "label": "Step & Issue"}, {"topic_id": 1, "top_words": ["und", "oder", "eine", "die", "mit", "form", "live", "output", "plugins", "register", "person", "screenshot", "text", "status", "act", "compliance", "dashboard", "email", "pdf", "kind"], "weights": [1.735842456571089, 0.639582256442444, 0.36594688116592167, 0.3410320943384902, 0.22478186712901657, 0.07425259213439163, 0.03846956567313187, 0.03693878786545731, 0.026918592012125115, 0.0211441652893644, 0.019867698396765134, 0.012714180292500363, 0.01167732511016346, 0.01103076830193425, 0.010653484830376763, 0.01041340570443496, 0.009788436476257531, 0.009355795286744134, 0.009137645033228387, 0.008413308543191209], "topic_strength": 3.767395292320023, "top_10_strength": 3.5049092586214328, "label": "Und & Oder"}, {"topic_id": 2, "top_words": ["const", "test", "string", "await", "return", "function", "import", "type", "page", "state", "typescript", "data", "api", "var", "react", "error", "color", "html", "text", "json"], "weights": [0.5214935817818452, 0.4456313304682535, 0.35087528148229014, 0.31307005768291835, 0.2991578353627138, 0.25559767978720693, 0.23315647805507683, 0.22858962650165757, 0.21666164337132918, 0.21309058902325048, 0.20992219837731935, 0.2094910093164605, 0.20136079438304139, 0.19542538251422023, 0.19153548834485024, 0.18789824062908175, 0.1806821416261022, 0.17961240244113688, 0.17947506159743015, 0.1789008305072516], "topic_strength": 34.82569315664669, "top_10_strength": 3.0773241035165424, "label": "Testing & Quality"}, {"topic_id": 3, "top_words": ["agent", "mcp", "tool", "bash", "session", "run", "token", "ngrok", "server", "browser", "post", "curl", "instruction", "connection", "remote", "schema", "setup", "command", "tab", "prompt"], "weights": [0.9543654881488912, 0.43180594959188606, 0.41033977803554444, 0.2825440007295017, 0.26128149976738835, 0.23819657762616894, 0.2333656117820506, 0.2111651152120549, 0.2034893663210304, 0.18110153648441107, 0.16361767507153363, 0.15921498939854412, 0.15861386085277682, 0.15477814815203952, 0.1543862144823015, 0.15107965766571554, 0.14750486692795187, 0.1471083356817334, 0.14689485327738705, 0.14600176163551185], "topic_strength": 21.51997346955894, "top_10_strength": 3.407654923698927, "label": "Agent & Mcp"}, {"topic_id": 4, "top_words": ["python", "import", "model", "bash", "str", "quantization", "def", "quality", "install", "env", "api", "chrome", "price", "bit", "pip", "image", "llm", "json", "output", "data"], "weights": [1.3110026171185405, 0.47324629439699645, 0.3107192809203652, 0.2764252328586523, 0.22286420073382565, 0.16593643189000845, 0.1619079666670889, 0.14773948916655072, 0.14603728987732809, 0.13346486929968251, 0.13175858152924166, 0.12478360330723447, 0.12463971892820158, 0.11806926616162931, 0.11694564565228861, 0.11438888636245782, 0.11314987781476199, 0.09972689153537476, 0.09769906549289696, 0.09621517606815116], "topic_strength": 16.201503824579902, "top_10_strength": 3.349343672929039, "label": "Python & Import"}], "file_type": "skill_md"}