{"timestamp": "2026-02-23T03:48:22.857845", "success": true, "message": "Analysis complete with 500 files", "files_collected": 500, "topics_discovered": 5, "topics_data": [{"topic_id": 0, "top_words": ["agent", "task", "skill", "git", "change", "read", "user", "feature", "documentation", "tool", "instruction", "content", "new", "work", "context", "example", "version", "branch", "rule", "spec"], "weights": [0.6557431906120444, 0.41905962661796853, 0.39845637838448306, 0.3850631663532845, 0.3612570380255412, 0.33752872904525033, 0.3322364967358752, 0.30125675228093496, 0.2984888937671782, 0.27821880917527775, 0.2747179652203529, 0.27323724075173533, 0.26524899359413573, 0.26438588153859865, 0.25808252834609247, 0.25645310344893474, 0.2540281085613173, 0.25082738447800096, 0.2457421168044491, 0.23825288837215708], "topic_strength": 44.34949199840854, "top_10_strength": 3.767309080997838, "label": "Agent & Task"}, {"topic_id": 1, "top_words": ["npm", "component", "typescript", "page", "react", "cs", "api", "image", "blog", "server", "theme", "post", "const", "nextjs", "content", "route", "dev", "app", "tailwind", "production"], "weights": [0.9862732701063287, 0.612471416235613, 0.421792756000305, 0.35704617160934593, 0.344651914802766, 0.3127159138721861, 0.2601456387786152, 0.2524317542048776, 0.23902150696797045, 0.23285338665762098, 0.23197108366557156, 0.23181396974862786, 0.22052977204886928, 0.21819069985427722, 0.21432318708988202, 0.20574171605597308, 0.1988101875779439, 0.1946893642417475, 0.19245709567228703, 0.19134353329643977], "topic_strength": 28.13164550457367, "top_10_strength": 4.019403729235629, "label": "Frontend Development"}, {"topic_id": 2, "top_words": ["bun", "component", "import", "cli", "plan", "playwright", "vite", "package", "typescript", "server", "web", "app", "runtime", "vitest", "mode", "translation", "registry", "dev", "hook", "react"], "weights": [1.5845851003156346, 0.17377525203437286, 0.12250023976571249, 0.10504191646608281, 0.1032612586031234, 0.10233105737257706, 0.09162137690160474, 0.08895298630023167, 0.08258893140356263, 0.08177253794735329, 0.0806999943249148, 0.07968521201050369, 0.07884244472918443, 0.0753251576993812, 0.07474518809921668, 0.07360958354837022, 0.07274235271165053, 0.0722731505296609, 0.07124478062340221, 0.07050055560905943], "topic_strength": 12.636909336548014, "top_10_strength": 2.536430657110255, "label": "Bun & Component"}, {"topic_id": 3, "top_words": ["python", "make", "model", "api", "error", "import", "service", "integration", "configuration", "tool", "database", "event", "environment", "pytest", "server", "return", "operation", "module", "docker", "state"], "weights": [0.6541502704720563, 0.47371297457103617, 0.4114639159680644, 0.36522838721345197, 0.3076600396381415, 0.2853338202838151, 0.2768850659578215, 0.2497877809784334, 0.24941266045016225, 0.24766490687986495, 0.24165659659710437, 0.24018671204658817, 0.227894082949603, 0.22058227619544185, 0.21776710025091894, 0.21708405287110846, 0.20560968060890136, 0.20538743196835557, 0.2050190471298606, 0.20375017872076284], "topic_strength": 49.2296103340436, "top_10_strength": 3.5212998224128476, "label": "Data & APIs"}, {"topic_id": 4, "top_words": ["pnpm", "frontend", "backend", "rust", "package", "typescript", "component", "storybook", "vitest", "git", "import", "cargo", "react", "dev", "nextjs", "app", "packagejson", "workspace", "prisma", "fix"], "weights": [1.3755856804749669, 0.29741124593559487, 0.2260980229035733, 0.20241679969674425, 0.18660650520438896, 0.179922789791896, 0.16037612664677525, 0.16000071519146317, 0.15985236446663117, 0.15747267532976028, 0.14239021057103002, 0.13478784443649633, 0.13040583241620338, 0.12358943469960337, 0.12058268454609802, 0.12008917845890847, 0.11459794632745181, 0.10723612190378082, 0.10478032130927155, 0.09507663095660442], "topic_strength": 12.88635792647312, "top_10_strength": 3.1057429256417937, "label": "Frontend Development"}]}