{"timestamp": "2026-03-08T00:40:25.521143", "success": true, "message": "Analysis complete with 500 files", "files_collected": 500, "topics_discovered": 5, "topics_data": [{"topic_id": 0, "top_words": ["task", "rule", "mcp", "agent", "tool", "change", "error", "user", "context", "make", "update", "read", "implementation", "work", "git", "skill", "issue", "add", "feature", "step"], "weights": [0.5060037516818089, 0.49658171212138963, 0.4338262712783536, 0.42720248052929727, 0.3813455419087437, 0.35809628379356634, 0.3220056887384099, 0.30780608929339415, 0.30546771498520287, 0.3005363375125282, 0.2710011748854846, 0.2686408335852598, 0.267889063232483, 0.26353361041781226, 0.25723826009419304, 0.25597994118349754, 0.2536086881193026, 0.2519462926230846, 0.2430056422639702, 0.24190383734050705], "topic_strength": 53.6043141878359, "top_10_strength": 3.8388718718426946, "label": "Task & Rule"}, {"topic_id": 1, "top_words": ["pnpm", "component", "bun", "react", "page", "cs", "state", "typescript", "server", "tailwind", "theme", "route", "nextjs", "app", "import", "mode", "layout", "production", "router", "image"], "weights": [0.810078558510442, 0.6451195412415321, 0.4134347139284424, 0.32424023025743187, 0.3182708525490757, 0.2612575396368201, 0.25732284637432346, 0.2515083340741571, 0.24956495788686103, 0.23575777972772508, 0.22062073193782322, 0.21451806462493833, 0.2070024827123077, 0.1907993569746713, 0.18901166516669354, 0.1841361899337153, 0.17553361138235146, 0.1661352679989043, 0.1524032495889438, 0.15000249451856226], "topic_strength": 27.96010322828213, "top_10_strength": 3.766555354186811, "label": "Frontend Development"}, {"topic_id": 2, "top_words": ["python", "model", "import", "analysis", "pytest", "notebook", "return", "script", "install", "pip", "def", "environment", "output", "processing", "detection", "class", "pipeline", "llm", "audio", "dependency"], "weights": [1.1668061106986696, 0.24937140405681937, 0.22931292763199443, 0.21465868714861838, 0.19945334443182922, 0.18269508780147128, 0.1775267192580399, 0.17213853846303828, 0.16633973694646315, 0.15205388037740736, 0.15100972044697872, 0.13703795562224313, 0.13323651918129878, 0.13278081612560433, 0.12404647184551143, 0.12208480386104438, 0.12024708321884237, 0.11945163786989682, 0.11930094614491571, 0.1192242737730756], "topic_strength": 23.696392257511363, "top_10_strength": 2.910356436814351, "label": "Python & Model"}, {"topic_id": 3, "top_words": ["npm", "typescript", "react", "component", "dev", "nextjs", "lint", "web", "cs", "typecheck", "style", "vitest", "const", "eslint", "start", "vite", "prettier", "src", "commit", "server"], "weights": [1.4599374284615718, 0.4231464799900667, 0.25247170832638327, 0.23350348352862474, 0.1853567494289927, 0.16980716215127803, 0.16672052105568022, 0.1457503414661063, 0.13922144987275464, 0.1375842254507718, 0.13065012538443788, 0.12736002943167, 0.1238543252579546, 0.12366057839686953, 0.11789164531557027, 0.11687344163928069, 0.11092548236299093, 0.10967404451609074, 0.10506814164835737, 0.1047666391935582], "topic_strength": 15.14981511795407, "top_10_strength": 3.31349954973223, "label": "Frontend Development"}, {"topic_id": 4, "top_words": ["backend", "frontend", "service", "database", "docker", "port", "postgresql", "post", "user", "admin", "environment", "auth", "app", "token", "authentication", "compose", "endpoint", "table", "application", "configuration"], "weights": [0.7339739345746795, 0.6490222288944179, 0.45069469064475753, 0.39018191238887096, 0.3831008691785909, 0.22960481472332536, 0.22513559752806908, 0.2175929707181759, 0.20492660557280987, 0.17803920502837525, 0.17250793611537021, 0.16461197351926737, 0.163775346641271, 0.16273922823696468, 0.16130558128285674, 0.1587266869454858, 0.15207070526342362, 0.14901548580830679, 0.14446594647761962, 0.1358142080984138], "topic_strength": 23.33864083259916, "top_10_strength": 3.662272829252072, "label": "Data & APIs"}]}