{"timestamp": "2026-03-25T00:58:22.343850", "success": true, "message": "Analysis complete with 500 files", "files_collected": 500, "topics_discovered": 5, "topics_data": [{"topic_id": 0, "top_words": ["const", "error", "return", "function", "string", "user", "component", "query", "pattern", "state", "import", "export", "cargo", "module", "database", "validation", "text", "field", "await", "class"], "weights": [0.4620096478290786, 0.3862507272762903, 0.3478335138808224, 0.34014303416769476, 0.338407178710972, 0.30600622592684346, 0.29892985905880254, 0.2956995248853725, 0.2814766766288298, 0.2799023013574457, 0.27985785336899766, 0.2762199565494487, 0.26591014583725187, 0.24656187214036412, 0.23347851778806036, 0.21623846247308415, 0.20684808412131037, 0.20651013425854078, 0.20472184142743466, 0.2024722344576279], "topic_strength": 54.00560694718081, "top_10_strength": 3.3366586897221517, "label": "Code Guidelines"}, {"topic_id": 1, "top_words": ["npm", "component", "react", "server", "typescript", "dev", "app", "nextjs", "tailwind", "frontend", "cs", "backend", "pnpm", "production", "image", "start", "lint", "prisma", "hook", "router"], "weights": [1.0303995243616122, 0.4958085132238408, 0.3592996610449, 0.34119423886504724, 0.3223479562056361, 0.30249892587002525, 0.28313114179309357, 0.2814709152625722, 0.2713584365015615, 0.26287229765523307, 0.2616941692065567, 0.2520424635715373, 0.2489957469456603, 0.2297837236161031, 0.2278093338428337, 0.22274435114937827, 0.22101678400404726, 0.2067285540979287, 0.20012330526841515, 0.19631131189738935], "topic_strength": 23.547272475846967, "top_10_strength": 3.950381610783522, "label": "Frontend Development"}, {"topic_id": 2, "top_words": ["python", "model", "install", "pytest", "backend", "frontend", "fastapi", "llm", "pip", "service", "mainpy", "agent", "post", "google", "import", "openai", "venv", "docker", "output", "dependency"], "weights": [1.174903988569366, 0.2775493014621809, 0.2735639901600271, 0.2351790160208907, 0.22151104746679215, 0.2171729486906945, 0.21348659407907156, 0.19821388069912707, 0.19621903617553488, 0.19565355299461654, 0.1573007193563672, 0.14756455106503902, 0.1413243030966571, 0.1392145061047123, 0.13398836423039445, 0.12879326484774206, 0.1276551790758074, 0.12739773077250766, 0.12613266262067935, 0.1253771294876453], "topic_strength": 20.045891829835128, "top_10_strength": 3.2034533563183007, "label": "Python & Model"}, {"topic_id": 3, "top_words": ["task", "agent", "git", "tool", "mcp", "change", "work", "workflow", "context", "plan", "version", "documentation", "commit", "update", "session", "research", "feature", "read", "user", "issue"], "weights": [0.542465940113686, 0.4020516726266925, 0.36781087221879993, 0.35005416096440994, 0.3342763886534216, 0.32535034761075216, 0.2494254686709629, 0.24165107389188745, 0.23094961579905557, 0.22830854503485853, 0.22506187948081685, 0.2234042822027325, 0.21219928791322204, 0.20870547936934403, 0.20557672463577553, 0.2047603820694123, 0.20136842641514666, 0.1956627587918794, 0.19315630029450806, 0.18662581234177333], "topic_strength": 34.29888705802022, "top_10_strength": 3.2723440855845265, "label": "Task & Agent"}, {"topic_id": 4, "top_words": ["bun", "pnpm", "instead", "validation", "install", "cli", "typescript", "tui", "agent", "template", "field", "script", "runtime", "symbol", "format", "websocket", "zod", "issue", "dont", "html"], "weights": [1.3131600919771496, 0.2745390636697122, 0.18764229895106818, 0.14173762616185737, 0.1411938203073296, 0.1341076634586689, 0.10817979492208354, 0.09962426215283703, 0.09367261571392636, 0.09143123453661921, 0.09095390785559804, 0.0855466915381849, 0.07939388173925345, 0.07827736072272021, 0.07818429668391826, 0.07784108819545406, 0.07757286874559136, 0.07296858110175462, 0.06742200383598346, 0.06649558806669376], "topic_strength": 11.906699122641797, "top_10_strength": 2.585288471851252, "label": "Frontend Development"}]}