{"timestamp": "2026-06-02T03:33:39.895633", "success": true, "message": "Analysis complete with 500 files", "files_collected": 500, "topics_discovered": 5, "topics_data": [{"topic_id": 0, "top_words": ["python", "api", "docker", "service", "model", "database", "backend", "data", "frontend", "llm", "token", "http", "async", "pytest", "server", "return", "env", "endpoint", "fastapi", "import"], "weights": [0.664974755856228, 0.631166260505157, 0.4132870777814645, 0.4048552178077625, 0.33664487250667874, 0.26847417072231367, 0.25969867279527736, 0.25017779799784556, 0.24629777364408273, 0.22971682540210434, 0.22891441872961468, 0.22095277401367314, 0.21769640622573694, 0.2174271650474669, 0.2111464308571006, 0.2107984839941762, 0.21044991201638397, 0.20981504640938672, 0.20963976772642193, 0.2076800811644178], "topic_strength": 43.85524570354495, "top_10_strength": 3.7052934250189145, "label": "Backend Services"}, {"topic_id": 1, "top_words": ["npm", "component", "react", "pnpm", "typescript", "cs", "dev", "page", "app", "theme", "server", "tailwind", "auth", "nextjs", "type", "route", "state", "eslint", "lint", "production"], "weights": [0.7841389074239319, 0.5715078775683319, 0.3628680250701554, 0.34535817290387527, 0.33049329712127135, 0.3151523602604154, 0.28564764765672, 0.27109740521403153, 0.2222062054391095, 0.21631568737335097, 0.21427216651905281, 0.20890021319391636, 0.187778880517204, 0.18684341635469265, 0.186541892496322, 0.17731248662174925, 0.1764087730247411, 0.17569523458636, 0.1712972342619134, 0.17116290944490167], "topic_strength": 30.523746420746484, "top_10_strength": 3.704785586031193, "label": "Frontend Development"}, {"topic_id": 2, "top_words": ["para", "com", "por", "que", "arquivo", "null", "sistema", "vercel", "tech", "fluxo", "workspace", "skill", "sql", "base", "select", "git", "supabase", "prisma", "paper", "api"], "weights": [1.4071697150822795, 0.5795340707494521, 0.5753115513442634, 0.575131466546071, 0.29986027899374385, 0.19834244458033234, 0.17455195622042421, 0.14672413529619935, 0.12281944323473899, 0.11469857820981863, 0.11283726568650891, 0.11176465246475796, 0.10508522501183802, 0.10394919633488797, 0.1023247696082351, 0.09840298074849477, 0.09576038553348061, 0.09266109935252745, 0.0895969266068685, 0.0808271408572039], "topic_strength": 11.16322130052879, "top_10_strength": 4.194143640257323, "label": "Para & Com"}, {"topic_id": 3, "top_words": ["frame", "screenshot", "template", "device", "skill", "python", "skillmd", "text", "pro", "generation", "app", "store", "generates", "image", "user", "output", "dimension", "width", "conversation", "screen"], "weights": [0.5117780886123773, 0.4755085062396833, 0.4142697651591127, 0.40279716066318705, 0.3856828226383297, 0.3256691988691693, 0.3221399165326334, 0.2638321836336258, 0.2155032840867058, 0.20854093799462187, 0.20686616194758972, 0.20505986665402937, 0.18386146429056188, 0.17473930484300404, 0.16687313456505998, 0.1612609784515198, 0.1599465509706536, 0.152995862575506, 0.1489616792319974, 0.14871570778685142], "topic_strength": 17.617212614530754, "top_10_strength": 3.5257218644294457, "label": "Frame & Screenshot"}, {"topic_id": 4, "top_words": ["task", "agent", "change", "rule", "read", "plan", "commit", "work", "session", "git", "fix", "context", "check", "user", "documentation", "new", "doc", "feature", "tool", "issue"], "weights": [0.48571974559084136, 0.4533203021097292, 0.40465122686798544, 0.39476084752814417, 0.3198406541850422, 0.3163622051896586, 0.30530988658434943, 0.2760778560553411, 0.26978208548033683, 0.26597209916437403, 0.26262824256219613, 0.254988968597655, 0.2399275895905623, 0.23859067101983156, 0.23501194881001414, 0.23245486096801732, 0.224651838759963, 0.2211967416168528, 0.21757157494302035, 0.21278125487702115], "topic_strength": 45.37727157479138, "top_10_strength": 3.491796908755802, "label": "Task & Agent"}], "file_type": "claude_md"}