{"timestamp": "2026-03-02T00:08:22.766381", "success": true, "message": "Analysis complete with 500 files", "files_collected": 500, "topics_discovered": 5, "topics_data": [{"topic_id": 0, "top_words": ["component", "page", "cs", "theme", "site", "color", "html", "content", "game", "react", "section", "blog", "image", "custom", "layout", "styling", "design", "post", "state", "animation"], "weights": [0.7901395034543245, 0.6188899556251304, 0.490267673003121, 0.48310266689140663, 0.41212092945591317, 0.32854771991115467, 0.3284819621305659, 0.32386267457691775, 0.2991642672006539, 0.28347205200570824, 0.2770275367439318, 0.25282538713035035, 0.22336802752763615, 0.2216352672550515, 0.20988823563826775, 0.2067109758236023, 0.20370198393788763, 0.2031433849458623, 0.19718744417049988, 0.19601492453261424], "topic_strength": 32.67848165778635, "top_10_strength": 4.358049404254896, "label": "Component & Page"}, {"topic_id": 1, "top_words": ["npm", "api", "frontend", "typescript", "backend", "server", "database", "bun", "service", "react", "dev", "mcp", "migration", "auth", "app", "prisma", "nextjs", "client", "docker", "schema"], "weights": [1.0910098440790723, 0.7528064649408845, 0.4504020095282253, 0.44029249352358035, 0.41981847117632254, 0.3593512909761584, 0.35731108135741646, 0.3509873164198044, 0.3051560150121919, 0.28532260736912696, 0.27901605121703926, 0.22311954313070928, 0.218309440516376, 0.21710940936021508, 0.21671827718732223, 0.21616718483090497, 0.20448103067506848, 0.2029221832969079, 0.19849445546334382, 0.19765691409687175], "topic_strength": 26.600239377504465, "top_10_strength": 4.812457594382784, "label": "Frontend Development"}, {"topic_id": 2, "top_words": ["pnpm", "package", "typescript", "import", "lint", "filter", "component", "workspace", "monorepo", "app", "dev", "shared", "strict", "web", "nextjs", "prisma", "schema", "backend", "tailwind", "prettier"], "weights": [1.7081034224742282, 0.28508393276659755, 0.2507701517663471, 0.200707868450725, 0.18973829837002196, 0.1845193237481963, 0.1714647343210808, 0.16164078653937564, 0.13375114242764988, 0.13012131933663482, 0.12500121662632607, 0.12292863384017869, 0.1226599694466365, 0.11727555362242686, 0.11013069258191317, 0.10766967412518993, 0.10630147361544602, 0.10410186831405455, 0.10323333678004522, 0.0987385677056468], "topic_strength": 13.573706458017817, "top_10_strength": 3.4159009802008566, "label": "Frontend Development"}, {"topic_id": 3, "top_words": ["python", "node", "pytest", "model", "api", "environment", "script", "import", "def", "training", "return", "class", "method", "ruff", "data", "check", "docker", "package", "running", "llm"], "weights": [1.2964283029043577, 0.43290115764406417, 0.3409135656095063, 0.3387208288442234, 0.2753336832049338, 0.261501604825832, 0.2380162347747005, 0.2043064293792055, 0.19178603659993443, 0.17052050322638504, 0.16723336668807878, 0.15568107109357926, 0.15485052933564455, 0.15450446265399145, 0.1497534827789391, 0.1481928071267762, 0.14049323486102128, 0.13632693221970232, 0.1348100848538362, 0.1337394548050988], "topic_strength": 20.04496874164471, "top_10_strength": 3.7504283470131434, "label": "Data & APIs"}, {"topic_id": 4, "top_words": ["tool", "task", "configuration", "user", "error", "pattern", "read", "agent", "data", "change", "git", "feature", "documentation", "module", "update", "validation", "context", "memory", "check", "implementation"], "weights": [0.2626891736028638, 0.2592290600014169, 0.2540588658311266, 0.24314427990636123, 0.23744498214830856, 0.23053067042313352, 0.21486700249581897, 0.2112574550882864, 0.20082308386627162, 0.19806341988758844, 0.19740730234079043, 0.19662461620564065, 0.1943683562717343, 0.1900100739251219, 0.18811801149782623, 0.18760795581512346, 0.17515492023667809, 0.17305558209760588, 0.17261475240497554, 0.17248579366034034], "topic_strength": 43.94098301837383, "top_10_strength": 2.312107993251176, "label": "User Interface"}]}