{"timestamp": "2026-04-28T00:33:55.407187", "success": true, "message": "Analysis complete with 500 files", "files_collected": 500, "topics_discovered": 5, "topics_data": [{"topic_id": 0, "top_words": ["agent", "task", "read", "skill", "user", "rule", "change", "mcp", "tool", "session", "git", "phase", "work", "instruction", "workflow", "commit", "step", "new", "dont", "feature"], "weights": [0.61675469752346, 0.47878212204393233, 0.40035688701203803, 0.3736199598472547, 0.33594911839719227, 0.3242348061221773, 0.3224541621373473, 0.3209354398833484, 0.31303905081701827, 0.31272856966317564, 0.30961153063621266, 0.28077445745737134, 0.27270716753163166, 0.2640792349218489, 0.26079989594536135, 0.2581737518076205, 0.25601826938749755, 0.2516215306586294, 0.2507432462199409, 0.25007998093363626], "topic_strength": 49.28033862502579, "top_10_strength": 3.798854813446944, "label": "User Interface"}, {"topic_id": 1, "top_words": ["npm", "api", "frontend", "backend", "typescript", "react", "component", "service", "database", "route", "dev", "type", "server", "client", "app", "user", "docker", "auth", "prisma", "schema"], "weights": [0.7781391913159521, 0.47943566723206515, 0.41788712659559346, 0.41211975220306934, 0.3565438231801219, 0.343907244986041, 0.3271773329379097, 0.2996980502571841, 0.27593754072102145, 0.24222633647920744, 0.22471551758368713, 0.21263321444246872, 0.2017822664263629, 0.20057993184529693, 0.19855686104247725, 0.19171883117674435, 0.19152806860602886, 0.18827913497172138, 0.1862327162638886, 0.18026564916446378], "topic_strength": 29.87318634875684, "top_10_strength": 3.933072065908166, "label": "Frontend Development"}, {"topic_id": 2, "top_words": ["pnpm", "package", "dev", "apps", "prisma", "monorepo", "workspace", "lint", "app", "typescript", "type", "git", "rust", "server", "folder", "filter", "install", "fix", "typecheck", "issue"], "weights": [1.4646758160042634, 0.2525682355795469, 0.1611693140077664, 0.1508310153616465, 0.14758758829361457, 0.12261144250733041, 0.1219381850536013, 0.12159985212754887, 0.12123312402758886, 0.1200127313493968, 0.117664577792052, 0.11753664598557656, 0.09963813584068298, 0.09741527128314079, 0.09578452495443969, 0.09573397327885631, 0.09345958604094318, 0.09339360245378554, 0.09252059335592346, 0.09166641187654634], "topic_strength": 13.66771726228728, "top_10_strength": 2.7842273043123034, "label": "Frontend Development"}, {"topic_id": 3, "top_words": ["python", "node", "pytest", "make", "model", "check", "method", "ruff", "type", "package", "module", "import", "error", "dependency", "return", "class", "install", "function", "cli", "format"], "weights": [0.8267550632343804, 0.3888170403190605, 0.3102568947139801, 0.2917596795340495, 0.27654118979458936, 0.24830915099080722, 0.2206884675694253, 0.21720579113332744, 0.21505394718152837, 0.2061552389008585, 0.19375470322517932, 0.1848926386765101, 0.1830587647802006, 0.18076217708404085, 0.17577071911077569, 0.17036928434910617, 0.16368742403784797, 0.15711484471299475, 0.15605964165346053, 0.14953095547676776], "topic_strength": 25.625853001304996, "top_10_strength": 3.2015424633720073, "label": "Python & Node"}, {"topic_id": 4, "top_words": ["page", "content", "cs", "site", "component", "static", "blog", "color", "theme", "image", "post", "section", "html", "text", "github", "tailwind", "link", "animation", "indexhtml", "font"], "weights": [0.509843837168509, 0.35781784543179845, 0.35058447992051694, 0.3208814655204747, 0.30994517898325386, 0.26751722360216923, 0.24631875401262035, 0.2353412033550111, 0.2251167351001574, 0.21742269754524776, 0.2154444232659503, 0.20670995176607618, 0.20286474158097909, 0.1984384380177563, 0.19725177203781002, 0.19196593434191545, 0.18367360473656547, 0.18005591952058053, 0.1711791662657835, 0.16296208194745865], "topic_strength": 26.233217152807168, "top_10_strength": 3.0407894206397588, "label": "Page & Content"}]}