{"timestamp": "2026-03-30T00:24:16.272601", "success": true, "message": "Analysis complete with 500 files", "files_collected": 500, "topics_discovered": 5, "topics_data": [{"topic_id": 0, "top_words": ["python", "tool", "change", "task", "agent", "session", "user", "mcp", "work", "skill", "phase", "git", "new", "check", "feature", "context", "read", "prompt", "rule", "model"], "weights": [0.5413231524738481, 0.4177783623291923, 0.361951417413162, 0.3611176421492162, 0.3407237283894582, 0.319856259473132, 0.27446187344266887, 0.2714495468100886, 0.26187769584882553, 0.24840782243845833, 0.24024870121099703, 0.23356566188542277, 0.23138153955684657, 0.2313239539022297, 0.22837399090463412, 0.2282166978080614, 0.22734738320956804, 0.2260984961594515, 0.22506865296357992, 0.22160995247803716], "topic_strength": 59.87492420153821, "top_10_strength": 3.39894750076805, "label": "Python & Tool"}, {"topic_id": 1, "top_words": ["npm", "component", "typescript", "react", "pnpm", "type", "cs", "page", "hook", "state", "tailwind", "dev", "server", "production", "nextjs", "lint", "app", "development", "client", "pattern"], "weights": [0.8765792504139395, 0.5873159056221641, 0.4715035032412918, 0.3527655061359233, 0.3444249243783521, 0.3143270046792143, 0.3110063824900663, 0.2882798675226073, 0.2352497234489034, 0.22074519463096978, 0.2144464184253282, 0.21245236722242844, 0.19894614607503677, 0.19716965672645137, 0.19020097784539033, 0.18651959428794807, 0.18186822900758856, 0.17083965999186007, 0.16277286617076683, 0.1578607637443907], "topic_strength": 31.447027053241683, "top_10_strength": 4.002197262563432, "label": "Frontend Development"}, {"topic_id": 2, "top_words": ["agentsmd", "instruction", "agent", "skill", "para", "truth", "follow", "read", "source", "del", "repository", "framework", "que", "article", "review", "feature", "merge", "gate", "true", "coding"], "weights": [1.6934044269834996, 0.11417111759122024, 0.1023948030518072, 0.0886422612178058, 0.08855445456886714, 0.06866153254819259, 0.06050751674490505, 0.060394176209206354, 0.04582493996058344, 0.04506299917231069, 0.04159738200764668, 0.039341700278125134, 0.03826508065382718, 0.037378564652798756, 0.03626468732456355, 0.036144610472358035, 0.033036033744340575, 0.032100050042617775, 0.030961229065830015, 0.02958753566431256], "topic_strength": 4.412525783189341, "top_10_strength": 2.367618228048398, "label": "Agentsmd & Instruction"}, {"topic_id": 3, "top_words": ["bun", "instead", "mcp", "yarn", "react", "supabase", "import", "dont", "dev", "package", "worker", "script", "typescript", "install", "playwright", "dashboard", "lint", "component", "server", "manager"], "weights": [1.5416951818967428, 0.20491186266462946, 0.17921383951888004, 0.13155316578390155, 0.11868695761674367, 0.11584967525681782, 0.1137091567644822, 0.1125249261315145, 0.10164104553723845, 0.0998055030981313, 0.09979589748059511, 0.09840457289239245, 0.08760912052313903, 0.08753318274557885, 0.08671818007789915, 0.08570101239946068, 0.08199694146452736, 0.08189512284187621, 0.07845735262148101, 0.07559847406461472], "topic_strength": 10.859281167209604, "top_10_strength": 2.719591314269082, "label": "Frontend Development"}, {"topic_id": 4, "top_words": ["backend", "docker", "frontend", "service", "database", "post", "port", "compose", "controller", "admin", "server", "domain", "postgresql", "auth", "fastapi", "http", "environment", "user", "configuration", "entity"], "weights": [0.6576005590828256, 0.6334281229541722, 0.6219626778266878, 0.46330138980026997, 0.3886371119782782, 0.3438702938398011, 0.2774324838834458, 0.26535242950786186, 0.23676707969864308, 0.23555125067330335, 0.2330315822475323, 0.2160385200041844, 0.214810528218869, 0.21045350166893276, 0.19567074291816827, 0.18810662733215106, 0.17980356818834903, 0.17971995379796837, 0.17263135625047493, 0.17188488445610914], "topic_strength": 27.419591181220426, "top_10_strength": 4.12390339924529, "label": "Data & APIs"}]}