{"timestamp": "2026-05-20T03:19:35.576538", "success": true, "message": "Analysis complete with 500 files", "files_collected": 500, "topics_discovered": 5, "topics_data": [{"topic_id": 0, "top_words": ["agent", "skill", "task", "read", "rule", "change", "session", "dont", "git", "work", "user", "tool", "plan", "write", "fix", "review", "memory", "step", "check", "commit"], "weights": [0.6187974135688664, 0.5028605500749185, 0.49813910573955406, 0.48699999828308344, 0.4205979800336496, 0.39020506108827097, 0.32885733869494743, 0.32774906399666665, 0.31575620225917056, 0.3125756728313937, 0.30560454983931706, 0.28016055763371606, 0.26512076912106475, 0.2617215619307814, 0.26138201417629336, 0.2481810242163923, 0.246784075780221, 0.23691179204216017, 0.2297895836907716, 0.2282518948216762], "topic_strength": 47.557032934064964, "top_10_strength": 4.202538386570521, "label": "Agent & Skill"}, {"topic_id": 1, "top_words": ["npm", "component", "react", "page", "typescript", "cs", "dev", "tailwind", "server", "app", "nextjs", "production", "route", "state", "preview", "vite", "type", "eslint", "lint", "post"], "weights": [1.004602646788574, 0.5490956836069295, 0.4558789644389409, 0.39480760030298534, 0.36284806661476154, 0.3605177401806536, 0.2772503948769484, 0.24915195303343188, 0.24540167498614313, 0.2193204075444059, 0.21920828473639536, 0.21504795601926285, 0.20244480111152502, 0.19025423860773263, 0.1876579243967851, 0.17610845496638894, 0.17427802309924664, 0.16027293087834393, 0.15998290949537336, 0.15707985278386835], "topic_strength": 29.072799979622484, "top_10_strength": 4.118875132373774, "label": "Frontend Development"}, {"topic_id": 2, "top_words": ["python", "model", "backend", "service", "docker", "frontend", "phase", "configuration", "database", "server", "data", "make", "rust", "integration", "fastapi", "development", "pytest", "endpoint", "audio", "environment"], "weights": [0.5700971604040947, 0.47411809636472435, 0.29322807866521655, 0.2919533297477136, 0.2808959399577524, 0.27262088891871944, 0.2503042845040204, 0.23214749091371256, 0.2240456769691571, 0.2158933217735956, 0.20669617256700795, 0.19784710920955711, 0.18699811780788406, 0.1839729863086995, 0.18289860339800282, 0.18282697143125862, 0.18115634278462825, 0.1775122605455223, 0.1772316664009307, 0.17539281754791056], "topic_strength": 43.533799815464604, "top_10_strength": 3.1053042682187066, "label": "Python & Model"}, {"topic_id": 3, "top_words": ["pnpm", "backend", "frontend", "typescript", "prisma", "route", "typecheck", "type", "nextjs", "migration", "dev", "schema", "supabase", "filter", "bun", "app", "package", "component", "react", "router"], "weights": [1.4668367843610477, 0.20128681868649675, 0.16904952800070353, 0.14696460170614056, 0.14433043011675084, 0.14262966350373005, 0.1359553219821835, 0.12152489291072045, 0.12148015020262438, 0.12134354755280999, 0.11773488916104477, 0.11031276641408606, 0.10982135663336035, 0.10780662112876777, 0.10198459409347829, 0.10064797102407487, 0.10036930806559535, 0.09794188425417351, 0.0939523413685557, 0.09049105436915347], "topic_strength": 12.982176700985356, "top_10_strength": 2.7714017390232084, "label": "Frontend Development"}, {"topic_id": 4, "top_words": ["para", "que", "del", "por", "supabase", "com", "null", "vercel", "sistema", "todo", "arquivo", "base", "select", "prisma", "sql", "bot", "git", "google", "createdat", "tech"], "weights": [0.9331757586650922, 0.5381052539976388, 0.5302487464942478, 0.4399896331413128, 0.29712740593268877, 0.27445882023400414, 0.24792635397913504, 0.1592387247414382, 0.1587745853135815, 0.13921570957409074, 0.1360314692563304, 0.12500273216855565, 0.12305001731691245, 0.11612224374628408, 0.10685455745433924, 0.10193787747393297, 0.09688027507920294, 0.09551819354854924, 0.08969698558143878, 0.08010754993006666], "topic_strength": 10.409237847323563, "top_10_strength": 3.7182609920732297, "label": "Para & Que"}], "file_type": "claude_md"}