{"timestamp": "2026-03-27T00:09:53.452281", "success": true, "message": "Analysis complete with 397 files", "files_collected": 397, "topics_discovered": 5, "topics_data": [{"topic_id": 0, "top_words": ["task", "agent", "session", "change", "tool", "user", "context", "git", "work", "skill", "implementation", "mcp", "cargo", "documentation", "update", "plan", "directory", "memory", "feature", "make"], "weights": [0.40613077856666296, 0.38932207014630976, 0.36180398965600874, 0.3571574028143013, 0.34470421378023264, 0.3438981642293485, 0.28674348581838827, 0.28638959111450785, 0.2679648054703473, 0.26758421432969004, 0.24733042775385122, 0.24676412285100582, 0.2448053437933655, 0.24275710558190655, 0.2370074351189929, 0.23384966922160874, 0.22866084445328003, 0.22537651424424482, 0.22315176509664747, 0.21723562745499675], "topic_strength": 50.61944949228864, "top_10_strength": 3.3116987159257976, "label": "Task & Agent"}, {"topic_id": 1, "top_words": ["npm", "component", "page", "dev", "server", "cs", "pnpm", "react", "development", "image", "theme", "typescript", "frontend", "backend", "app", "bun", "nextjs", "post", "tailwind", "site"], "weights": [0.7421306567705551, 0.4047311830976467, 0.3170022903214106, 0.26797370590387015, 0.2660249889153758, 0.2420939358794093, 0.23902180244116308, 0.22018269448014385, 0.21331939997117863, 0.21194995633176653, 0.20157179148553392, 0.20128182906288017, 0.19918052261945896, 0.19766585137290746, 0.18811317189629354, 0.1772975099654953, 0.17596526522200287, 0.17139679730791296, 0.16859909846133042, 0.16858887775915057], "topic_strength": 28.643913874124863, "top_10_strength": 3.1244306141125198, "label": "Frontend Development"}, {"topic_id": 2, "top_words": ["agentsmd", "llm", "branch", "git", "instruction", "true", "feature", "exit", "merge", "claim", "property", "changed", "reason", "good", "model", "line", "atomic", "stop", "dev", "output"], "weights": [1.6788810046860827, 0.03173045223881655, 0.02917328862475692, 0.026021284820472463, 0.02513674523277157, 0.01939051825635794, 0.01881741738298683, 0.017732223563460398, 0.01723797771615995, 0.015756689496608824, 0.013497944790481484, 0.013176081722588329, 0.01232372254980525, 0.011856630501929416, 0.011338261965737582, 0.011244038849205735, 0.011112602394195157, 0.010977182645587273, 0.010740101333528389, 0.010604799936797842], "topic_strength": 2.775568040633156, "top_10_strength": 1.8798776020184742, "label": "Agentsmd & Llm"}, {"topic_id": 3, "top_words": ["const", "function", "string", "error", "import", "return", "async", "component", "await", "typescript", "export", "route", "query", "service", "database", "mock", "client", "class", "parameter", "form"], "weights": [0.44493533397518065, 0.39766196074050403, 0.35940064734783406, 0.32217851142300624, 0.3040563523703283, 0.2987288544985332, 0.24684514612263794, 0.243939004910442, 0.24333600671483596, 0.24095999373795712, 0.2257463447256574, 0.21847275994973217, 0.21080787752316332, 0.18327545858965483, 0.18286846551360417, 0.17292978625464636, 0.16134553072206712, 0.14421648816157914, 0.13367212454690588, 0.13281819036134063], "topic_strength": 25.791417152576074, "top_10_strength": 3.1020418118412594, "label": "Code Guidelines"}, {"topic_id": 4, "top_words": ["python", "llm", "pytest", "task", "mainpy", "openai", "json", "fastapi", "model", "phase", "docker", "log", "query", "notebook", "pip", "output", "evaluation", "port", "install", "def"], "weights": [1.18971329447729, 0.3867720454606549, 0.33333339115042054, 0.29022402142099574, 0.18448862925290277, 0.17486450492050162, 0.15825616049742577, 0.1539419493822693, 0.15261101436267907, 0.13208151027827936, 0.11452128705654918, 0.10575229528996472, 0.10395040613937859, 0.1013623968607371, 0.10128751151756717, 0.09893326769531258, 0.09601311936454168, 0.09397132202206657, 0.09362630965561952, 0.09265164275029016], "topic_strength": 15.820450807163008, "top_10_strength": 3.1562865212034192, "label": "Python & Llm"}]}