{"timestamp": "2026-07-08T03:18:42.293403", "success": true, "message": "Analysis complete with 500 files", "files_collected": 500, "topics_discovered": 5, "topics_data": [{"topic_id": 0, "top_words": ["task", "change", "rule", "git", "read", "commit", "dont", "tool", "plan", "work", "user", "agent", "fix", "write", "new", "repo", "review", "step", "add", "doc"], "weights": [0.5204841845553096, 0.45750245398402406, 0.40057928465749637, 0.3679855688676201, 0.35533043187907626, 0.34340479987690514, 0.34040075094997174, 0.32827866692580654, 0.3278500319252904, 0.32272621483706504, 0.29190470306008703, 0.28767087681778314, 0.28349553207877565, 0.271011132779595, 0.27063763624575377, 0.2507649431397394, 0.23514874421184617, 0.2326208643509113, 0.22983465593805524, 0.22214679550315272], "topic_strength": 42.82566737533612, "top_10_strength": 3.7645423884585654, "label": "Task & Change"}, {"topic_id": 1, "top_words": ["agentsmd", "instruction", "guideline", "workspace", "codebase", "read", "follow", "making", "life", "rule", "truth", "repo", "doc", "gate", "variable", "working", "planner", "environment", "guidance", "snapshot"], "weights": [1.964490412020156, 0.07299395674707693, 0.05817078842714618, 0.05729648577290108, 0.05706391466349374, 0.0561151218866363, 0.038463605866475736, 0.038420506556116236, 0.034996446966690506, 0.03197953967080365, 0.03188573149073604, 0.030210490638897823, 0.02995029348988691, 0.028280630799080077, 0.028053297871935116, 0.02612098399817753, 0.025177915034483203, 0.024940731450177927, 0.024789635196974625, 0.024074429705158183], "topic_strength": 3.3910569338214653, "top_10_strength": 2.4099907785774963, "label": "Agentsmd & Instruction"}, {"topic_id": 2, "top_words": ["python", "bash", "model", "data", "config", "module", "api", "type", "class", "package", "repository", "pytest", "cargo", "script", "install", "version", "format", "dependency", "release", "cli"], "weights": [0.5817594066880211, 0.3057159326512662, 0.2968824518578636, 0.2935322941357164, 0.28730425237407364, 0.26092676694805766, 0.2263722832117487, 0.21453383782849705, 0.213321390863773, 0.21072507924007988, 0.2065771264935048, 0.20070226801927502, 0.1951867132279749, 0.19222643202604828, 0.1860620059269567, 0.18435294236644292, 0.17994425422417162, 0.17913563372963726, 0.17647737962329121, 0.17347456286180044], "topic_strength": 40.44861996804657, "top_10_strength": 2.891073695799097, "label": "Data & APIs"}, {"topic_id": 3, "top_words": ["npm", "component", "page", "server", "frontend", "typescript", "api", "app", "client", "backend", "react", "pnpm", "cs", "supabase", "auth", "dev", "production", "tailwind", "nextjs", "start"], "weights": [0.5759809124483511, 0.5438185507267894, 0.3834634481809795, 0.35445588275146295, 0.33301937741954385, 0.3091238642706668, 0.3082616383451581, 0.30650294214127605, 0.3064832725334803, 0.3037925563212674, 0.2761322103796128, 0.267491481987616, 0.2621167173868891, 0.2562686962448371, 0.24795902448993265, 0.2456226511325214, 0.2244539326265936, 0.2173680678512374, 0.2159258475879461, 0.20148802924404005], "topic_strength": 34.9750753452883, "top_10_strength": 3.724902445138975, "label": "Frontend Development"}, {"topic_id": 4, "top_words": ["skill", "plugin", "agent", "directory", "workspace", "repo", "frontmatter", "pnpm", "cli", "source", "mcp", "model", "tool", "design", "yaml", "bash", "language", "runtime", "convention", "review"], "weights": [1.3362449611726672, 0.3737647646773028, 0.3434415503385762, 0.14125756135000028, 0.13776608699397663, 0.1268864904906991, 0.12425454421992783, 0.1078472818516565, 0.10339527176247634, 0.10131719706251796, 0.0997087353575758, 0.08469106553318567, 0.08392242658827377, 0.079370504970827, 0.07900163655164696, 0.07199710768847019, 0.06930411213003694, 0.06732819984833566, 0.06676431361561413, 0.0666147696455838], "topic_strength": 11.330748734491706, "top_10_strength": 2.8961757099198007, "label": "File Management"}], "file_type": "claude_md"}