{"timestamp": "2026-04-30T00:42:40.637846", "success": true, "message": "Analysis complete with 500 files", "files_collected": 500, "topics_discovered": 5, "topics_data": [{"topic_id": 0, "top_words": ["python", "model", "data", "api", "service", "database", "error", "type", "module", "backend", "state", "check", "cargo", "core", "frontend", "method", "return", "document", "operation", "user"], "weights": [0.5394093464942852, 0.4070918414016836, 0.38977765680675697, 0.38652515231664747, 0.3467120884408781, 0.286567077090151, 0.27353811871093275, 0.2719571388734526, 0.2710908932649183, 0.25568164472853744, 0.22872326498989817, 0.22488187125615985, 0.2199101771550751, 0.2186134711065781, 0.21740740919606974, 0.21719087123745748, 0.21700133831100393, 0.21157919553337623, 0.21016536222607965, 0.2066242362426485], "topic_strength": 53.71702004998611, "top_10_strength": 3.4283509581282434, "label": "Backend Services"}, {"topic_id": 1, "top_words": ["component", "pnpm", "page", "cs", "nextjs", "react", "app", "route", "layout", "tailwind", "typescript", "router", "client", "supabase", "server", "image", "hook", "font", "state", "color"], "weights": [0.7640495068246833, 0.4556099186427409, 0.3621242262852051, 0.3318875417417001, 0.32985075366531064, 0.3148685673497248, 0.2569312696185506, 0.23491210446060026, 0.23425189472135782, 0.2323144063774008, 0.21594434543393431, 0.19299553155131874, 0.1910421871247396, 0.1806314639305185, 0.17459082527269587, 0.17164035275619519, 0.16842541827909885, 0.16615169460214504, 0.16445551290314683, 0.16257011100016044], "topic_strength": 25.477086945772935, "top_10_strength": 3.5168001896872743, "label": "Frontend Development"}, {"topic_id": 2, "top_words": ["agent", "task", "change", "git", "skill", "instruction", "rule", "read", "commit", "work", "context", "add", "plan", "user", "issue", "tool", "fix", "dont", "follow", "review"], "weights": [0.5871457702205002, 0.3759411894950828, 0.3616661217357597, 0.3497013014972145, 0.34293376408268905, 0.3368841505190738, 0.32126966232005394, 0.304634777866688, 0.29214653745872626, 0.2543007073266353, 0.2443208319886845, 0.23601085831238752, 0.23082000183535845, 0.21167661436153046, 0.2034653823515872, 0.20198896140932074, 0.19392029171303013, 0.19309632516463862, 0.18373491307949283, 0.18219251364385913], "topic_strength": 33.19332035809761, "top_10_strength": 3.5266239825224233, "label": "Agent & Task"}, {"topic_id": 3, "top_words": ["npm", "typescript", "api", "lint", "package", "development", "dev", "type", "docker", "eslint", "feature", "git", "start", "vitest", "nodejs", "integration", "module", "conventional", "cli", "dependency"], "weights": [1.408808996618246, 0.3151071624935573, 0.24902322324235096, 0.237087919801377, 0.23672219514210213, 0.20899788108468303, 0.20622416248640918, 0.19769001925059781, 0.1915328029184959, 0.1857101962375389, 0.16874599645901212, 0.1525981325223587, 0.132041569220613, 0.13117024616815165, 0.1282339423937541, 0.1274381743686254, 0.12719438759870597, 0.12204833920439391, 0.11724422183619777, 0.11107448293662438], "topic_strength": 16.22458640529855, "top_10_strength": 3.4369045592753587, "label": "Frontend Development"}, {"topic_id": 4, "top_words": ["mcp", "server", "tool", "worker", "skill", "desktop", "bun", "cloudflare", "gui", "google", "workspace", "example", "plugin", "json", "install", "env", "doc", "chrome", "config", "extension"], "weights": [1.1716266208602535, 0.4381081858176328, 0.33558189242802033, 0.17805810646991935, 0.14869274305731928, 0.13014030404549257, 0.12759104981368385, 0.12158855700314374, 0.10873928753716673, 0.1006249386108568, 0.09493948308248269, 0.09082592878518982, 0.09003793285921041, 0.08682044465228059, 0.08517882788231743, 0.08506547101178277, 0.08478978609861518, 0.08327796423144378, 0.08280182594639905, 0.08059713762462489], "topic_strength": 13.257481849976621, "top_10_strength": 2.8607516856434887, "label": "Mcp & Server"}]}