{"timestamp": "2026-05-19T00:05:37.806213", "success": true, "message": "Analysis complete with 500 files", "files_collected": 500, "topics_discovered": 5, "topics_data": [{"topic_id": 0, "top_words": ["python", "data", "model", "error", "function", "configuration", "dependency", "make", "type", "environment", "database", "component", "import", "return", "operation", "module", "cargo", "state", "server", "support"], "weights": [0.5722152167470067, 0.37283650458879813, 0.3586839650451787, 0.29256484292558166, 0.27193863303962074, 0.2572338414064556, 0.2425430842561902, 0.23744761432716077, 0.23341324387849322, 0.22973142834619092, 0.22836883394750604, 0.22503179149454244, 0.2245035676973347, 0.22299804627476136, 0.22091956427190781, 0.2172864493839945, 0.2171339236032778, 0.21630563570683478, 0.21050126604743766, 0.20400583747091625], "topic_strength": 59.32263580005753, "top_10_strength": 3.068608374560676, "label": "Code Guidelines"}, {"topic_id": 1, "top_words": ["npm", "typescript", "component", "react", "nextjs", "cs", "app", "dev", "server", "page", "production", "lint", "route", "frontend", "backend", "router", "eslint", "tailwind", "github", "prisma"], "weights": [1.26932508397782, 0.4074346029825915, 0.3887128231194558, 0.3483732139846916, 0.2951603740670861, 0.2813356598794825, 0.2684667744764416, 0.2569605005208804, 0.25154280293805753, 0.248155298937587, 0.22394424853114345, 0.1918438263827604, 0.18673930137888048, 0.18188787380626897, 0.17653181750998415, 0.17503627491812745, 0.17216745994145544, 0.17211185369245863, 0.16793237029108818, 0.16672389138989616], "topic_strength": 26.45926110086953, "top_10_strength": 4.015467134884094, "label": "Frontend Development"}, {"topic_id": 2, "top_words": ["pnpm", "package", "component", "vue", "typescript", "app", "dev", "type", "lint", "apps", "filter", "monorepo", "prisma", "npx", "schema", "vercel", "workspace", "server", "zod", "import"], "weights": [1.4682023736353047, 0.2227382030036658, 0.18228661261268234, 0.16354799300662207, 0.15674294408722542, 0.15484044459836266, 0.14345226690478013, 0.12303645647310961, 0.11725670693536501, 0.11725592954955276, 0.11699956600475345, 0.11471374344870922, 0.1033650876228313, 0.10263446582359138, 0.10234211540887311, 0.09210431669331896, 0.0899456854534209, 0.08726712841105287, 0.08047150865957924, 0.07997370305027034], "topic_strength": 13.460212810163846, "top_10_strength": 2.8493599308066697, "label": "Frontend Development"}, {"topic_id": 3, "top_words": ["agent", "task", "skill", "change", "session", "read", "git", "rule", "plan", "work", "commit", "doc", "instruction", "memory", "dont", "review", "decision", "workflow", "repo", "tool"], "weights": [0.48068370210749783, 0.4113874941917296, 0.41000336550619687, 0.36209025776203596, 0.35692271336692655, 0.35530158529010997, 0.3460344471879708, 0.29628239093715636, 0.29587431915016926, 0.2808131077129113, 0.2787590289761717, 0.2739320722603752, 0.26024803053721135, 0.2248403221968826, 0.20914281650707894, 0.20322040611786457, 0.19543361456072922, 0.19124292587263333, 0.19038614311252758, 0.18747311372111133], "topic_strength": 34.37322943302247, "top_10_strength": 3.595393383212704, "label": "Agent & Task"}, {"topic_id": 4, "top_words": ["mvn", "spring", "java", "agent", "streaming", "integration", "event", "package", "module", "coverage", "unit", "clean", "chat", "communication", "plugin", "deploy", "implementation", "analysis", "interface", "core"], "weights": [0.7609958289200035, 0.44814295551272965, 0.4397118052457225, 0.41658813840026726, 0.29169565172679524, 0.28574112826363096, 0.28520721753536976, 0.24521133864393535, 0.20981147392522703, 0.19654237576396405, 0.14876528102946782, 0.1486589636103182, 0.14864981678289083, 0.14427369059340467, 0.14037860615973596, 0.13305916232366435, 0.13032022428487172, 0.1292705465239997, 0.12785188460173963, 0.12551124047304194], "topic_strength": 11.616476304114261, "top_10_strength": 3.579647913937645, "label": "Mvn & Spring"}]}