{"timestamp": "2026-06-13T03:35:34.148860", "success": true, "message": "Analysis complete with 500 files", "files_collected": 500, "topics_discovered": 5, "topics_data": [{"topic_id": 0, "top_words": ["model", "api", "make", "config", "key", "data", "module", "service", "python", "package", "class", "version", "check", "port", "configuration", "pnpm", "install", "app", "default", "pytest"], "weights": [0.39889846036375287, 0.33063171616465103, 0.32441333207802164, 0.313019302876494, 0.31287224296165, 0.3060975472961014, 0.2719170262441099, 0.2635856608372875, 0.2531463607562738, 0.24891512370451527, 0.2335678643872861, 0.233503595848604, 0.2237310071948398, 0.21662564739039122, 0.2159379584316153, 0.21386334768618068, 0.21304359581302262, 0.2119012767077394, 0.21121000833839546, 0.20506389003494416], "topic_strength": 49.245781030425654, "top_10_strength": 3.0234967732828575, "label": "Data & APIs"}, {"topic_id": 1, "top_words": ["npm", "component", "react", "typescript", "page", "cs", "dev", "server", "tailwind", "nextjs", "supabase", "frontend", "vite", "app", "api", "start", "production", "development", "const", "type"], "weights": [1.0134852685095992, 0.48632122069496314, 0.3408045205327985, 0.3405253215738521, 0.2948066689320847, 0.25624458070125194, 0.24718399338832042, 0.22351082317532714, 0.2207681818115142, 0.22071422558007706, 0.20617176429489673, 0.1955590890473419, 0.19004143315630231, 0.18919914177004715, 0.1802751198810182, 0.17949966340166373, 0.1752098191458707, 0.1711050165875419, 0.16597410572714397, 0.16165762585737764], "topic_strength": 24.121740303129332, "top_10_strength": 3.644364804899789, "label": "Frontend Development"}, {"topic_id": 2, "top_words": ["agentsmd", "instruction", "follow", "agent", "require", "repo", "contract", "rule", "context", "root", "live", "repository", "read", "spec", "truth", "policy", "immediately", "developer", "shared", "making"], "weights": [1.7169231959415174, 0.19323982474864673, 0.1365987595900717, 0.12543374125011905, 0.10437945963790754, 0.10017188503182987, 0.09795253483961662, 0.08682732548556354, 0.07437414506659368, 0.07038516303985969, 0.06563493089677211, 0.0596854953198976, 0.05588825611256717, 0.05225690782886053, 0.05123771918348828, 0.049282974346646115, 0.04565473336211629, 0.04527712215813669, 0.04486393107003762, 0.04224585097901738], "topic_strength": 4.31714124463582, "top_10_strength": 2.7062860346317255, "label": "Agentsmd & Instruction"}, {"topic_id": 3, "top_words": ["skill", "python", "tool", "agent", "ratio", "json", "automation", "budget", "usage", "mcp", "analysis", "purpose", "flow", "format", "cli", "llm", "actual", "model", "feature", "repo"], "weights": [0.8160195565422722, 0.645341451066985, 0.49809057837587295, 0.4956310752429508, 0.4080044010498813, 0.25241891108422554, 0.19741806162700634, 0.19030651140685884, 0.17930579173753228, 0.1715231254804464, 0.16211676091117402, 0.1458764737195007, 0.1352451438101726, 0.13352898405111108, 0.1326022661403395, 0.11225634867836423, 0.10404064395105139, 0.1032522124869124, 0.10120571822517085, 0.1001692263251509], "topic_strength": 14.672123705285236, "top_10_strength": 3.854059463614032, "label": "Skill & Python"}, {"topic_id": 4, "top_words": ["user", "change", "rule", "task", "git", "fix", "issue", "note", "new", "plan", "work", "dont", "add", "tool", "content", "step", "read", "commit", "update", "existing"], "weights": [0.3645951241056545, 0.35675713493734934, 0.33672080889606626, 0.3289228318995535, 0.2988651105541545, 0.25496465415958075, 0.25182512529682116, 0.2489802889405182, 0.24867498957383194, 0.24272165681017088, 0.24064564100089048, 0.2093971609182089, 0.20675513077119592, 0.20607813264236302, 0.1968744340404227, 0.19487976357738754, 0.19394673945329424, 0.18875437479298768, 0.18268676712842036, 0.17976567115775824], "topic_strength": 38.756760742573924, "top_10_strength": 2.9330277251737016, "label": "User Interface"}], "file_type": "claude_md"}