{"timestamp": "2026-05-25T03:10:56.693875", "success": true, "message": "Analysis complete with 500 files", "files_collected": 500, "topics_discovered": 5, "topics_data": [{"topic_id": 0, "top_words": ["type", "python", "model", "import", "error", "tool", "function", "make", "data", "return", "user", "state", "api", "add", "new", "class", "module", "path", "package", "service"], "weights": [0.4123003931925155, 0.381460171721983, 0.3597074004733084, 0.3549165243620409, 0.3230854928607125, 0.31495392802424244, 0.31112779335540314, 0.3047714889795943, 0.2974668032269654, 0.27950025464730005, 0.27654737847961125, 0.2686870757952602, 0.26480351487572173, 0.2629565803718342, 0.25234559928864947, 0.2489089506224565, 0.24201907415691865, 0.23929549263536534, 0.22679807322332388, 0.22493111906511085], "topic_strength": 63.97004080933727, "top_10_strength": 3.339290250844066, "label": "Type & Python"}, {"topic_id": 1, "top_words": ["pnpm", "component", "lint", "filter", "app", "nextjs", "dev", "react", "typescript", "theme", "tailwind", "vitest", "frontend", "api", "rendering", "server", "shared", "exec", "check", "page"], "weights": [1.4925079467677336, 0.3058741691193989, 0.20018774016804877, 0.17018434490901782, 0.1613943674987911, 0.15758998151625042, 0.15717490909294055, 0.15558569817688564, 0.14169972408874748, 0.13358403426933207, 0.12366273334817579, 0.12355212937331134, 0.11013499192090914, 0.1045578193345798, 0.10255548572302745, 0.09696822580058535, 0.09446906375504789, 0.09264891692738904, 0.0919557400896614, 0.08858654365314325], "topic_strength": 15.230067239376702, "top_10_strength": 3.075782915607146, "label": "Frontend Development"}, {"topic_id": 2, "top_words": ["git", "work", "issue", "bash", "push", "codex", "commit", "description", "create", "task", "ready", "prompt", "update", "session", "tracking", "claim", "json", "claude", "changed", "github"], "weights": [0.6589565355277207, 0.5585564084460168, 0.4769768154419654, 0.3963893795418656, 0.37080729904929277, 0.3214340678549778, 0.3186608909746445, 0.3063952548375052, 0.2828185750449551, 0.2689404788189448, 0.26520436285245513, 0.2426193312711889, 0.24003508272049995, 0.23877160246082185, 0.23589013407357917, 0.23204913919236145, 0.22595612607146656, 0.21876932090889883, 0.2185440837533321, 0.2132901137923305], "topic_strength": 27.008820960147876, "top_10_strength": 3.9599357055378883, "label": "Git & Work"}, {"topic_id": 3, "top_words": ["npm", "install", "backend", "lint", "dev", "api", "bash", "frontend", "vite", "vitest", "doc", "react", "playwright", "typescript", "commit", "guideline", "app", "repository", "cs", "python"], "weights": [1.165599348033869, 0.23412053795957447, 0.23110452183183128, 0.2216693365955475, 0.2164253686738251, 0.21128046405678355, 0.19316523008069628, 0.18912683707155958, 0.1834491505537654, 0.177334404458205, 0.16767988494255004, 0.1662300499687079, 0.14874141552345593, 0.14165928871481906, 0.1373043653001109, 0.11874519558645856, 0.11284446085431675, 0.11262447810710495, 0.10837593522718757, 0.10771921696830065], "topic_strength": 16.499711071373206, "top_10_strength": 3.0232751993156572, "label": "Frontend Development"}, {"topic_id": 4, "top_words": ["skill", "pressure", "scenario", "directory", "tdd", "doc", "reference", "workflow", "rule", "instruction", "contains", "tool", "write", "markdown", "green", "phase", "refactor", "sql", "repository", "red"], "weights": [1.4259645288543323, 0.3081827560339826, 0.24240761430343083, 0.21425170722489292, 0.17866646998094748, 0.16746973780180874, 0.16144346413303723, 0.14483892521656355, 0.14019508966568886, 0.1389991016048546, 0.1259066914345027, 0.12081641833304937, 0.12035481946976603, 0.11694673163924775, 0.1163935446796195, 0.10518597384708214, 0.10479080620180146, 0.10417244185372641, 0.09967798808120351, 0.09851680062778206], "topic_strength": 15.29972713156556, "top_10_strength": 3.1224193948195387, "label": "File Management"}], "file_type": "agents_md"}