{"timestamp": "2026-05-28T03:46:57.764142", "success": true, "message": "Analysis complete with 500 files", "files_collected": 500, "topics_discovered": 5, "topics_data": [{"topic_id": 0, "top_words": ["agent", "search", "step", "report", "run", "output", "tool", "api", "error", "log", "code", "page", "json", "action", "command", "list", "decision", "data", "session", "source"], "weights": [0.3925672091961912, 0.3839130550708877, 0.38311975820699457, 0.3295224269084629, 0.3082143025211753, 0.293269782806082, 0.2846560318165068, 0.272103735040374, 0.2644361106036847, 0.26355654348543095, 0.26230438121356714, 0.2561921484669269, 0.25147916567375483, 0.24883270852216863, 0.24613622657337522, 0.24275728364084867, 0.24152168021874934, 0.240539801828393, 0.23811227378862546, 0.23328016093721107], "topic_strength": 58.498067297733954, "top_10_strength": 3.17535895565579, "label": "Agent & Search"}, {"topic_id": 1, "top_words": ["typescript", "const", "component", "export", "await", "string", "return", "data", "function", "async", "import", "error", "type", "pattern", "interface", "feature", "new", "test", "frontend", "div"], "weights": [0.7001805975001784, 0.6377673829364338, 0.4760982081108319, 0.3562024958695127, 0.354377112530828, 0.32935220902240886, 0.3252880470241147, 0.31680677471329544, 0.311230922496758, 0.25840445146145635, 0.25748865287077144, 0.24482460769700728, 0.2241944445638163, 0.21607777461312097, 0.201332046036937, 0.17271260113966275, 0.15538713118451022, 0.1502182362241077, 0.14675010959266402, 0.1409162436350313], "topic_strength": 19.566957028546565, "top_10_strength": 4.065708201665818, "label": "Frontend Development"}, {"topic_id": 2, "top_words": ["test", "git", "review", "run", "issue", "branch", "security", "change", "code", "diff", "commit", "fix", "open", "changed", "mvn", "comment", "finding", "commits", "intent", "build"], "weights": [0.7175913834991035, 0.4724262756103818, 0.4425207632205699, 0.3039872103515561, 0.2997793648682357, 0.29963240400089625, 0.2712886277330442, 0.2683015560773566, 0.22220841840834252, 0.2179639219209832, 0.1981846731514752, 0.18979944564558182, 0.17695702608754577, 0.1760976970757354, 0.1748725640219305, 0.169810744312582, 0.16811206798940317, 0.1680549223063664, 0.1658735756956614, 0.14448292971378182], "topic_strength": 19.3473917188497, "top_10_strength": 3.51569992569047, "label": "Testing & Quality"}, {"topic_id": 3, "top_words": ["python", "markdown", "xcstrings", "memory", "srcclipy", "json", "import", "video", "install", "str", "cost", "def", "ytdlp", "envrc", "url", "path", "export", "node", "prompt", "search"], "weights": [1.3554561633197024, 0.39474632045824937, 0.3896940298522608, 0.329290634734509, 0.3126128599243196, 0.19310070237034302, 0.18701362508210026, 0.178202379359098, 0.16689785930272147, 0.15780511555754168, 0.14451154085529122, 0.1278522181386884, 0.12279478833045153, 0.11665780173673455, 0.11402982266038675, 0.11258555353616508, 0.11170714079678185, 0.1106857299503314, 0.1042442346207879, 0.10109534793785001], "topic_strength": 15.177898277794505, "top_10_strength": 3.664819689960845, "label": "Python & Markdown"}, {"topic_id": 4, "top_words": ["topic", "content", "frontmatter", "tech", "seo", "blog", "yaml", "create", "post", "filename", "site", "step", "plan", "idea", "title", "note", "strategy", "developer", "technical", "marketing"], "weights": [0.8535014277599059, 0.6113988656426165, 0.5143931436472045, 0.4282652954346575, 0.37986704152631545, 0.3055562202059074, 0.22473736508710165, 0.2180866669411768, 0.20983455898730843, 0.18512931601549085, 0.17845262088878497, 0.17498485240276085, 0.16764372403163635, 0.162232714877997, 0.1595107258821226, 0.15728793800404184, 0.15642606471160872, 0.15561382168051824, 0.1550727073510109, 0.15178487412367456], "topic_strength": 19.47382051431591, "top_10_strength": 3.930769901247685, "label": "Topic & Content"}], "file_type": "skill_md"}