{"timestamp": "2026-06-29T03:40:10.086445", "success": true, "message": "Analysis complete with 500 files", "files_collected": 500, "topics_discovered": 5, "topics_data": [{"topic_id": 0, "top_words": ["task", "change", "user", "rule", "phase", "new", "git", "dont", "commit", "plan", "check", "session", "note", "version", "fix", "add", "source", "step", "path", "tool"], "weights": [0.48580961726121114, 0.4057124496205728, 0.38935086282301895, 0.38051857306313003, 0.366254120661836, 0.306345594476613, 0.2949381088836851, 0.2871922201678055, 0.25093233451145625, 0.24724715774394235, 0.24042788222520145, 0.23551378856206043, 0.23417271378682514, 0.23052811788572497, 0.22987426051111065, 0.22955796360675548, 0.2268616283357063, 0.2233084223947817, 0.2229774895777731, 0.22275331408460053], "topic_strength": 56.7984353106485, "top_10_strength": 3.414301039213271, "label": "User Interface"}, {"topic_id": 1, "top_words": ["component", "npm", "typescript", "pnpm", "api", "cs", "page", "react", "frontend", "app", "tailwind", "server", "backend", "dev", "const", "client", "import", "data", "nextjs", "token"], "weights": [0.5354783656755246, 0.5350649790920492, 0.35166394859571537, 0.3289335180668851, 0.3258594241084206, 0.299925607123345, 0.28834651040256176, 0.28744529941300045, 0.2791617417581097, 0.2708915075488699, 0.26569254975939904, 0.21473676585594692, 0.20220524906686327, 0.19752352276699098, 0.19586193859334267, 0.19186382128771662, 0.1896870593950244, 0.17981760094124713, 0.17872383022393964, 0.17378287145383223], "topic_strength": 33.13593224390287, "top_10_strength": 3.5027709017844817, "label": "Frontend Development"}, {"topic_id": 2, "top_words": ["agentsmd", "read", "instruction", "repo", "require", "rule", "follow", "note", "spec", "live", "truth", "primary", "claudemd", "context", "debugging", "guideline", "plan", "doc", "source", "root"], "weights": [1.7647747777307883, 0.18555845542032845, 0.13957034633916848, 0.11155374982517101, 0.10493778448954046, 0.10338122019283894, 0.08960500285162426, 0.08451873501678069, 0.06770846606516538, 0.05717783018620537, 0.05618200738890452, 0.051078843038652566, 0.050874759898947394, 0.050424490634582916, 0.04764700442252049, 0.04542829088807898, 0.04442586463606295, 0.043678932673119696, 0.043416920757920474, 0.04066761262024219], "topic_strength": 4.344729244726723, "top_10_strength": 2.7087863681176114, "label": "Project Structure"}, {"topic_id": 3, "top_words": ["python", "ratio", "json", "bash", "data", "import", "analysis", "tool", "pytest", "api", "format", "budget", "def", "automation", "output", "model", "ruff", "usage", "return", "backend"], "weights": [1.0828200400003272, 0.3411441398670454, 0.3082338478516871, 0.2669288484597306, 0.23647779964868462, 0.23325984650498108, 0.2189685310243395, 0.21281099219184163, 0.19558056938919258, 0.18587745829008173, 0.1793489660041924, 0.17911255672528406, 0.1746241626067885, 0.14616848420596715, 0.142259782070467, 0.14184857122036043, 0.1407847471637858, 0.13365005239656597, 0.1333607585206204, 0.13307889441936885], "topic_strength": 19.85940891131392, "top_10_strength": 3.282102073227912, "label": "Data & APIs"}, {"topic_id": 4, "top_words": ["skill", "agent", "tool", "mcp", "bash", "issue", "context", "invoke", "llm", "repo", "cli", "pnpm", "model", "description", "anthropic", "memory", "repository", "plugin", "prompt", "command"], "weights": [1.0875592139199781, 0.626502589729487, 0.3334478005650383, 0.28167697827075705, 0.2067400407896759, 0.20177579876921822, 0.19753571768669898, 0.18962591038443663, 0.1657915651014931, 0.16487927251910292, 0.1521243016564112, 0.14175831299241937, 0.13992675635326307, 0.1385124214158026, 0.12008671062466567, 0.11462828943448863, 0.10904534099297496, 0.10672653755483366, 0.10188225200091934, 0.10058495641166652], "topic_strength": 14.629807506609003, "top_10_strength": 3.4555348877358862, "label": "Skill & Agent"}], "file_type": "claude_md"}