{"timestamp": "2026-03-20T00:06:48.329480", "success": true, "message": "Analysis complete with 500 files", "files_collected": 500, "topics_discovered": 5, "topics_data": [{"topic_id": 0, "top_words": ["error", "bun", "state", "configuration", "token", "user", "database", "model", "service", "component", "pattern", "return", "function", "validation", "server", "tool", "application", "new", "management", "feature"], "weights": [0.4614334449452029, 0.38696411002223896, 0.30866521691190246, 0.2889763629185253, 0.28817590218684214, 0.28627490295691715, 0.28612177038295317, 0.28290685893474543, 0.27644980994941204, 0.2693524327911592, 0.2692433277735866, 0.26716938165018533, 0.2621513027687924, 0.23437644720404108, 0.23373661155667114, 0.23327845167343975, 0.22520782331191702, 0.22158532450518195, 0.22065024618447734, 0.2201705955417539], "topic_strength": 60.95248474068678, "top_10_strength": 3.135320811999899, "label": "Error & Bun"}, {"topic_id": 1, "top_words": ["npm", "component", "react", "typescript", "cs", "nextjs", "dev", "page", "lint", "start", "tailwind", "server", "eslint", "app", "production", "vite", "frontend", "backend", "hook", "content"], "weights": [1.3187229159969036, 0.5027524200555484, 0.4274533431344334, 0.41556616377504924, 0.30431927913972484, 0.29026182717817894, 0.25929860325538245, 0.22552754856233673, 0.22252168608527087, 0.22088313471625495, 0.218616438074125, 0.21210308429781205, 0.195767754199512, 0.19455789680996, 0.1890815197143575, 0.18375100215054752, 0.17902237433814078, 0.17617651449491945, 0.17574288507787603, 0.17393669559179645], "topic_strength": 22.165611371275762, "top_10_strength": 4.187306921899084, "label": "Frontend Development"}, {"topic_id": 2, "top_words": ["python", "pytest", "model", "video", "pip", "install", "script", "llm", "def", "import", "mainpy", "environment", "fastapi", "gpu", "pipeline", "training", "mcp", "scene", "active", "google"], "weights": [1.5251219538582652, 0.29062340581907375, 0.26246580439505934, 0.26113673947817895, 0.2286123913770611, 0.22708071709540437, 0.21709295277089752, 0.20184891343433137, 0.19703641751325107, 0.1963706881468058, 0.18813182516518917, 0.17454566468110236, 0.1602802093507058, 0.15806510131780033, 0.1527086269044041, 0.15228783620500283, 0.15046460913882417, 0.14202580196452663, 0.1399327518560832, 0.13278965299505738], "topic_strength": 22.049384184615874, "top_10_strength": 3.607389983888328, "label": "Python & Pytest"}, {"topic_id": 3, "top_words": ["agent", "task", "skill", "phase", "git", "mcp", "plan", "spec", "change", "tool", "issue", "session", "read", "work", "user", "workflow", "commit", "instruction", "step", "context"], "weights": [0.6902674018722988, 0.40087668867858456, 0.31805290007857523, 0.2681749375918103, 0.2477557427275903, 0.2418263095331619, 0.23656067224820287, 0.22803001367511136, 0.22712205898087942, 0.21523970794644798, 0.20419139521101615, 0.19836943395804335, 0.19831452263996296, 0.19828784904078756, 0.17195030418474233, 0.1715039993516737, 0.16017507235501804, 0.15916673796846212, 0.14552409450610596, 0.14154750856029943], "topic_strength": 24.738063639127766, "top_10_strength": 3.0739064333326627, "label": "Agent & Task"}, {"topic_id": 4, "top_words": ["pnpm", "database", "package", "component", "backend", "schema", "migration", "client", "route", "server", "auth", "typescript", "prisma", "nextjs", "supabase", "router", "dev", "app", "frontend", "react"], "weights": [1.411393690955056, 0.32861530012313156, 0.2203025439829833, 0.21933561339569765, 0.1920486497309291, 0.18645666978515385, 0.18423945952810933, 0.17831416327810934, 0.17006142937944024, 0.16857228797264912, 0.16393849998341098, 0.15464047017620705, 0.14993634757301078, 0.14878941471923735, 0.14854825876957561, 0.14749722751336586, 0.14354412717704873, 0.14215170571081567, 0.14143340163722087, 0.12913755892225384], "topic_strength": 18.25016627956792, "top_10_strength": 3.259339808131259, "label": "Frontend Development"}]}