{"timestamp": "2026-07-15T03:21:43.626484", "success": true, "message": "Analysis complete with 500 files", "files_collected": 500, "topics_discovered": 5, "topics_data": [{"topic_id": 0, "top_words": ["python", "data", "api", "model", "user", "bash", "service", "docker", "error", "command", "type", "package", "return", "module", "version", "path", "configuration", "release", "import", "config"], "weights": [0.4657207685076011, 0.3731386328415955, 0.3168478724692603, 0.30769320442343273, 0.2890835930312898, 0.2837681389266623, 0.2732761101336113, 0.2646330937505778, 0.25567768695785636, 0.24605039412063331, 0.2454385989463105, 0.2445047123265315, 0.2416331518621669, 0.23501001069125585, 0.23375136293410342, 0.23272468392625467, 0.2234039191295001, 0.2143670231781602, 0.21432308437757785, 0.20416037729425998], "topic_strength": 58.732563447131525, "top_10_strength": 3.0758894951625204, "label": "Data & APIs"}, {"topic_id": 1, "top_words": ["agentsmd", "follow", "read", "instruction", "workflow", "guideline", "contract", "context", "require", "root", "codebase", "frontend", "repository", "global", "policy", "complete", "repo", "rule", "spec", "adapter"], "weights": [2.0716086748658484, 0.18355586728939818, 0.1715284633549897, 0.13909262038718181, 0.12245397520837623, 0.1197181495801873, 0.11774414491465364, 0.11376024529469082, 0.09142652549692323, 0.09110086801533505, 0.07727119990687102, 0.07608390900446925, 0.07598483215107193, 0.06663899680237469, 0.0645972681351212, 0.05828252704716473, 0.05744648035088546, 0.054225681702331864, 0.047902831251870774, 0.04324060691622805], "topic_strength": 5.021538343389407, "top_10_strength": 3.2219895344075846, "label": "Agentsmd & Follow"}, {"topic_id": 2, "top_words": ["npm", "component", "page", "react", "cs", "tailwind", "typescript", "dev", "app", "vite", "api", "frontend", "server", "type", "production", "content", "theme", "token", "supabase", "custom"], "weights": [0.8962258551514026, 0.6457945096986837, 0.5644335893023185, 0.4275370290404422, 0.40000015500099745, 0.37788038882500763, 0.34522646224224024, 0.3324211384018309, 0.3085798853362094, 0.29228951645070655, 0.29103150606197914, 0.2388413917994776, 0.23124227357661364, 0.23056637638659772, 0.22482382316830704, 0.2216505906409561, 0.2201729697840138, 0.1953317314648918, 0.18961931865252302, 0.1823564260676938], "topic_strength": 36.569301188298795, "top_10_strength": 4.5903885294498386, "label": "Frontend Development"}, {"topic_id": 3, "top_words": ["dont", "change", "task", "criterion", "ask", "write", "step", "pas", "guideline", "verify", "make", "refactor", "tradeoff", "check", "asked", "say", "rewrite", "bug", "success", "existing"], "weights": [0.6082221370669397, 0.4504686296469608, 0.3483071469451166, 0.3211711926779596, 0.31925224825545995, 0.3098077409200807, 0.2829918049069633, 0.28027253341246755, 0.27768951110261086, 0.26819428641633036, 0.25717521032852714, 0.2288694698761776, 0.22256165058408073, 0.21764186981662384, 0.21551399177023586, 0.21531676388967969, 0.2097835875566076, 0.20535504832140422, 0.19984649361044324, 0.19351179717241745], "topic_strength": 20.830643936757717, "top_10_strength": 3.4663772313508896, "label": "Dont & Change"}, {"topic_id": 4, "top_words": ["agent", "skill", "tool", "task", "mcp", "review", "repo", "phase", "doc", "rule", "context", "session", "workflow", "git", "read", "memory", "plan", "contract", "para", "prompt"], "weights": [1.0432311093664515, 0.5623623138973081, 0.3578171002230114, 0.31221927845053, 0.19765028631612164, 0.1673350763289755, 0.1586059307980254, 0.15206828505365383, 0.14825689639323045, 0.14397841429413033, 0.13975812746351432, 0.13905955281780435, 0.13324990176936719, 0.12637265630834243, 0.1247346777070368, 0.12044448145755215, 0.11926340701256005, 0.11632660340210083, 0.11533995857655083, 0.11433335863082358], "topic_strength": 19.20271257109178, "top_10_strength": 3.243524691121438, "label": "Agent & Skill"}], "file_type": "claude_md"}