{"timestamp": "2026-05-31T03:15:39.113826", "success": true, "message": "Analysis complete with 500 files", "files_collected": 500, "topics_discovered": 5, "topics_data": [{"topic_id": 0, "top_words": ["change", "make", "guideline", "command", "script", "commit", "behavior", "doc", "module", "repository", "add", "prefer", "style", "example", "package", "helper", "development", "pytest", "new", "existing"], "weights": [0.5734354558117482, 0.3876938691230268, 0.3790205695441675, 0.35733930675505937, 0.34953919960058527, 0.3450513696634641, 0.3299845136997206, 0.3235601413492078, 0.2951829984257726, 0.26805280089836747, 0.2648758020900155, 0.264825202935636, 0.2637158154887158, 0.26183011866815736, 0.2590978852512416, 0.2589982515576631, 0.2368279110079806, 0.2359685530987992, 0.23296700746002025, 0.23293235163047468], "topic_strength": 43.47843354646167, "top_10_strength": 3.6088602248711203, "label": "Change & Make"}, {"topic_id": 1, "top_words": ["pnpm", "dev", "package", "typecheck", "component", "lint", "typescript", "vue", "check", "vite", "vitest", "skill", "app", "docker", "react", "api", "filter", "apps", "type", "frontend"], "weights": [1.7097371282027491, 0.23097575578796747, 0.21963110987403617, 0.1654667316833539, 0.1548426543292234, 0.1531608138942912, 0.15229940760756472, 0.15144481066749732, 0.14084481073327929, 0.12874633922615988, 0.12278161772915229, 0.12239065394133909, 0.12217214915752579, 0.1160127402603259, 0.10835919698509304, 0.10652069104379827, 0.10534436776017453, 0.10148749126296822, 0.10113214573640257, 0.09822148903943788], "topic_strength": 14.26307925290882, "top_10_strength": 3.2071495620061223, "label": "Frontend Development"}, {"topic_id": 2, "top_words": ["skill", "work", "git", "issue", "create", "push", "bash", "task", "ready", "bead", "codex", "tracking", "claim", "update", "directory", "tool", "complete", "prompt", "claude", "description"], "weights": [0.5898726483304007, 0.5729177418647986, 0.5703869351692559, 0.4407806921247342, 0.2989955992866806, 0.2942895241649223, 0.2900289312864464, 0.2768042332550624, 0.26972445017559676, 0.24236204982375664, 0.22826746020905, 0.22634271952896257, 0.2213864956626898, 0.21386397430628673, 0.2133765204632418, 0.2102118846469327, 0.205809109981368, 0.20562733968078573, 0.20523926881106655, 0.2005703779878917], "topic_strength": 26.36927182632008, "top_10_strength": 3.846162805481655, "label": "Skill & Work"}, {"topic_id": 3, "top_words": ["tool", "model", "import", "type", "error", "return", "python", "user", "class", "function", "data", "string", "const", "await", "api", "llm", "mcp", "state", "client", "server"], "weights": [0.5126804922406311, 0.42357786586916635, 0.4190882357702529, 0.40616860712141445, 0.3547495659220708, 0.3218486649450693, 0.2910501751421838, 0.2897026095563524, 0.2759386462180523, 0.2591319203900141, 0.2536073958116069, 0.24983782272011548, 0.2403576400996168, 0.2323225150385455, 0.22384003729652227, 0.2079571079891344, 0.20774358345121222, 0.202604816090458, 0.19987889024916677, 0.19887301102941787], "topic_strength": 48.30555680354021, "top_10_strength": 3.5539367831752076, "label": "Tool & Model"}, {"topic_id": 4, "top_words": ["npm", "backend", "frontend", "api", "component", "react", "dev", "cs", "install", "app", "tailwind", "bash", "lint", "server", "playwright", "vite", "vitest", "page", "route", "typescript"], "weights": [1.1230968183029293, 0.40216223159334463, 0.34416703659323156, 0.3129778895295049, 0.27345890596765887, 0.23228281235479661, 0.22838834386767895, 0.2204822310470313, 0.20048708745904023, 0.19883871091949112, 0.18879240301727776, 0.18499300895553025, 0.1696967585321402, 0.15823189985555491, 0.15818312296831255, 0.15529638394339706, 0.15007719113695708, 0.14672569210139724, 0.14093672878073218, 0.14014413092942643], "topic_strength": 19.992972197017, "top_10_strength": 3.5363420676347075, "label": "Frontend Development"}], "file_type": "agents_md"}