{"timestamp": "2026-07-18T03:10:57.237397", "success": true, "message": "Analysis complete with 500 files", "files_collected": 500, "topics_discovered": 5, "topics_data": [{"topic_id": 0, "top_words": ["test", "issue", "pattern", "code", "project", "step", "run", "data", "report", "change", "phase", "update", "script", "state", "workflow", "type", "new", "review", "fix", "page"], "weights": [0.3530978734039828, 0.34388368876716824, 0.31102351803169387, 0.30783536000461287, 0.2990292188483501, 0.2733987470630181, 0.2644981061152023, 0.25460696455514853, 0.25445515111290445, 0.25181714218894, 0.2514949162014403, 0.2448976565606142, 0.2423943793578475, 0.23731687179481747, 0.23614523918409172, 0.23517949298131435, 0.21815761755072577, 0.21639897570568217, 0.2162698002716012, 0.2098995858298357], "topic_strength": 60.75976631525727, "top_10_strength": 2.9136457700910214, "label": "Project Structure"}, {"topic_id": 1, "top_words": ["und", "oder", "die", "eine", "der", "welche", "prfen", "mit", "art", "email", "form", "live", "output", "plugins", "register", "matrix", "screenshot", "pdf", "person", "template"], "weights": [1.6986366026152262, 0.636176391123375, 0.37527654808580607, 0.3152880707441431, 0.31259259127392874, 0.3054422359143613, 0.25406920919838205, 0.2078229723726048, 0.09532333779734913, 0.05135807993920751, 0.04982511920304274, 0.04136206762593616, 0.03560743439315846, 0.024916833071903517, 0.0238657766570114, 0.02113666837866192, 0.01661957669966302, 0.016563859205212254, 0.01578462402930911, 0.015774547819507566], "topic_strength": 4.746697014668192, "top_10_strength": 4.251986039064383, "label": "Und & Oder"}, {"topic_id": 2, "top_words": ["goal", "actionable", "audience", "context", "metric", "quality", "component", "step", "format", "task", "plan", "criterion", "research", "timeline", "output", "consistency", "design", "requirement", "scale", "constraint"], "weights": [0.6795506871841216, 0.47709532151829603, 0.45954825596701, 0.45787434628737683, 0.4213384868131258, 0.38984551556688063, 0.3654928970134054, 0.3603195564286015, 0.3009729693302299, 0.29491935990543744, 0.2924430132705327, 0.26834363182504756, 0.26459874310540915, 0.24393685692594416, 0.23621198890252829, 0.23233908446671356, 0.23024076353754466, 0.22878568928850676, 0.22706308273241993, 0.2264570037131451], "topic_strength": 16.12080733275877, "top_10_strength": 4.206957396014485, "label": "Goal & Actionable"}, {"topic_id": 3, "top_words": ["python", "import", "bash", "model", "str", "api", "def", "quantization", "image", "chrome", "env", "pip", "json", "llm", "parameter", "bit", "install", "quality", "result", "return"], "weights": [1.3637459326727361, 0.6058863258774061, 0.27573176948992345, 0.2404409011910527, 0.21964328349816598, 0.2005766257582883, 0.1720285242404676, 0.1698181321781141, 0.14803632268441733, 0.13471587836052817, 0.13235253164767394, 0.13172001767012437, 0.13055502404665764, 0.12861244422076357, 0.12659016983456503, 0.1246137997674801, 0.11958920916509713, 0.11705379741724614, 0.11142505098735178, 0.1096897752375034], "topic_strength": 17.120124902451607, "top_10_strength": 3.5306236959510997, "label": "Python & Import"}, {"topic_id": 4, "top_words": ["agent", "mcp", "run", "token", "bash", "post", "tool", "server", "task", "ngrok", "url", "json", "install", "prompt", "curl", "session", "api", "browser", "instruction", "machine"], "weights": [1.0193180249161777, 0.49115811951268723, 0.419993986944518, 0.3817360932986657, 0.3587251028108481, 0.33366002388277344, 0.31641975680663553, 0.2737732668297809, 0.2642543679500577, 0.2613824079582041, 0.2532603809562463, 0.2510637130932877, 0.2450173270777708, 0.2442074364839063, 0.24083516288154638, 0.23435775143385348, 0.22999273771534828, 0.22100046739944, 0.2056511073740967, 0.20413945126212057], "topic_strength": 29.170029404556914, "top_10_strength": 4.1204211509103486, "label": "Agent & Mcp"}], "file_type": "skill_md"}