{"timestamp": "2026-04-01T00:24:59.691716", "success": true, "message": "Analysis complete with 500 files", "files_collected": 500, "topics_discovered": 5, "topics_data": [{"topic_id": 0, "top_words": ["api", "backend", "service", "docker", "frontend", "database", "model", "server", "http", "data", "domain", "token", "compose", "app", "user", "port", "auth", "client", "error", "endpoint"], "weights": [0.616244835495221, 0.5121012300184385, 0.5073505324615073, 0.4490787530981888, 0.42712988878100916, 0.3803051406570025, 0.30499204998447327, 0.2807471126645402, 0.2744747359281478, 0.2632080755970116, 0.2608203741201501, 0.2554922222683604, 0.23968635617746162, 0.23599192802748792, 0.23427123442089817, 0.23252043670783332, 0.23104395845932832, 0.23006636120608148, 0.22390763211694925, 0.2192623146087556], "topic_strength": 39.5355308969768, "top_10_strength": 4.015632354685541, "label": "Backend Services"}, {"topic_id": 1, "top_words": ["npm", "typescript", "server", "dev", "lint", "mcp", "development", "vitest", "npx", "react", "eslint", "start", "node", "cloudflare", "vite", "package", "production", "strict", "install", "testing"], "weights": [1.491419672890644, 0.40500161498365284, 0.23080719069992967, 0.22631974302955807, 0.21129693420768472, 0.19475415717237243, 0.1865922176273523, 0.18591358516155587, 0.17632157702085036, 0.16993142907737296, 0.16560801254623797, 0.15634812331249937, 0.1501281837294504, 0.14717159070001426, 0.14413726963906875, 0.13306207031652806, 0.1316503361047788, 0.12368118169496028, 0.1094064145794207, 0.10800702345454118], "topic_strength": 15.229973426535318, "top_10_strength": 3.4783581218709734, "label": "Frontend Development"}, {"topic_id": 2, "top_words": ["pnpm", "prisma", "package", "nextjs", "typescript", "lint", "api", "issue", "app", "router", "workspace", "dev", "admin", "database", "supabase", "tailwind", "eslint", "start", "feature", "postgresql"], "weights": [1.389034273876041, 0.21801231565020518, 0.2031586202841447, 0.20062891446455658, 0.16205812718416993, 0.16099728722332396, 0.158811786156835, 0.14428734624036374, 0.14420859386984117, 0.1172497351371819, 0.11622213023133446, 0.11489999097608854, 0.10328074265971153, 0.09962014162876939, 0.09922361602556551, 0.09752880655217737, 0.0936651849110231, 0.08753709059215282, 0.08738386908963877, 0.08530772706667138], "topic_strength": 11.399501576839919, "top_10_strength": 2.8984470000866636, "label": "Frontend Development"}, {"topic_id": 3, "top_words": ["python", "change", "task", "tool", "agent", "workflow", "commit", "fix", "skill", "new", "output", "read", "add", "check", "git", "work", "step", "user", "documentation", "make"], "weights": [0.5375856047304032, 0.31006650054567286, 0.29553541061499333, 0.29335790849841187, 0.26290112885281264, 0.25410702659076967, 0.24931158373391596, 0.21910688717255514, 0.21766095982664138, 0.21284335996390455, 0.21113932311876568, 0.2083953388193148, 0.20617095227601515, 0.20330137894055794, 0.2029722348483814, 0.19116184552300666, 0.1884307117678699, 0.18581877743149114, 0.18413578969376942, 0.182062448971858], "topic_strength": 46.45888039448417, "top_10_strength": 2.85247637053008, "label": "Python & Change"}, {"topic_id": 4, "top_words": ["component", "page", "content", "cs", "react", "tailwind", "theme", "site", "layout", "nextjs", "animation", "hook", "image", "preview", "static", "font", "blog", "html", "state", "import"], "weights": [0.6916060112028118, 0.4408533146107528, 0.34701026708229116, 0.34040658741753754, 0.26186828682825025, 0.25168228954165833, 0.24370838229039712, 0.23567460728793674, 0.21829001606651546, 0.18509086020431342, 0.1802346351534069, 0.17891831275998912, 0.17585829693505367, 0.16875510868819849, 0.15994381887119594, 0.15916133179924358, 0.15615984748847359, 0.15559573036433735, 0.15278120302856718, 0.1515334628666937], "topic_strength": 24.00542171935202, "top_10_strength": 3.2161906225324643, "label": "Frontend Development"}]}