{"timestamp": "2026-07-23T03:11:57.941379", "success": true, "message": "Analysis complete with 500 files", "files_collected": 500, "topics_discovered": 5, "topics_data": [{"topic_id": 0, "top_words": ["make", "issue", "project", "work", "commit", "update", "module", "prefer", "doc", "behavior", "git", "new", "command", "workflow", "check", "python", "cargo", "branch", "user", "package"], "weights": [0.3360354306722296, 0.33474426669553115, 0.3300965850757043, 0.31687683582081955, 0.3152095550412621, 0.30398030995200065, 0.3023161458799606, 0.3012053262604324, 0.2966963811154143, 0.2951808550410819, 0.2913843015298029, 0.28551475456914593, 0.263633289439546, 0.25986451817233414, 0.2589331258092187, 0.25850234123426574, 0.2537699522468995, 0.24934671902124997, 0.248291911442108, 0.2481223154606309], "topic_strength": 54.64128680712322, "top_10_strength": 3.132341691554436, "label": "Project Structure"}, {"topic_id": 1, "top_words": ["skill", "memory", "session", "life", "npx", "user", "directory", "doc", "memorymd", "para", "instruction", "claude", "subagent", "project", "workflow", "codex", "del", "frontmatter", "agentsmd", "review"], "weights": [1.4899290741011881, 0.18680269414658174, 0.14902217893769604, 0.1409919574203683, 0.13525675775404639, 0.13282042718779832, 0.13087994400099187, 0.1265053884817543, 0.12463195739338748, 0.12372118737621544, 0.1178216020071343, 0.11133940956267147, 0.10746390108756573, 0.10709831626601754, 0.10680528923493963, 0.10619281921822916, 0.10546848662314896, 0.10164351427973072, 0.09530144978428567, 0.09113535656402137], "topic_strength": 14.57017892969568, "top_10_strength": 2.740561566800028, "label": "Skill & Memory"}, {"topic_id": 2, "top_words": ["training", "nextjs", "writing", "breaking", "know", "apis", "guide", "read", "relevant", "version", "structure", "data", "convention", "exact", "changed", "doc", "information", "public", "analysis", "dont"], "weights": [0.6631897799394492, 0.6328785162560026, 0.5877055001222186, 0.562163844024167, 0.5551549585865035, 0.5256208501712741, 0.4639644537943063, 0.44114446830405973, 0.43405520100401473, 0.4038962855896416, 0.36161517617367794, 0.3594493344396938, 0.3472899022355236, 0.10378898894870965, 0.09225679717845771, 0.0667376991195882, 0.025194954715586495, 0.023191766954983043, 0.023088584492533464, 0.02033017376501899], "topic_strength": 8.329105397607599, "top_10_strength": 5.2697738577916375, "label": "Training & Nextjs"}, {"topic_id": 3, "top_words": ["tool", "model", "llm", "mcp", "prompt", "python", "return", "data", "import", "description", "session", "mode", "execution", "job", "event", "schema", "task", "result", "optional", "default"], "weights": [0.9011604032082684, 0.4351788879027857, 0.2475749095914881, 0.2446565156496788, 0.23566742107204106, 0.23119023312784068, 0.20404758446700214, 0.1808328876058099, 0.1801309026543476, 0.1733876682838496, 0.17059961246700142, 0.1655551362118612, 0.16471446992308356, 0.16424676208552275, 0.16295455535464032, 0.15846170998980041, 0.1515951259199929, 0.15052615738599723, 0.14957858662060905, 0.14724630514656867], "topic_strength": 31.89965436504908, "top_10_strength": 3.0338274135631114, "label": "Tool & Model"}, {"topic_id": 4, "top_words": ["npm", "pnpm", "component", "bun", "frontend", "typescript", "api", "dev", "type", "import", "lint", "backend", "server", "vite", "app", "react", "client", "route", "npx", "install"], "weights": [0.9330270260493901, 0.5502336662471861, 0.4306249879687325, 0.40337647557150447, 0.358234210217816, 0.32253662687617596, 0.2927779256839201, 0.2712033166002102, 0.2505441546785182, 0.23527186070655065, 0.23515549228220858, 0.22868958440001363, 0.22735827639451492, 0.22301724822194696, 0.21817237014199548, 0.21354631480900046, 0.19281008160669125, 0.17865290156316035, 0.16216447327100658, 0.15441386962411585], "topic_strength": 27.82423767738883, "top_10_strength": 4.047830250600004, "label": "Frontend Development"}], "file_type": "agents_md"}