{"timestamp": "2026-04-26T00:25:32.554090", "success": true, "message": "Analysis complete with 500 files", "files_collected": 500, "topics_discovered": 5, "topics_data": [{"topic_id": 0, "top_words": ["python", "api", "data", "model", "database", "error", "import", "type", "make", "service", "client", "function", "server", "configuration", "module", "pytest", "pattern", "return", "check", "backend"], "weights": [0.6303696746583857, 0.47083011001457475, 0.43520090421948177, 0.3703043376429107, 0.3084430699652103, 0.30635215959395257, 0.3029870824432977, 0.28724663807674405, 0.28051290433092807, 0.28025152151942934, 0.25888632281064883, 0.25275046862635314, 0.2515946326613262, 0.24533440275877452, 0.24041741753683585, 0.23799158608569154, 0.23797513786282168, 0.2316207740818357, 0.2283418601448551, 0.22325199391760198], "topic_strength": 53.66002349318771, "top_10_strength": 3.672498402464915, "label": "Backend Services"}, {"topic_id": 1, "top_words": ["npm", "typescript", "api", "cloudflare", "dev", "git", "lint", "react", "eslint", "type", "conventional", "commit", "const", "npx", "docker", "worker", "package", "commits", "release", "vitest"], "weights": [1.4696205252803176, 0.2905053034462175, 0.24897033485657435, 0.2316641784089566, 0.21190540423178567, 0.18714722952710983, 0.1848574878268573, 0.16501490844241473, 0.1625343544052658, 0.15520048333783337, 0.15354245918210316, 0.15298129978959968, 0.15186730696389972, 0.14604329987379724, 0.14401785555007873, 0.13558373715004995, 0.1352340400630314, 0.12981991468698836, 0.12777165584519323, 0.12449624636852964], "topic_strength": 13.749683118379007, "top_10_strength": 3.3074202097633325, "label": "Frontend Development"}, {"topic_id": 2, "top_words": ["change", "skill", "session", "task", "git", "read", "instruction", "commit", "rule", "user", "plan", "work", "dont", "context", "doc", "current", "prefer", "workflow", "follow", "repo"], "weights": [0.42530244900365305, 0.3966053812572426, 0.38330116049336527, 0.3813416814450548, 0.3730848296081898, 0.3620087898355047, 0.3283436805171789, 0.2793882591191817, 0.2692280749708304, 0.25237563150203596, 0.2251749790049161, 0.224430809424871, 0.21912555371478667, 0.19409765584953, 0.18929576464967374, 0.18514858726703082, 0.17710883250795043, 0.17560356926758086, 0.1752588260402949, 0.17181047220110082], "topic_strength": 35.9290187426149, "top_10_strength": 3.450979937752237, "label": "Change & Skill"}, {"topic_id": 3, "top_words": ["agent", "mvn", "event", "spring", "java", "streaming", "integration", "package", "module", "coverage", "tool", "communication", "message", "clean", "plugin", "interface", "implementation", "context", "client", "deploy"], "weights": [0.9310987791119513, 0.6550615321848459, 0.44677671050058115, 0.34678341530274603, 0.30237366679302313, 0.247292111251972, 0.24635832866959215, 0.22596150601940126, 0.2075876225979413, 0.1676089718221023, 0.14690920479946398, 0.1378103242345573, 0.13526070883764665, 0.1256155681042964, 0.1230256110542732, 0.1211766822522081, 0.1204867558708901, 0.11587977049327387, 0.11518746754265224, 0.11241042729527993], "topic_strength": 13.584945290910959, "top_10_strength": 3.7769026442541573, "label": "Agent & Mvn"}, {"topic_id": 4, "top_words": ["pnpm", "page", "component", "site", "cs", "post", "content", "tailwind", "blog", "react", "markdown", "static", "server", "theme", "dev", "vue", "image", "template", "typescript", "bun"], "weights": [0.6449959508113176, 0.4535373433326052, 0.39603703228143305, 0.335419392039141, 0.29913828005276477, 0.29676425772621867, 0.2788352540029766, 0.23171646706382776, 0.22090702137919438, 0.21412616191308295, 0.19897098650756953, 0.18397463874482267, 0.18299385513962643, 0.17676372754150946, 0.1693633772895964, 0.16675456848739295, 0.16402273716987226, 0.16092343662557249, 0.16085829580423092, 0.15904736837918493], "topic_strength": 23.99959330438061, "top_10_strength": 3.3714771606025615, "label": "Frontend Development"}]}