{"timestamp": "2026-05-27T03:29:16.484877", "success": true, "message": "Analysis complete with 500 files", "files_collected": 500, "topics_discovered": 5, "topics_data": [{"topic_id": 0, "top_words": ["session", "agent", "task", "skill", "git", "change", "tool", "user", "read", "context", "rule", "work", "python", "output", "commit", "plan", "prompt", "doc", "mcp", "review"], "weights": [0.46782957767793426, 0.4552867581136742, 0.44538788851476113, 0.4334898603144245, 0.3562503724866852, 0.3416375278150723, 0.320717066323858, 0.3195583528116433, 0.3157573822600059, 0.3151363066791179, 0.31441898818879577, 0.29593750797484764, 0.28907114571260994, 0.2630837554166382, 0.25341676051867146, 0.24831177248625055, 0.24314197330667936, 0.23985029542977454, 0.23662296214819556, 0.22836940185553534], "topic_strength": 57.16696457171513, "top_10_strength": 3.771051092997177, "label": "Session & Agent"}, {"topic_id": 1, "top_words": ["npm", "component", "react", "typescript", "frontend", "backend", "cs", "dev", "server", "page", "app", "service", "data", "state", "development", "production", "tailwind", "database", "vite", "start"], "weights": [0.7263043738014165, 0.4358798532570432, 0.34250354069838657, 0.30472134827474284, 0.29764387827657174, 0.2929710509966936, 0.2829573751038938, 0.27194668083200935, 0.26114158199941107, 0.25742286519904634, 0.238215545054591, 0.2344295130906639, 0.2319137051661834, 0.22540759114546627, 0.22011060956088688, 0.21762793267907446, 0.2021017201808275, 0.20143860527660912, 0.18695811517966385, 0.18662073857120776], "topic_strength": 34.882426929897065, "top_10_strength": 3.4734925484392147, "label": "Frontend Development"}, {"topic_id": 2, "top_words": ["node", "python", "method", "check", "ruff", "pytest", "black", "linting", "model", "async", "scan", "following", "package", "type", "listing", "example", "attribute", "short", "committing", "return"], "weights": [1.041221226057424, 0.3805288124992058, 0.31062490776768403, 0.2809642613974495, 0.27843463055062334, 0.2679219197786731, 0.18867760874200037, 0.18253058737966368, 0.1772503254112141, 0.17606934648243186, 0.1755597827597857, 0.17191612754560268, 0.1703195691831355, 0.16743266515480476, 0.1670236380380075, 0.16556318556037775, 0.16346814243094526, 0.16301459055656273, 0.16286575219783517, 0.1626073080131862], "topic_strength": 16.487058119127493, "top_10_strength": 3.2842236260663698, "label": "Node & Python"}, {"topic_id": 3, "top_words": ["pnpm", "tauri", "rust", "lint", "component", "typescript", "vitest", "type", "eslint", "dev", "package", "prettier", "git", "repo", "page", "app", "string", "export", "typecheck", "issue"], "weights": [1.4742735598102672, 0.22088046184485172, 0.16733424925622556, 0.16428243342707416, 0.16290359487803377, 0.16036722454287458, 0.14808816835400834, 0.14708267944597192, 0.13698151582755808, 0.1336801339681249, 0.1282205169530385, 0.12452740253651838, 0.11053652915147594, 0.10588040291143352, 0.10424550789049863, 0.10350514557062745, 0.10325211302729034, 0.09879396527154453, 0.09314975289619615, 0.09178203873870106], "topic_strength": 14.505875649215266, "top_10_strength": 2.9158740213549907, "label": "Frontend Development"}, {"topic_id": 4, "top_words": ["make", "plugin", "rust", "plugins", "docker", "config", "install", "package", "release", "service", "version", "integration", "tmux", "module", "cli", "cargo", "function", "shell", "image", "clean"], "weights": [1.1690364357999743, 0.4655235979088715, 0.2828136534640099, 0.2612610977091965, 0.2241111124152992, 0.17652670504937296, 0.16839356171129286, 0.16606777566435427, 0.14797367332787123, 0.1392272253480328, 0.13549230722307345, 0.11914343868962622, 0.11770473935064692, 0.11691165930291167, 0.1136983887499603, 0.11166181522892749, 0.1105518625862177, 0.10542042963468805, 0.09893671054663776, 0.09483264651651502], "topic_strength": 17.389940883246357, "top_10_strength": 3.2009348383982754, "label": "Make & Plugin"}], "file_type": "claude_md"}