{"timestamp": "2026-05-17T00:56:28.657960", "success": true, "message": "Analysis complete with 500 files", "files_collected": 500, "topics_discovered": 5, "topics_data": [{"topic_id": 0, "top_words": ["python", "model", "data", "make", "module", "error", "dependency", "pattern", "pytest", "event", "function", "install", "service", "import", "configuration", "core", "package", "testing", "state", "operation"], "weights": [0.7116304004449594, 0.4327047008003071, 0.392797742358914, 0.3538863407948828, 0.3168615451308253, 0.249885740234657, 0.249206286443196, 0.2406622667303418, 0.23983914284237245, 0.23158940598984787, 0.22607556074370988, 0.22382840143479626, 0.22365114097955344, 0.2212751547694162, 0.21431484294370812, 0.2136500159944471, 0.20716148681704571, 0.20607682210908135, 0.20273492385191225, 0.19946746082690894], "topic_strength": 53.31793915935928, "top_10_strength": 3.4190635717703035, "label": "Data & APIs"}, {"topic_id": 1, "top_words": ["npm", "component", "react", "typescript", "dev", "nextjs", "server", "app", "tailwind", "cs", "route", "frontend", "hook", "supabase", "page", "backend", "vite", "production", "router", "state"], "weights": [1.0001374927507465, 0.5010401706008616, 0.4263056937051344, 0.37049428093285747, 0.32373889541222695, 0.2685918586583448, 0.2649669862094026, 0.24995783746674463, 0.2379542795886857, 0.23719470177211993, 0.22690630669800768, 0.20581505964540187, 0.2038516156025363, 0.20269283455399345, 0.20220185995844742, 0.19291631283596905, 0.18991857714886365, 0.1786204215361722, 0.17426655340627092, 0.17178647207197653], "topic_strength": 30.263822496146144, "top_10_strength": 3.880382197097125, "label": "Frontend Development"}, {"topic_id": 2, "top_words": ["pnpm", "component", "package", "backend", "dev", "typescript", "lint", "react", "frontend", "tauri", "fix", "rust", "issue", "route", "monorepo", "apps", "vitest", "server", "typecheck", "new"], "weights": [1.4590792565369137, 0.27366362082633516, 0.20573347690447663, 0.17817690691156937, 0.16085303683007102, 0.1557160666040506, 0.15571450862097588, 0.14762399571640036, 0.14131914317624558, 0.12466982042861621, 0.1195616615636961, 0.11807753626591488, 0.11269482992625741, 0.11020470260453673, 0.10960873216605992, 0.10787972868872697, 0.10575189701725614, 0.1046585385489858, 0.10095069978840031, 0.0976113343965452], "topic_strength": 14.779072306246784, "top_10_strength": 3.0025498325556543, "label": "Frontend Development"}, {"topic_id": 3, "top_words": ["image", "pdf", "chat", "page", "upload", "document", "article", "content", "text", "number", "limit", "section", "size", "click", "following", "title", "html", "window", "blog", "json"], "weights": [0.8678353709397887, 0.4743739789774583, 0.4544965637150786, 0.4221864321465593, 0.4064616150130214, 0.38577444585950027, 0.38004804263131226, 0.37969317494225785, 0.3444253257400144, 0.3183455364216545, 0.2736564149271984, 0.261311679867899, 0.23203532876529975, 0.16659578532815963, 0.15174733952099342, 0.14345606459639518, 0.1295786103695941, 0.1274500686594125, 0.12368298443921129, 0.12201948286268996], "topic_strength": 18.857761610524555, "top_10_strength": 4.433640486386646, "label": "Image & Pdf"}, {"topic_id": 4, "top_words": ["task", "skill", "agent", "step", "git", "mcp", "change", "session", "rule", "read", "user", "doc", "tool", "work", "commit", "plan", "workflow", "fix", "instruction", "review"], "weights": [0.43518474943351604, 0.42155197849104, 0.3436502685891253, 0.3371944919768796, 0.32877629332272185, 0.3145287493933349, 0.2665496513989059, 0.2579899361446885, 0.24606424824723036, 0.24543179101910473, 0.24357864980391905, 0.23761715096133706, 0.23137283767028025, 0.23051882158701106, 0.2238540001469316, 0.22141777535816984, 0.19518716539294204, 0.19250968619233005, 0.18799952186154611, 0.18189956254528117], "topic_strength": 31.88889438698531, "top_10_strength": 3.1969221580165477, "label": "Task & Skill"}]}