{"timestamp": "2026-06-26T04:00:21.833486", "success": true, "message": "Analysis complete with 500 files", "files_collected": 500, "topics_discovered": 5, "topics_data": [{"topic_id": 0, "top_words": ["npm", "component", "typescript", "pnpm", "page", "react", "server", "app", "api", "bun", "cs", "client", "type", "dev", "data", "import", "image", "supabase", "const", "state"], "weights": [0.7660317903440456, 0.5853567576576334, 0.43421656688433546, 0.4187447380556206, 0.3931507926770534, 0.3534573250643881, 0.32801908610042363, 0.3276276027466701, 0.31562545958916643, 0.3129061211711437, 0.30359291854088133, 0.2854308017170389, 0.23299592697408464, 0.2323813715809638, 0.23056357237914296, 0.23032582711136032, 0.22658220549389985, 0.21821731264614982, 0.2138596500221448, 0.2134747488333622], "topic_strength": 40.17289755477243, "top_10_strength": 4.23513624029048, "label": "Frontend Development"}, {"topic_id": 1, "top_words": ["task", "change", "make", "version", "git", "check", "user", "model", "new", "tool", "rule", "add", "release", "update", "session", "work", "path", "cargo", "agent", "pattern"], "weights": [0.5703407168361702, 0.4926362637065988, 0.42596479182250624, 0.3775467053831306, 0.36505051071163763, 0.34884220534505445, 0.34371736466023134, 0.3302217047115608, 0.3277786308344995, 0.3260748784739736, 0.32482933325794966, 0.30819976488004114, 0.3067136346727776, 0.296016242975503, 0.2921632588192204, 0.29171490828406005, 0.29059849835791435, 0.29051631737455613, 0.2801509820661822, 0.27669226500236227], "topic_strength": 74.69864763132914, "top_10_strength": 3.9081737724853634, "label": "Task & Change"}, {"topic_id": 2, "top_words": ["agentsmd", "read", "instruction", "follow", "truth", "repo", "note", "require", "guideline", "guide", "navigation", "context", "source", "rule", "common", "convention", "developer", "debugging", "immediately", "architecture"], "weights": [1.7289886345638419, 0.3073783620365888, 0.13305591692850172, 0.1262460775300064, 0.11650510877928878, 0.11366820672277039, 0.1098298653733349, 0.1094311636857135, 0.10085106712868287, 0.07897376998790932, 0.07614305243167173, 0.07226106266736843, 0.07126236094223364, 0.06539483600625913, 0.05988130324004994, 0.05567695483166178, 0.05444073208634669, 0.05309357729308923, 0.04972909061837739, 0.04576892123620744], "topic_strength": 5.039461664286938, "top_10_strength": 2.924928172736639, "label": "Agentsmd & Read"}, {"topic_id": 3, "top_words": ["skill", "agent", "mcp", "skillmd", "tool", "repo", "description", "para", "prompt", "issue", "frontmatter", "path", "token", "plugin", "evidence", "context", "title", "read", "memory", "review"], "weights": [1.353493275834474, 0.5664680562169022, 0.30453651414264304, 0.2095053970628614, 0.20894640110148688, 0.16965666268264637, 0.134524157717814, 0.13192051853677136, 0.12147542329654618, 0.11693325876146052, 0.1130660328790175, 0.1120209529352455, 0.1022464453275702, 0.10034879449661419, 0.09648254799161296, 0.09614933100334433, 0.09405626006700923, 0.0930529861131525, 0.09164275584184797, 0.08866657532417226], "topic_strength": 13.95575111760169, "top_10_strength": 3.3174596653536055, "label": "Skill & Agent"}, {"topic_id": 4, "top_words": ["python", "ratio", "pytest", "tool", "analysis", "json", "llm", "budget", "automation", "api", "data", "format", "usage", "class", "def", "purpose", "flow", "ruff", "model", "mainpy"], "weights": [1.1005044522081018, 0.4253315142601198, 0.2905824842993128, 0.27339313800826986, 0.272189033139208, 0.23522717714237434, 0.21558164402275581, 0.2009825321295401, 0.1763633847514658, 0.16420012276718204, 0.16012409664821944, 0.15173558653023977, 0.14815900590043396, 0.1478659767887943, 0.14740605735176965, 0.13349128662803128, 0.13063390582672063, 0.1256432293550279, 0.12132443417304688, 0.12052974081411706], "topic_strength": 16.209640998932855, "top_10_strength": 3.3543554827283297, "label": "Python & Ratio"}], "file_type": "claude_md"}