{"timestamp": "2026-04-06T00:48:32.405392", "success": true, "message": "Analysis complete with 500 files", "files_collected": 500, "topics_discovered": 5, "topics_data": [{"topic_id": 0, "top_words": ["python", "data", "pytest", "model", "install", "training", "make", "script", "import", "pipeline", "output", "environment", "dependency", "pip", "format", "type", "source", "api", "ruff", "function"], "weights": [1.3703958119146715, 0.3142539484722088, 0.29364883608159814, 0.28640663172454833, 0.2488953230296413, 0.22564222275460136, 0.2096162141277845, 0.20948058668389447, 0.2003802926853924, 0.19628093599519614, 0.19612064237380453, 0.19552174964473706, 0.1888381096973345, 0.18019447243672215, 0.1763128623944787, 0.17056285956955722, 0.16851764192150678, 0.16504114914842863, 0.159481599888119, 0.15505878837627635], "topic_strength": 32.678954603587584, "top_10_strength": 3.5550008034695373, "label": "Data & APIs"}, {"topic_id": 1, "top_words": ["npm", "api", "typescript", "frontend", "backend", "react", "server", "component", "database", "dev", "service", "auth", "type", "route", "app", "client", "state", "endpoint", "start", "error"], "weights": [0.8863022044831164, 0.5514546104170696, 0.3644362506950747, 0.30534442699161657, 0.3014568397329302, 0.301033560635056, 0.2650932344225314, 0.2496392649946805, 0.24609337986294436, 0.22186725758750966, 0.21953637627627853, 0.20905854638129892, 0.19246551078836607, 0.19140341079215292, 0.18895126470851356, 0.18555293721055854, 0.17619818131879322, 0.1747077517365741, 0.15539105571331996, 0.15519743786752216], "topic_strength": 27.743750018875456, "top_10_strength": 3.692721029822529, "label": "Frontend Development"}, {"topic_id": 2, "top_words": ["change", "task", "plan", "read", "user", "work", "git", "step", "session", "context", "rule", "workflow", "instruction", "fix", "phase", "skill", "dont", "complete", "check", "agent"], "weights": [0.33897529830880785, 0.32359343018910086, 0.29139334848722415, 0.2514271580804527, 0.24559157248963556, 0.2414757559891973, 0.21926328768973807, 0.21656676558261181, 0.21492024396905163, 0.20732421356923747, 0.1969224676568416, 0.19396314931848158, 0.19222165137959707, 0.19170226019729467, 0.18332079164651097, 0.1828337288234801, 0.17521593254971995, 0.16395614438598366, 0.16305350536986282, 0.15554102802724384], "topic_strength": 34.784182635317435, "top_10_strength": 2.5505310743550575, "label": "User Interface"}, {"topic_id": 3, "top_words": ["pnpm", "component", "page", "site", "cs", "theme", "content", "image", "static", "asset", "section", "package", "color", "custom", "server", "animation", "layout", "html", "react", "bundle"], "weights": [0.6765755501923919, 0.4435179982421848, 0.43763441707233286, 0.32750964256551474, 0.2910549230329611, 0.2749299650254619, 0.2462127550059744, 0.2259984715593219, 0.20320443168571098, 0.2009313792719239, 0.17878761845907723, 0.17671448299401413, 0.17131725325120814, 0.16831847536961977, 0.1661518657284987, 0.16369211619174148, 0.1631151992843809, 0.15288855305109028, 0.14191186766507305, 0.13942867846020401], "topic_strength": 25.966006481035095, "top_10_strength": 3.3275695336537785, "label": "Frontend Development"}, {"topic_id": 4, "top_words": ["mvn", "agent", "event", "spring", "java", "package", "streaming", "integration", "module", "coverage", "clean", "plugin", "communication", "interface", "core", "implementation", "chat", "message", "unit", "analysis"], "weights": [0.7386548690001256, 0.5982316068203518, 0.38548629021182057, 0.37131557561857265, 0.3663185617789012, 0.32510402024671015, 0.28621984244280263, 0.2641203575114926, 0.2131193289302855, 0.20648592717454348, 0.16961412099195236, 0.1611300346541198, 0.1540643705288045, 0.14388436700872342, 0.1400034927301733, 0.13881205299732516, 0.1368257516519427, 0.1359130644736684, 0.13339225888315434, 0.13278566296376004], "topic_strength": 13.775226030352474, "top_10_strength": 3.7550563797356062, "label": "Mvn & Agent"}]}