{"timestamp": "2026-07-04T03:40:45.154897", "success": true, "message": "Analysis complete with 500 files", "files_collected": 500, "topics_discovered": 5, "topics_data": [{"topic_id": 0, "top_words": ["change", "npm", "build", "project", "package", "command", "make", "python", "documentation", "module", "update", "behavior", "repository", "check", "dependency", "doc", "commit", "directory", "feature", "bash"], "weights": [0.563730541045301, 0.47798198041413303, 0.42982129664649577, 0.4105110712311279, 0.4051407470065517, 0.3792572104021168, 0.3326030040211926, 0.30146319718275766, 0.2969971164906707, 0.28433141069358636, 0.2799862831712886, 0.27874899442953344, 0.2740172900779415, 0.2717897681405253, 0.2629107928774896, 0.26231685000613325, 0.2457790029964716, 0.24122601958667095, 0.2360964627158021, 0.22968451460702413], "topic_strength": 48.0011125222931, "top_10_strength": 3.8818375751339333, "label": "Project Structure"}, {"topic_id": 1, "top_words": ["differ", "nextjs", "breaking", "know", "writing", "apis", "guide", "relevant", "version", "read", "convention", "structure", "data", "change", "changed", "exact", "npx", "doc", "admin", "number"], "weights": [0.7268022411415227, 0.6518956807334585, 0.6476511022139984, 0.60619198626449, 0.5621651935927672, 0.5474178363973058, 0.49645406235262884, 0.4910207211216459, 0.44919518364456706, 0.4387517609779784, 0.41624615109061236, 0.38780881616904705, 0.3798175265599547, 0.33694434256802763, 0.03303171073769926, 0.030511191365950638, 0.022352015200236584, 0.021384961152753703, 0.014838887868607157, 0.014167901788483102], "topic_strength": 8.259841057602992, "top_10_strength": 5.617545768440363, "label": "Differ & Nextjs"}, {"topic_id": 2, "top_words": ["pnpm", "frontend", "backend", "api", "dev", "vite", "lint", "build", "playwright", "component", "npm", "vitest", "filter", "typescript", "app", "check", "page", "typecheck", "commit", "rust"], "weights": [1.4206531743695265, 0.4177359457175508, 0.3929269272567377, 0.19748641298827133, 0.19330347388635566, 0.18058332406497263, 0.18011289184374135, 0.17065496907472807, 0.1454729793679534, 0.14543141464635886, 0.14098446252493269, 0.14046274759991992, 0.13520347415623798, 0.13383196392038157, 0.1226802163957809, 0.12008569212832128, 0.11994495051022583, 0.11978145446483147, 0.11596770032480384, 0.11493660442439523], "topic_strength": 13.50990556414192, "top_10_strength": 3.444361513216196, "label": "Frontend Development"}, {"topic_id": 3, "top_words": ["const", "import", "function", "return", "bun", "type", "error", "string", "typescript", "await", "export", "async", "api", "component", "line", "data", "value", "div", "class", "user"], "weights": [0.5391515270960561, 0.5053953552110128, 0.40897910666003234, 0.3669012030989419, 0.3440930097978425, 0.3199156236312566, 0.2639166928679494, 0.2580007878112302, 0.23036934284123495, 0.20974643028163023, 0.19009360025057037, 0.18449333372215235, 0.1729283191242989, 0.17264796207430724, 0.16789090461651604, 0.15906573744874122, 0.15586433464593313, 0.15508637782579662, 0.141843195780679, 0.14027391507850276], "topic_strength": 28.773061205843753, "top_10_strength": 3.4464690792971866, "label": "Code Guidelines"}, {"topic_id": 4, "top_words": ["tool", "skill", "mcp", "prompt", "markdown", "task", "model", "review", "subagent", "llm", "job", "session", "phase", "description", "work", "plan", "para", "context", "memory", "step"], "weights": [0.7425377815952925, 0.6716103852308841, 0.3210652791895544, 0.2945182369740144, 0.2922718681618703, 0.26941341272852554, 0.2659560755316465, 0.25254634676235893, 0.24394530093658032, 0.2367028421760059, 0.2217558899760759, 0.2026821158201223, 0.1958103816158015, 0.19486691909948892, 0.19151473389020743, 0.18950227309522236, 0.17712665900836075, 0.17030703087758542, 0.16354380568849158, 0.16024450070518892], "topic_strength": 33.94564722118797, "top_10_strength": 3.5905675292867327, "label": "Tool & Skill"}], "file_type": "agents_md"}