{"timestamp": "2026-06-23T03:30:48.153031", "success": true, "message": "Analysis complete with 500 files", "files_collected": 500, "topics_discovered": 5, "topics_data": [{"topic_id": 0, "top_words": ["step", "project", "task", "test", "phase", "issue", "question", "fix", "workflow", "review", "code", "run", "research", "pattern", "context", "requirement", "create", "plan", "change", "output"], "weights": [0.5246654081600524, 0.46373337635688433, 0.43227363041987293, 0.38224568440152495, 0.37684384455960723, 0.34908059222654364, 0.3445250919212807, 0.29562261693726577, 0.2777961109793676, 0.27436312664748386, 0.2715156583909601, 0.2464445072933339, 0.24401303135522942, 0.23850512188373652, 0.23215930624270364, 0.23125329752885984, 0.22871072713445426, 0.21924432494851162, 0.21034887432608887, 0.20621875194249464], "topic_strength": 49.90985300735721, "top_10_strength": 3.721149482609883, "label": "Project Structure"}, {"topic_id": 1, "top_words": ["und", "oder", "der", "prfen", "bei", "die", "keine", "ist", "nicht", "mit", "art", "live", "register", "output", "form", "text", "fall", "cause", "scope", "fee"], "weights": [1.585604340355308, 0.6875556911241589, 0.35300156915484227, 0.3198970346383927, 0.26298677875464743, 0.25514102953083573, 0.22595020483668937, 0.21740026712675625, 0.20102375894771363, 0.16114518021239257, 0.13759051624987695, 0.09019277715984741, 0.0367435579194565, 0.03369047677515164, 0.03260551369735498, 0.027377824641816116, 0.022521751519277006, 0.01604934943454841, 0.014784812010230904, 0.012984629411518758], "topic_strength": 5.060528041187562, "top_10_strength": 4.269705854681737, "label": "Und & Oder"}, {"topic_id": 2, "top_words": ["const", "string", "await", "return", "type", "email", "color", "page", "data", "function", "text", "cs", "div", "component", "button", "error", "api", "typescript", "state", "plugin"], "weights": [0.5187822892153121, 0.36684095807535, 0.303112827180648, 0.26114837811485714, 0.2438546790134356, 0.2414535469413858, 0.2280522539760474, 0.21238804856448434, 0.20015607522415724, 0.19895817947665193, 0.19661187489428408, 0.19637402564994044, 0.19396111622429946, 0.18824938166723051, 0.18740578431125307, 0.1827420494772187, 0.18083377712716558, 0.17973613777443107, 0.1773546467501311, 0.1756731065015511], "topic_strength": 33.18413658777591, "top_10_strength": 2.7747472357823293, "label": "Const & String"}, {"topic_id": 3, "top_words": ["agent", "token", "prompt", "ngrok", "mcp", "bash", "tool", "run", "remote", "session", "browser", "json", "post", "server", "local", "claude", "openclaw", "step", "instruction", "install"], "weights": [1.145031230013447, 0.28469182501656637, 0.26876450924987777, 0.2612289215986321, 0.2588306791608985, 0.2559639054285307, 0.23901170296436117, 0.21757601388681969, 0.20294475330304923, 0.1990310138556175, 0.19397065999025376, 0.1764405682418367, 0.16993763167336495, 0.16549205170875045, 0.16483427890681807, 0.1642681399928492, 0.16227956721861297, 0.1621024534504445, 0.159755097883975, 0.1495843173334683], "topic_strength": 19.482639236929398, "top_10_strength": 3.3330745544778004, "label": "Agent & Token"}, {"topic_id": 4, "top_words": ["python", "import", "model", "bash", "str", "api", "image", "quantization", "json", "def", "llm", "price", "cli", "output", "query", "bit", "input", "int", "env", "install"], "weights": [1.1688864796090428, 0.30403221464888797, 0.2883081565736905, 0.28214924568913674, 0.19484666390204933, 0.17271412130599043, 0.17108153361480224, 0.1592493114273045, 0.14754814461642354, 0.14625397345645255, 0.14381045030326145, 0.13810025089922345, 0.12045533121793911, 0.11987225330633769, 0.11842627561921314, 0.1051361390962465, 0.10393263185014727, 0.09870654078141997, 0.09816539416137585, 0.09718366826081978], "topic_strength": 15.588590712370396, "top_10_strength": 3.0350698448437807, "label": "Python & Import"}], "file_type": "skill_md"}