{"timestamp": "2026-04-12T00:22:23.041192", "success": true, "message": "Analysis complete with 500 files", "files_collected": 500, "topics_discovered": 5, "topics_data": [{"topic_id": 0, "top_words": ["change", "task", "git", "agent", "new", "user", "feature", "error", "tool", "check", "cargo", "session", "rule", "commit", "documentation", "configuration", "work", "package", "add", "pattern"], "weights": [0.37310787630103287, 0.3251550090400337, 0.3216415249723447, 0.3164537081129977, 0.3078105384122785, 0.285211294439666, 0.2808274875566009, 0.2765328206690982, 0.2698232101842536, 0.26933441578112544, 0.26919756860361255, 0.26908953246984396, 0.2674240708063259, 0.25992445992777574, 0.2596609168714039, 0.25854773865566866, 0.2577666360931925, 0.2566496670595491, 0.256377258070469, 0.23910512456451327], "topic_strength": 59.15060126919355, "top_10_strength": 3.025897885469431, "label": "Change & Task"}, {"topic_id": 1, "top_words": ["npm", "component", "api", "typescript", "react", "page", "data", "frontend", "state", "backend", "dev", "server", "cs", "app", "route", "database", "development", "post", "type", "tailwind"], "weights": [0.716795090653027, 0.4907713956826247, 0.3799717418072419, 0.3593639024398804, 0.3503747157276767, 0.2699299325041295, 0.26237073403760075, 0.26182997921135515, 0.2517812250922417, 0.2466388352050613, 0.24112859093981545, 0.24086842876283296, 0.23752271224893426, 0.22280864900404143, 0.21968216416263084, 0.21703866104329264, 0.19627277364216564, 0.19050039461994944, 0.18660437793124982, 0.18352942927969784], "topic_strength": 34.006437215954755, "top_10_strength": 3.589827552360839, "label": "Frontend Development"}, {"topic_id": 2, "top_words": ["python", "pytest", "model", "mainpy", "script", "import", "pip", "api", "ruff", "agent", "training", "install", "llm", "prompt", "docker", "backend", "requirementstxt", "demo", "ollama", "gpu"], "weights": [1.3632249033607369, 0.2521244474444498, 0.221905107008755, 0.1858123544222488, 0.1676880004378085, 0.1649469094458357, 0.15466066413520618, 0.15347921340887394, 0.14729144115404547, 0.13593803934528143, 0.1352563019502488, 0.13116406594172925, 0.12900704482878284, 0.12037277236722488, 0.11787677452163424, 0.11539770804115361, 0.10604600295544149, 0.09866572622065747, 0.0975094190107871, 0.09722852129031388], "topic_strength": 15.227395152980922, "top_10_strength": 2.9470710801632416, "label": "Python & Pytest"}, {"topic_id": 3, "top_words": ["pnpm", "package", "component", "typescript", "lint", "bun", "react", "yarn", "dev", "script", "strict", "nextjs", "manager", "typecheck", "type", "workspace", "configuration", "doc", "theme", "site"], "weights": [1.3617080191199835, 0.3856655380818726, 0.28437752265516425, 0.23635309662892354, 0.18167214426139988, 0.1590397301480089, 0.14243347561428873, 0.13439228523389646, 0.1302874289933147, 0.12868171289695007, 0.12817370031008285, 0.1228938617999291, 0.11882229467324669, 0.11701911008649557, 0.11503750397532539, 0.11434899770943478, 0.10970557876381011, 0.10867676141334504, 0.1085492980792973, 0.10573213551391994], "topic_strength": 13.09532128597493, "top_10_strength": 3.144610953633803, "label": "Frontend Development"}, {"topic_id": 4, "top_words": ["mcp", "server", "skill", "make", "tool", "api", "agent", "agentsmd", "client", "instruction", "http", "port", "memory", "env", "context", "chrome", "oauth", "json", "cli", "url"], "weights": [1.0646400140006593, 0.41041119421517547, 0.37325111110412235, 0.2931555948171322, 0.2233662323023121, 0.19287767898355845, 0.15569970416872064, 0.1514356960002464, 0.13934281618509015, 0.1326353924996309, 0.12250280038732361, 0.11735033608241915, 0.11308863357329259, 0.11138067216893655, 0.10822349497373382, 0.10641971175251201, 0.10584713903013039, 0.10023717538486172, 0.09983355097668603, 0.09754056940566953], "topic_strength": 14.316250658895257, "top_10_strength": 3.1368154342766483, "label": "Mcp & Server"}]}