{"timestamp": "2026-05-23T03:48:55.629134", "success": true, "message": "Analysis complete with 500 files", "files_collected": 500, "topics_discovered": 5, "topics_data": [{"topic_id": 0, "top_words": ["change", "commit", "make", "git", "command", "guideline", "cargo", "doc", "script", "prefer", "add", "update", "release", "check", "pytest", "module", "behavior", "repository", "rule", "package"], "weights": [0.6314430223826136, 0.43854560046564095, 0.43359014724912237, 0.42359750779561595, 0.3587101173596231, 0.30856304802740303, 0.29523983308348195, 0.29334671148171004, 0.2791815115144576, 0.26650821653113094, 0.2602754203774344, 0.2494895922077055, 0.242339981784284, 0.23774531485239825, 0.23508453316250724, 0.23349281719169657, 0.2327016252416217, 0.230983742369135, 0.22801563581090104, 0.22641351018155925], "topic_strength": 47.60881849052991, "top_10_strength": 3.728725715890799, "label": "Change & Commit"}, {"topic_id": 1, "top_words": ["tool", "import", "model", "type", "python", "return", "data", "api", "function", "string", "state", "user", "const", "error", "class", "service", "component", "key", "client", "await"], "weights": [0.41720473798023905, 0.4069004300751937, 0.40303758039708076, 0.37341323960276723, 0.31578141095062884, 0.3120615280158785, 0.29098988597573, 0.283230225594934, 0.2806635158499117, 0.2656481133700404, 0.26467715852941043, 0.26288457942959226, 0.2498836113641731, 0.2478443199583423, 0.22524844328269888, 0.2236765239349559, 0.21206886284287899, 0.20485979600589066, 0.2005860718593844, 0.199200034799954], "topic_strength": 48.014468245197264, "top_10_strength": 3.3489306678124042, "label": "Tool & Import"}, {"topic_id": 2, "top_words": ["npm", "dev", "backend", "install", "typescript", "lint", "frontend", "api", "react", "bash", "vite", "component", "playwright", "cs", "server", "vitest", "unit", "start", "doc", "app"], "weights": [1.420923665997231, 0.2927012863046346, 0.27477227965091816, 0.2724814612623313, 0.2177916452341995, 0.21578706284956217, 0.21180055560346678, 0.20357615536500634, 0.19094130234864293, 0.18924911405949613, 0.16824065184634776, 0.16807851608743948, 0.16032416472546618, 0.15545583547632233, 0.14749091494084351, 0.13131788646262446, 0.12538147803915695, 0.12472124827283596, 0.11934233183289131, 0.11716181832800401], "topic_strength": 17.358832119818704, "top_10_strength": 3.4900245286754887, "label": "Frontend Development"}, {"topic_id": 3, "top_words": ["pnpm", "component", "filter", "vitest", "app", "dev", "lint", "tailwind", "theme", "page", "package", "react", "nextjs", "typescript", "api", "docker", "cs", "site", "shared", "server"], "weights": [1.6233962048163062, 0.4150684335337627, 0.19409137929579207, 0.1921147975733941, 0.19133290204093728, 0.19106811936572218, 0.17954852019640533, 0.17554874400753478, 0.17323532487999257, 0.169573356463569, 0.1634962419500454, 0.15301617015653063, 0.1475146764017255, 0.13637654868147175, 0.13033763909936652, 0.11695705833214382, 0.11408483318433167, 0.11379189870120582, 0.11192386669833847, 0.11043201099819551], "topic_strength": 16.549858559165326, "top_10_strength": 3.504977782173416, "label": "Frontend Development"}, {"topic_id": 4, "top_words": ["skill", "pressure", "scenario", "tdd", "directory", "markdown", "reference", "workflow", "rule", "green", "write", "contains", "work", "red", "doc", "read", "claude", "sql", "content", "table"], "weights": [1.4026286745034047, 0.35968648639517126, 0.2685576086198754, 0.2371442043333925, 0.2159140404833254, 0.17666540339392225, 0.17335019479605948, 0.17076847940436124, 0.16639656557451227, 0.14239541182630233, 0.1413773522309524, 0.13326749692131415, 0.13017482139947026, 0.12987775044072614, 0.11863522324935663, 0.11782881891792368, 0.11291181665112986, 0.11278519345935603, 0.11086562028989874, 0.10804773245736454], "topic_strength": 16.81632955798368, "top_10_strength": 3.313507069330327, "label": "File Management"}], "file_type": "agents_md"}