{"timestamp": "2026-07-22T03:58:42.248295", "success": true, "message": "Analysis complete with 500 files", "files_collected": 500, "topics_discovered": 5, "topics_data": [{"topic_id": 0, "top_words": ["issue", "project", "build", "python", "update", "check", "work", "command", "module", "package", "commit", "make", "new", "behavior", "git", "documentation", "doc", "dependency", "prefer", "repository"], "weights": [0.37430346490417993, 0.35134092982630694, 0.33709378391110445, 0.3181581546105151, 0.3173648279649203, 0.30692195135426303, 0.3060691843413025, 0.3018434805241672, 0.29878938741259087, 0.2982998230326704, 0.2963480393550288, 0.296279834787323, 0.29392448661689413, 0.2937658235653909, 0.28698918303688903, 0.2818373885656187, 0.2777382617588979, 0.2743924478750122, 0.2721654023335385, 0.262741557624357], "topic_strength": 52.716910015446366, "top_10_strength": 3.2101849878820214, "label": "Project Structure"}, {"topic_id": 1, "top_words": ["writing", "training", "nextjs", "read", "breaking", "know", "apis", "relevant", "guide", "exact", "version", "changed", "structure", "data", "convention", "doc", "public", "information", "dont", "end"], "weights": [0.7968442668582669, 0.6075129886094359, 0.5928461793698211, 0.5885492326137385, 0.5343908864261153, 0.5129704853366273, 0.5029594426575653, 0.43028971331636623, 0.4177963752903269, 0.3902070711818223, 0.3698553159206305, 0.36473990870532286, 0.34749597595074033, 0.3333275946110174, 0.3216783714006849, 0.2715472577616021, 0.027601271166678144, 0.023613106354741134, 0.017621447342277045, 0.016465255316123563], "topic_strength": 8.764168253453562, "top_10_strength": 5.374366641660086, "label": "Writing & Training"}, {"topic_id": 2, "top_words": ["npm", "bun", "pnpm", "component", "build", "typescript", "frontend", "react", "api", "app", "dev", "lint", "type", "server", "backend", "install", "route", "client", "vite", "tailwind"], "weights": [0.9068407120096067, 0.4411577053453937, 0.4165187951838288, 0.3747644461664665, 0.35597577303495814, 0.30674237061491877, 0.25472733824666, 0.24189223280192174, 0.22734527718313816, 0.20945430270971824, 0.19670785557625428, 0.19071728640664168, 0.18428652353470573, 0.18329602032002015, 0.17685841921720227, 0.17532809274601466, 0.17156200209423322, 0.1644899435963697, 0.15099557410700995, 0.14996829760462146], "topic_strength": 24.189062075550236, "top_10_strength": 3.7354189532966107, "label": "Frontend Development"}, {"topic_id": 3, "top_words": ["tool", "model", "mcp", "prompt", "llm", "python", "return", "description", "import", "data", "result", "job", "default", "str", "mode", "task", "context", "error", "false", "schema"], "weights": [0.9136491091166474, 0.37810482768126247, 0.24400819935190407, 0.2387908540669066, 0.22819190754225685, 0.21369749130552204, 0.20588488152956932, 0.1967387999769056, 0.18896929346553099, 0.17629803702472116, 0.16432336041476187, 0.16115233491891898, 0.15904285825297626, 0.15884642866096407, 0.15207351491457904, 0.15181242292276412, 0.14752556769702105, 0.1475083942286801, 0.14520063234673586, 0.14347675976157934], "topic_strength": 31.07521506082759, "top_10_strength": 2.9843334010612264, "label": "Tool & Model"}, {"topic_id": 4, "top_words": ["skill", "memory", "pressure", "memorymd", "markdown", "dont", "doc", "session", "user", "scenario", "life", "agentsmd", "para", "read", "directory", "exact", "task", "red", "npx", "want"], "weights": [1.4775238124098176, 0.23473002238582277, 0.18251818814315166, 0.16245344180560775, 0.15467364192831404, 0.1485426895821354, 0.14633669229409738, 0.13993138777047082, 0.13826359290230097, 0.12856095536479062, 0.12740575668395848, 0.1181518943917873, 0.11743701800591438, 0.11680890835951249, 0.11280731136091644, 0.10405778803148766, 0.10403872157570297, 0.1037397328044264, 0.10360370433575208, 0.10321698818310127], "topic_strength": 17.14626486157859, "top_10_strength": 2.9135344245865085, "label": "Skill & Memory"}], "file_type": "agents_md"}