{"timestamp": "2026-07-10T03:52:11.246474", "success": true, "message": "Analysis complete with 200 files", "files_collected": 200, "topics_discovered": 5, "topics_data": [{"topic_id": 0, "top_words": ["image", "run", "workflow", "subfolder", "url", "node", "download", "text", "video", "json", "script", "model", "default", "prompt", "server", "mcp", "path", "seed", "edit", "base"], "weights": [0.914786825309279, 0.4260144867905544, 0.3890966533674905, 0.3495197089161022, 0.3162395543805568, 0.3084603604241019, 0.2851198310731508, 0.2642946488096944, 0.2499704517067225, 0.24836263990921817, 0.2447351602651082, 0.2410800244667649, 0.22096624566570397, 0.21541887306566926, 0.19510074758295784, 0.17701550558236595, 0.17511809690637736, 0.1631311617024623, 0.1572404235250059, 0.15259830083182382], "topic_strength": 23.430000105364257, "top_10_strength": 3.7518651606868705, "label": "Image & Run"}, {"topic_id": 1, "top_words": ["methodology", "method", "result", "appropriate", "problem", "assumption", "validation", "domain", "practice", "documentation", "literature", "established", "technique", "expertise", "application", "best", "complexity", "understanding", "principle", "consider"], "weights": [0.4125801852441148, 0.40491279898878624, 0.36882665084603866, 0.35540488259508274, 0.34360233771918175, 0.2968765782809766, 0.27808901456162965, 0.2567795679175331, 0.25322868362265993, 0.2297706893722773, 0.22268521591164844, 0.2218564735087036, 0.21619649042216899, 0.21368795054754677, 0.2128889214048394, 0.20545508110973867, 0.20326109360081301, 0.20258164313273627, 0.2000855358007211, 0.19866955974800604], "topic_strength": 16.0115717363693, "top_10_strength": 3.2000713891482806, "label": "Methodology & Method"}, {"topic_id": 2, "top_words": ["python", "claude", "source", "json", "api", "anthropic", "query", "youtube", "chrome", "llm", "mode", "video", "markdown", "model", "topic", "email", "str", "install", "day", "yaml"], "weights": [1.3642658046737255, 0.21895406855157826, 0.176803453649699, 0.16752025809709709, 0.15721014160596622, 0.13997817376187885, 0.1287712314434577, 0.12143931734326953, 0.11994554734277514, 0.11536760686356663, 0.10849498071906367, 0.10358699165440562, 0.10184526282077867, 0.09822947844302325, 0.0971552879997067, 0.0959815417622137, 0.09552205651474555, 0.090507253077904, 0.08943955034110518, 0.08905972850511963], "topic_strength": 11.05784919596251, "top_10_strength": 2.710255603333014, "label": "AI Assistant Configuration"}, {"topic_id": 3, "top_words": ["agent", "review", "run", "test", "code", "fix", "pattern", "task", "command", "check", "session", "change", "api", "read", "state", "issue", "data", "feature", "context", "repo"], "weights": [0.4646404900398601, 0.2994872241322619, 0.29938599298479884, 0.2888264983471548, 0.2777948489276478, 0.27508907698918184, 0.2499501732667975, 0.2328932080317703, 0.22657828578604275, 0.22043157617769726, 0.21830968497952755, 0.20780287602369943, 0.18692657226355816, 0.1833892636682615, 0.17733131708961328, 0.1716317405947822, 0.17040170346300682, 0.16689116150602734, 0.16556912055675535, 0.1591232661679663], "topic_strength": 42.46868758641887, "top_10_strength": 2.8350773746832134, "label": "Code Guidelines"}, {"topic_id": 4, "top_words": ["step", "like", "specific", "stage", "agentic", "html", "question", "crypto", "comment", "chart", "persona", "sec", "tiktok", "paper", "knowledge", "websearch", "token", "track", "process", "parameter"], "weights": [1.148145542754932, 0.1712511357422972, 0.1568800268178794, 0.13104264559069947, 0.12752435692567282, 0.12490663850346446, 0.12487556714876595, 0.12131529656108858, 0.12085539766120859, 0.12061728940341296, 0.11815521162670971, 0.11735885926360129, 0.11473776247343898, 0.11110533392646073, 0.11068493912362787, 0.10404691633536362, 0.09838028843692552, 0.09599651031014005, 0.09240854486810236, 0.09179249896707213], "topic_strength": 13.49467839244625, "top_10_strength": 2.3474138971094214, "label": "Step & Like"}], "file_type": "skill_md"}