{"timestamp": "2026-04-25T00:20:35.681931", "success": true, "message": "Analysis complete with 500 files", "files_collected": 500, "topics_discovered": 5, "topics_data": [{"topic_id": 0, "top_words": ["agent", "session", "read", "skill", "task", "rule", "plan", "change", "work", "context", "decision", "git", "instruction", "user", "memory", "check", "dont", "commit", "tool", "feature"], "weights": [0.5666712843829822, 0.4927854578175679, 0.45137642132752376, 0.4512794799817715, 0.4264589048201483, 0.3831866502094026, 0.35844887795021074, 0.3510130935190051, 0.3243318151575034, 0.3084718947498362, 0.2943345110500461, 0.289950761228246, 0.28061067078119467, 0.272803464721007, 0.2688412946521396, 0.26420034510677814, 0.236673448942266, 0.23600807103436763, 0.23572445208420434, 0.23266697667331504], "topic_strength": 42.11019339807201, "top_10_strength": 4.114023879915951, "label": "Agent & Session"}, {"topic_id": 1, "top_words": ["npm", "component", "typescript", "react", "api", "server", "route", "dev", "frontend", "type", "import", "development", "backend", "lint", "database", "eslint", "docker", "prisma", "error", "schema"], "weights": [1.1259632273671942, 0.3788068216053349, 0.37564987028883473, 0.33428760744599006, 0.31733817445645274, 0.21098914663673923, 0.20611240251925406, 0.2037868134896879, 0.2021336908693869, 0.19175975643428572, 0.1850930243536375, 0.18191391222727787, 0.17554838195287878, 0.17482317062588595, 0.16892564377058883, 0.1661173463969295, 0.15974174093034796, 0.15773521710031535, 0.1487212181341691, 0.14499401358244912], "topic_strength": 21.687991988216734, "top_10_strength": 3.5468275111131606, "label": "Frontend Development"}, {"topic_id": 2, "top_words": ["python", "model", "data", "module", "api", "configuration", "package", "event", "script", "mvn", "json", "tool", "integration", "service", "environment", "llm", "install", "core", "format", "cli"], "weights": [0.5614986277998563, 0.36920185452400905, 0.2917141439752193, 0.29027092491023393, 0.2891690937814875, 0.23651185037919445, 0.22651722845572664, 0.20078796603009505, 0.1779251762095397, 0.17719574739711744, 0.17662444640579986, 0.1753006800380748, 0.16751993691600855, 0.16652377396059923, 0.16308591794089186, 0.16295227670047246, 0.1618085591889822, 0.1591994658386047, 0.15838879132847408, 0.1577312915690546], "topic_strength": 34.802041134227764, "top_10_strength": 2.820792613462479, "label": "Data & APIs"}, {"topic_id": 3, "top_words": ["page", "cs", "content", "section", "site", "layout", "text", "component", "card", "theme", "color", "github", "image", "hugo", "background", "html", "animation", "font", "static", "link"], "weights": [0.6255784538945224, 0.3101670375218578, 0.29591128969937186, 0.260528409836118, 0.2559652453526987, 0.25070775614178864, 0.2043463638888991, 0.2004238188428325, 0.18870897520437546, 0.18508620302444181, 0.1745430029195984, 0.17397549265993442, 0.17375577836582998, 0.1725927066375499, 0.1717104179865455, 0.1700096021170969, 0.16773446409615025, 0.16454761056557551, 0.15475402902751312, 0.1524708674663388], "topic_strength": 26.17041882772501, "top_10_strength": 2.7774235534069063, "label": "Page & Cs"}, {"topic_id": 4, "top_words": ["pnpm", "rust", "tauri", "react", "frontend", "component", "typescript", "package", "workspace", "prisma", "import", "filter", "nextjs", "tailwind", "dev", "backend", "database", "vitest", "migration", "supabase"], "weights": [1.1764190212000776, 0.28689774252332373, 0.25242206783506654, 0.22566044184463757, 0.19921615817638502, 0.199023397394785, 0.18411048656592074, 0.17878482858513656, 0.1524861061664559, 0.14363096603477732, 0.13693640381927186, 0.13376735759537767, 0.1288956252838955, 0.12514994147138983, 0.12216030155045593, 0.12063440420929779, 0.11187057200601885, 0.10939452982448877, 0.10758662707112411, 0.1070661419719056], "topic_strength": 13.476538541487246, "top_10_strength": 2.998651216326566, "label": "Frontend Development"}]}