{"timestamp": "2026-06-03T03:43:54.352069", "success": true, "message": "Analysis complete with 500 files", "files_collected": 500, "topics_discovered": 5, "topics_data": [{"topic_id": 0, "top_words": ["npm", "component", "api", "react", "typescript", "pnpm", "page", "frontend", "server", "dev", "cs", "backend", "app", "route", "service", "type", "production", "tailwind", "auth", "const"], "weights": [0.9112448427507618, 0.5887403896677753, 0.49463750340773055, 0.43930048833580215, 0.4309436857831273, 0.3728049053962602, 0.3483364233906189, 0.3458335689616208, 0.34501924724705185, 0.33796525194174315, 0.33542685330730737, 0.30211777230541614, 0.2982317585356694, 0.2725142636672413, 0.2650663017816229, 0.2645454551027991, 0.2554327829800174, 0.2513028071309455, 0.251170389625072, 0.2506785282705754], "topic_strength": 44.12379673479384, "top_10_strength": 4.614826306882492, "label": "Frontend Development"}, {"topic_id": 1, "top_words": ["session", "task", "change", "git", "user", "read", "work", "commit", "check", "step", "new", "feature", "fix", "plan", "dont", "rule", "context", "documentation", "update", "error"], "weights": [0.44870356836230635, 0.42138728387823826, 0.35590612194171883, 0.2998226359853028, 0.29006103849208315, 0.28682889498253344, 0.2752587549263673, 0.24978397744877717, 0.2483899202397776, 0.23362840227585316, 0.22534305411240152, 0.22068574272779498, 0.20738978299209868, 0.2059087840240965, 0.19832987181156386, 0.19669282088831522, 0.19151779687922935, 0.19008056326578782, 0.18977421419695809, 0.18678344958444423], "topic_strength": 44.58311131923325, "top_10_strength": 3.109770598532958, "label": "User Interface"}, {"topic_id": 2, "top_words": ["skill", "agent", "agentsmd", "para", "hook", "codex", "repo", "rule", "skillmd", "mcp", "read", "subagent", "description", "com", "frontmatter", "cli", "github", "conversation", "por", "body"], "weights": [1.246510982835927, 0.8923474871434971, 0.35763433357546076, 0.2891194059111269, 0.26798882229859283, 0.2416109602340722, 0.23196182314966177, 0.21121444114636975, 0.20711247710963324, 0.18846705776148492, 0.17178552160259455, 0.147588936917127, 0.14048175392610013, 0.14042396835439563, 0.1401411483874596, 0.1369576104628083, 0.13415992909604652, 0.13131842715563427, 0.12911350830485582, 0.12530587425935671], "topic_strength": 19.51679637159238, "top_10_strength": 4.133967791165826, "label": "Skill & Agent"}, {"topic_id": 3, "top_words": ["mvn", "spring", "event", "agent", "package", "java", "integration", "streaming", "module", "configuration", "coverage", "core", "plugin", "clean", "interface", "testing", "unit", "tool", "message", "implementation"], "weights": [0.6395527493048491, 0.4184815259537531, 0.3971604409938194, 0.3882298855013443, 0.38374834905662236, 0.3694930980391853, 0.31794262965658765, 0.26735812115547325, 0.23694552327225477, 0.22491403732284282, 0.21152536200195687, 0.1944351318169918, 0.19377960472922956, 0.18273259103429032, 0.18177567029030972, 0.17419774040772862, 0.16456389567663327, 0.16116471897441775, 0.15777375303487656, 0.15561565069586336], "topic_strength": 17.977736877698185, "top_10_strength": 3.6438263602567327, "label": "Mvn & Spring"}, {"topic_id": 4, "top_words": ["python", "pytest", "install", "pip", "api", "mainpy", "import", "llm", "fastapi", "ruff", "model", "task", "example", "cli", "tool", "web", "environment", "dependency", "stream", "graph"], "weights": [1.3304154389852991, 0.2716585455774755, 0.26255246760010054, 0.20041956775482203, 0.199779696996729, 0.19640460931901133, 0.18330007294497883, 0.18264081659706433, 0.17160143625371085, 0.1663123283828084, 0.16563657296625928, 0.1570630790451097, 0.11787683078481988, 0.11651464337794812, 0.11514947415025474, 0.10378058578195373, 0.10056767485736068, 0.09964306699387461, 0.09521645808770551, 0.09312551299064596], "topic_strength": 17.86284054436701, "top_10_strength": 3.1650849804120007, "label": "Data & APIs"}], "file_type": "claude_md"}