{"timestamp": "2026-02-25T04:01:20.573571", "success": true, "message": "Analysis complete with 500 files", "files_collected": 500, "topics_discovered": 5, "topics_data": [{"topic_id": 0, "top_words": ["task", "agent", "phase", "tool", "session", "read", "step", "skill", "git", "work", "context", "user", "mcp", "analysis", "research", "status", "plan", "complete", "change", "pattern"], "weights": [0.6903762343093011, 0.5326721646350873, 0.5085734559897103, 0.4627973261289706, 0.369771901751293, 0.356588093344745, 0.334839000476288, 0.3317378111396187, 0.3203087054859971, 0.3192971464407928, 0.3140667893616306, 0.2968050949330999, 0.2782341747593172, 0.26489112470294085, 0.2623428525441462, 0.23714309899180552, 0.23433711945880162, 0.22639844997441028, 0.22587533700597387, 0.22473401115302968], "topic_strength": 45.7280856348586, "top_10_strength": 4.226961839701803, "label": "Task & Agent"}, {"topic_id": 1, "top_words": ["npm", "component", "typescript", "page", "server", "react", "cs", "image", "tailwind", "production", "nextjs", "app", "start", "dev", "color", "service", "management", "form", "content", "frontend"], "weights": [0.9577339908641559, 0.6528712233991995, 0.3599492153573207, 0.335906629540632, 0.29531103851956486, 0.2764652256937094, 0.27531662094223464, 0.273813108785698, 0.21747210101917683, 0.20956661945248165, 0.20805816638152141, 0.18205254661056053, 0.1814848626148149, 0.17761226447546738, 0.1691785380580233, 0.1684933244504344, 0.16513361547269287, 0.15917322806997733, 0.15822419925903708, 0.15456131162429168], "topic_strength": 28.619249918126407, "top_10_strength": 3.854405773574173, "label": "Frontend Development"}, {"topic_id": 2, "top_words": ["python", "environment", "docker", "script", "pytest", "configuration", "running", "install", "model", "def", "version", "pip", "package", "import", "dependency", "env", "venv", "ruff", "requirementstxt", "main"], "weights": [1.2991071007964552, 0.24428590636927072, 0.21916608755857284, 0.21641985683750017, 0.21347540730330308, 0.18015540354889098, 0.1717613425640587, 0.1657055519102558, 0.1431761910393232, 0.12952104009660542, 0.12915534867539843, 0.12569229600349366, 0.11782798351777155, 0.10259029316410974, 0.10115069090139613, 0.09838487364020958, 0.09667442527531589, 0.09213661502199923, 0.0904566083149365, 0.08745678249632416], "topic_strength": 17.257683316061133, "top_10_strength": 2.9827738880242354, "label": "Python & Environment"}, {"topic_id": 3, "top_words": ["pnpm", "bun", "prisma", "database", "typescript", "frontend", "backend", "schema", "app", "dev", "package", "lint", "service", "vitest", "react", "component", "install", "nextjs", "web", "docker"], "weights": [1.2067962516740163, 0.5149115595175955, 0.285443329319567, 0.2414207115013802, 0.22141493986323516, 0.21914655182361367, 0.20259118734397072, 0.19838885528697703, 0.1943092185407282, 0.19095581584609522, 0.18067830115601485, 0.14683559222726678, 0.1403651355606497, 0.13388274488337826, 0.1317548179245982, 0.126199735468586, 0.12600130883334004, 0.12580861147458527, 0.12210355212248362, 0.12004712777774397], "topic_strength": 17.680355352941405, "top_10_strength": 3.4753784207171785, "label": "Frontend Development"}, {"topic_id": 4, "top_words": ["function", "class", "error", "check", "import", "change", "logic", "module", "const", "strategy", "return", "pattern", "rule", "guideline", "state", "behavior", "follow", "helper", "prefer", "comment"], "weights": [0.33409089420423194, 0.32326933461166574, 0.3119566682940298, 0.3110722438387523, 0.2960685006993367, 0.2808191222629426, 0.2645968039762317, 0.2519456152908373, 0.24320430003109203, 0.23955429538364983, 0.23061406097086154, 0.21566924148701624, 0.21551917441296137, 0.21425401458832433, 0.21264096645412783, 0.2002882038335036, 0.1918260443022378, 0.1875241832335581, 0.18645182042979597, 0.18387330630829413], "topic_strength": 37.05686658512717, "top_10_strength": 2.8565777785927704, "label": "Code Guidelines"}]}