{"timestamp": "2026-06-08T03:38:49.016417", "success": true, "message": "Analysis complete with 500 files", "files_collected": 500, "topics_discovered": 5, "topics_data": [{"topic_id": 0, "top_words": ["git", "change", "repo", "commit", "make", "rule", "version", "new", "source", "release", "user", "task", "branch", "path", "add", "main", "config", "phase", "check", "work"], "weights": [0.4222743490636354, 0.37369836851137106, 0.3328849619559694, 0.32039996138252275, 0.2859692615257614, 0.282963578344596, 0.2720984370704634, 0.26449486357027036, 0.2539980323455317, 0.24994581303384275, 0.24405514954558707, 0.24108964197473498, 0.23883466916409987, 0.23202985653471236, 0.23101519357691097, 0.23071059951018802, 0.22896140504552512, 0.22855598729228924, 0.22229451343369125, 0.2206835339179288], "topic_strength": 53.36872046341602, "top_10_strength": 3.0587276268039645, "label": "Project Structure"}, {"topic_id": 1, "top_words": ["agentsmd", "instruction", "read", "require", "primary", "guidance", "spec", "tdd", "repo", "root", "local", "context", "status", "detailed", "claudeaicode", "note", "repository", "reference", "documentation", "planner"], "weights": [1.90257502405644, 0.1388021694132589, 0.09802368752603739, 0.07957492905367575, 0.05691579706464783, 0.04780718957585297, 0.04131525705393941, 0.03632356597111287, 0.03605043515978429, 0.03414748168712582, 0.025852915015659367, 0.02451841937280628, 0.024273319480200152, 0.0239457671203792, 0.016485926801825316, 0.01640548999169008, 0.01531970298633457, 0.014790034010944177, 0.014769540303855036, 0.014390093591226907], "topic_strength": 3.018283142677849, "top_10_strength": 2.471535536561875, "label": "Agentsmd & Instruction"}, {"topic_id": 2, "top_words": ["component", "npm", "api", "react", "typescript", "page", "server", "pnpm", "cs", "app", "frontend", "const", "tailwind", "dev", "import", "data", "route", "bun", "hook", "backend"], "weights": [0.5674923854016403, 0.5064175816795355, 0.38337662150667623, 0.317069013526646, 0.306585526561447, 0.30544890120097207, 0.2892480519784553, 0.2863266498217704, 0.2723687306733604, 0.24729520635685245, 0.24245699383917163, 0.23110557862485467, 0.22212465588113003, 0.21774638336989757, 0.20951447875554297, 0.2055752951123892, 0.20154989357661832, 0.19869783040831532, 0.1878811464325403, 0.18209250681699402], "topic_strength": 33.73689705440446, "top_10_strength": 3.4816286687073563, "label": "Frontend Development"}, {"topic_id": 3, "top_words": ["python", "skill", "ratio", "tool", "json", "automation", "format", "analysis", "budget", "usage", "purpose", "api", "pytest", "data", "flow", "calculation", "script", "actual", "install", "markdown"], "weights": [0.9364439633379633, 0.6284806554250562, 0.4413691543622164, 0.34761756043432834, 0.27565100216615906, 0.19004106891040676, 0.18846206564065493, 0.18525514776685506, 0.17949863712395409, 0.17305104146458206, 0.1504441374747502, 0.14535684941566374, 0.13810708405388347, 0.12627407694032625, 0.12160811972288064, 0.12053067442402349, 0.11536634940470972, 0.11363746899906939, 0.11282734954653906, 0.11200777214018229], "topic_strength": 14.298499567455679, "top_10_strength": 3.545870296632176, "label": "Python & Skill"}, {"topic_id": 4, "top_words": ["agent", "tool", "moai", "task", "user", "context", "team", "mcp", "teammate", "execution", "session", "subagent", "plan", "phase", "skill", "rule", "model", "prompt", "workflow", "hard"], "weights": [0.9615122152098328, 0.4382945034391122, 0.4097138282678384, 0.292590486757205, 0.2364276655660753, 0.23229549903286148, 0.21651475225410424, 0.19412577127228445, 0.17948277415949065, 0.17900674926599042, 0.17812943224844788, 0.1762511345208561, 0.17449614465670868, 0.15257211727472056, 0.14403704047575103, 0.14386408596620984, 0.14142286005441126, 0.1388449977479091, 0.13849052081615176, 0.12948196397070735], "topic_strength": 22.1187247207151, "top_10_strength": 3.339964245224795, "label": "User Interface"}], "file_type": "claude_md"}