{"timestamp": "2026-05-30T04:08:23.581944", "success": true, "message": "Analysis complete with 500 files", "files_collected": 500, "topics_discovered": 5, "topics_data": [{"topic_id": 0, "top_words": ["test", "git", "run", "change", "commit", "bash", "branch", "task", "step", "mvn", "bat", "build", "review", "project", "main", "release", "create", "testing", "script", "push"], "weights": [1.0692332075956439, 0.6913538458175655, 0.5352199028786634, 0.42981927353863936, 0.36143308073754804, 0.35709888203636075, 0.3522133612697171, 0.3439350303991025, 0.33731222709266395, 0.3153172861261726, 0.31095569676757256, 0.28186704674830376, 0.2719816998979233, 0.25494080111602946, 0.22975757501830252, 0.21894340548745445, 0.20508393714040576, 0.20407006118715257, 0.19500604755151382, 0.18806534516367202], "topic_strength": 27.691362136075043, "top_10_strength": 4.792936097492078, "label": "Testing & Quality"}, {"topic_id": 1, "top_words": ["component", "const", "export", "import", "typescript", "await", "function", "data", "return", "async", "convex", "string", "pattern", "prop", "div", "interface", "error", "item", "feature", "convention"], "weights": [0.830288236807641, 0.6556215631120009, 0.43042144399915555, 0.3770492571103009, 0.3631686612591199, 0.3192030115215322, 0.3172457657822289, 0.31293928566099183, 0.2912154465570793, 0.21397964691862048, 0.21128387277207222, 0.2080958614254833, 0.19770391197268194, 0.19154221083379092, 0.1909969142334738, 0.1681279579255928, 0.16211875221549998, 0.1419480028114361, 0.14017838677850736, 0.13661521274318164], "topic_strength": 16.783039282859168, "top_10_strength": 4.111132318728671, "label": "Frontend Development"}, {"topic_id": 2, "top_words": ["python", "memory", "type", "bash", "syntax", "import", "performance", "instead", "str", "lint", "format", "application", "future", "formatting", "condition", "json", "node", "text", "optimization", "cost"], "weights": [1.3721276727943297, 0.4010552733873624, 0.263155641253166, 0.24723975518939603, 0.24620169165270794, 0.23658918486649771, 0.23107293850272878, 0.1983907984850801, 0.17656164971711957, 0.17419813023555952, 0.16111603617145598, 0.14323875946101716, 0.13859924524500797, 0.1266861676461429, 0.12370146500669618, 0.1227492279003091, 0.12045900699907214, 0.11785550857478454, 0.11569402003736641, 0.11567873541631553], "topic_strength": 13.479154171746549, "top_10_strength": 3.546592736083948, "label": "Python & Memory"}, {"topic_id": 3, "top_words": ["content", "document", "topic", "step", "plan", "section", "note", "decision", "pattern", "review", "source", "page", "add", "create", "design", "audit", "slide", "template", "fix", "read"], "weights": [0.40050786009946243, 0.2960424720661629, 0.29414671887900495, 0.29100160711295586, 0.2500258935165797, 0.2435922501035206, 0.23886701259909945, 0.2240264422151699, 0.21007284765616477, 0.2088382273509138, 0.20521531351270847, 0.20344094474866925, 0.1663756566070302, 0.16599362130753076, 0.1620816896553829, 0.15561069137534583, 0.15089492692240847, 0.15035137736024776, 0.14892011554646262, 0.14726153295492064], "topic_strength": 34.112054640480636, "top_10_strength": 2.6571213315990345, "label": "Content & Document"}, {"topic_id": 4, "top_words": ["bash", "api", "search", "query", "url", "error", "command", "json", "status", "agent", "curl", "post", "token", "mcp", "device", "run", "request", "response", "env", "list"], "weights": [0.34489171313289746, 0.32568053196866226, 0.3174367418660195, 0.279705805469657, 0.2742657859487342, 0.27344782503209925, 0.24862855676640935, 0.24766373724698734, 0.23167976743018157, 0.22982931744733337, 0.21943225560280727, 0.20835325249795525, 0.18443354388820857, 0.17989863558424402, 0.17654432065113604, 0.1743214871871355, 0.166907273029097, 0.1665046931638461, 0.16502998483830317, 0.16176645963534023], "topic_strength": 31.654344206388334, "top_10_strength": 2.773229782308981, "label": "Data & APIs"}], "file_type": "skill_md"}