{"timestamp": "2026-06-02T03:36:49.958584", "success": true, "message": "Analysis complete with 500 files", "files_collected": 500, "topics_discovered": 5, "topics_data": [{"topic_id": 0, "top_words": ["tool", "model", "import", "api", "user", "python", "return", "type", "string", "data", "service", "task", "llm", "error", "mcp", "session", "class", "await", "client", "server"], "weights": [0.6134964346421989, 0.41226973337164774, 0.3771661103723408, 0.34295485843637274, 0.3299373991130975, 0.31608213551831743, 0.31107706949657743, 0.3027088345040409, 0.2851484564021296, 0.2771706086352526, 0.27259695358943953, 0.2672466742223786, 0.25571913878275704, 0.25075328653652995, 0.2476667815188762, 0.24621826450045342, 0.2386036741149085, 0.23329085478620798, 0.22995048253168332, 0.2130605032394455], "topic_strength": 50.29962703183473, "top_10_strength": 3.5680116404919766, "label": "Data & APIs"}, {"topic_id": 1, "top_words": ["pnpm", "package", "component", "dev", "typecheck", "lint", "vitest", "check", "typescript", "filter", "api", "change", "cloudflare", "react", "vite", "server", "worker", "web", "docker", "type"], "weights": [1.6124080749019003, 0.17655765500355583, 0.17226951826001088, 0.17034071656578653, 0.16395957067593422, 0.14427360641144582, 0.14141496624295166, 0.1346113564477679, 0.1243810808201103, 0.10203644057386071, 0.09509022452424756, 0.09141553783641806, 0.0875223427375731, 0.08669400240722054, 0.08449727467689414, 0.08216947041962411, 0.07874504178867832, 0.0771977218165035, 0.07560208173756588, 0.070145422156405], "topic_strength": 12.233899727622875, "top_10_strength": 2.9422529859033237, "label": "Frontend Development"}, {"topic_id": 2, "top_words": ["git", "skill", "work", "issue", "bash", "change", "push", "task", "codex", "create", "update", "description", "ready", "rule", "claim", "claude", "changed", "prompt", "directory", "tracking"], "weights": [0.5957995500927705, 0.4782551057182749, 0.4653523326009262, 0.34382296157394193, 0.28570802283139557, 0.28565601999296486, 0.2685731633774153, 0.26855358285802633, 0.26529141098371567, 0.2597886543661999, 0.24418537664797574, 0.22646022709169814, 0.21405659664580462, 0.2091153555565162, 0.20656192614565724, 0.2006600052764243, 0.19837963824106616, 0.19832456499065054, 0.19526395400712668, 0.1935001963632101], "topic_strength": 26.172448453676715, "top_10_strength": 3.516800804395632, "label": "Git & Skill"}, {"topic_id": 3, "top_words": ["make", "change", "guideline", "command", "module", "commit", "cargo", "pytest", "prefer", "check", "style", "behavior", "function", "testing", "script", "add", "new", "package", "helper", "development"], "weights": [0.4668068566309983, 0.3244634110915591, 0.3037871123922957, 0.28228239629878105, 0.25766546829842113, 0.2272947675589844, 0.21609813443291104, 0.21166906293315746, 0.2053957062793917, 0.20353262452802245, 0.2021067821660423, 0.19805876060692143, 0.1967944851574968, 0.19478617617656493, 0.19462196633699275, 0.19094602591508034, 0.18644131849917808, 0.1850681577921496, 0.18237503812463118, 0.18010719495210673], "topic_strength": 32.219761372479525, "top_10_strength": 2.698995540444522, "label": "Make & Change"}, {"topic_id": 4, "top_words": ["npm", "backend", "component", "react", "frontend", "cs", "typescript", "api", "app", "page", "tailwind", "dev", "vite", "nextjs", "install", "server", "route", "lint", "playwright", "para"], "weights": [1.0295304034785822, 0.40515544493876937, 0.3812468494450986, 0.34846085183487974, 0.33105805334484345, 0.29217896308350644, 0.25901408699413064, 0.25174470165231294, 0.24208417914695585, 0.22690243017109205, 0.22560999375613913, 0.22006380947699056, 0.16049897251418432, 0.1599889754655741, 0.15704187084318963, 0.15163478522854554, 0.15137432945170595, 0.14636600575879938, 0.14439486753554745, 0.1431144271850447], "topic_strength": 22.682954626084076, "top_10_strength": 3.767375964090171, "label": "Frontend Development"}], "file_type": "agents_md"}