{"timestamp": "2026-03-18T00:56:49.910444", "success": true, "message": "Analysis complete with 500 files", "files_collected": 500, "topics_discovered": 5, "topics_data": [{"topic_id": 0, "top_words": ["component", "pnpm", "page", "data", "cs", "content", "tailwind", "theme", "typescript", "react", "event", "game", "layout", "state", "type", "import", "nextjs", "app", "color", "image"], "weights": [0.7620530211551886, 0.7423178906474864, 0.446679652667545, 0.3825670599263209, 0.3534640194442387, 0.3307195757256535, 0.280836733766322, 0.2788381288609551, 0.269497517482555, 0.254206041186562, 0.24866699886433039, 0.23800639590066264, 0.23240795211425427, 0.22607298831248243, 0.22347676069635572, 0.22322196729014823, 0.22214933425096053, 0.22142555306268538, 0.21955478755060362, 0.21715190645148508], "topic_strength": 38.92033747723189, "top_10_strength": 4.101179640862827, "label": "Frontend Development"}, {"topic_id": 1, "top_words": ["npm", "frontend", "api", "backend", "typescript", "dev", "react", "lint", "server", "docker", "app", "start", "production", "user", "component", "token", "prisma", "eslint", "development", "service"], "weights": [1.3026984484769428, 0.4147115369695445, 0.38091122272137046, 0.3674320576172753, 0.2907697036784722, 0.26778710445996035, 0.24932553730626927, 0.1904920225184537, 0.1874600976086182, 0.18280731798327163, 0.15953585262356515, 0.14920218755771886, 0.14670242614914455, 0.1416073968356335, 0.1387836889422956, 0.13712852380274138, 0.1350257362266213, 0.13446184327949526, 0.13312060264187375, 0.12744562981202068], "topic_strength": 18.00627102196129, "top_10_strength": 3.834395049340178, "label": "Frontend Development"}, {"topic_id": 2, "top_words": ["python", "model", "api", "llm", "data", "service", "module", "install", "configuration", "server", "prompt", "dependency", "pytest", "env", "application", "return", "docker", "result", "environment", "backend"], "weights": [0.6957734963713216, 0.4605482905439445, 0.3173618499314783, 0.254418096792042, 0.23611737588474083, 0.2232228534908094, 0.18366757325722766, 0.17020284500727323, 0.17008519312718812, 0.16913200021488534, 0.15384363315131908, 0.15293386839766743, 0.15183853886083767, 0.15017274132190223, 0.1475632196412992, 0.14733234617495405, 0.1467095011487435, 0.14094154005209372, 0.14045857649748641, 0.13673852605583625], "topic_strength": 33.38398927896297, "top_10_strength": 2.880529574620911, "label": "Data & APIs"}, {"topic_id": 3, "top_words": ["task", "skill", "change", "git", "plan", "agent", "commit", "read", "feature", "work", "workflow", "user", "check", "tool", "rule", "update", "documentation", "session", "review", "new"], "weights": [0.43337647704710863, 0.35212598421577657, 0.3433251500602411, 0.29738896906673684, 0.29599480132124506, 0.2834398901810908, 0.2632638791877907, 0.2592203729689199, 0.23841216625481867, 0.2348854176319183, 0.2348202331638556, 0.21390020256856543, 0.21332856864537225, 0.21245367452661215, 0.211427122849398, 0.20586693810109705, 0.20515221453439322, 0.20112465162165083, 0.19748773896074595, 0.19534635057184305], "topic_strength": 36.48254561566975, "top_10_strength": 3.001433107935646, "label": "Task & Skill"}, {"topic_id": 4, "top_words": ["bun", "import", "typescript", "type", "const", "instead", "mcp", "tool", "package", "handler", "lint", "function", "symbol", "validation", "return", "zod", "server", "module", "format", "error"], "weights": [1.1243247469795083, 0.25976854461654086, 0.2531108978280692, 0.238548837813408, 0.18382120794264423, 0.16513281710750652, 0.16488562557121528, 0.1428601134063806, 0.14242164794374318, 0.13734328522211678, 0.129498742669719, 0.12331116399175694, 0.11634422851290119, 0.11458217721109777, 0.11366391107831474, 0.11223181569844623, 0.10825258200174144, 0.1012211016203831, 0.09915273620960992, 0.09858765098354441], "topic_strength": 12.633506034225174, "top_10_strength": 2.8122177244311324, "label": "Frontend Development"}]}