{"timestamp": "2026-07-13T03:44:42.416800", "success": true, "message": "Analysis complete with 300 files", "files_collected": 300, "topics_discovered": 5, "topics_data": [{"topic_id": 0, "top_words": ["python", "make", "model", "cargo", "data", "config", "cli", "image", "analysis", "path", "install", "script", "module", "dependency", "class", "default", "output", "pytest", "pipeline", "version"], "weights": [0.5463901906447994, 0.541067993207588, 0.3517639259297544, 0.34403356262660306, 0.29805719701333194, 0.27312272453823333, 0.27304911904029416, 0.24033703499336517, 0.21553418669592114, 0.21193687830345065, 0.20998044151807144, 0.20308845296589687, 0.19855438905567574, 0.18963028745748506, 0.18122138068012852, 0.1808996159466722, 0.1805279100256058, 0.17687458040740597, 0.17404342443666226, 0.1711401474852429], "topic_strength": 42.18357922867688, "top_10_strength": 3.2952928129933414, "label": "Data & APIs"}, {"topic_id": 1, "top_words": ["agentsmd", "instruction", "read", "follow", "guideline", "convention", "codebase", "save", "life", "agent", "repo", "rule", "venv", "ruff", "guidance", "docker", "playwright", "context", "bundle", "shared"], "weights": [1.7765564273154446, 0.1142733969702399, 0.11407982970089768, 0.09152423646996419, 0.07204013456365581, 0.07197793917293875, 0.061012124057864325, 0.055389868204520104, 0.052886725856050525, 0.0514022527426771, 0.04776921645227929, 0.03967752652859143, 0.03961232015650184, 0.03700981587130056, 0.03496713959255296, 0.03382317707765829, 0.028348683276429292, 0.027797216699665995, 0.0274944405107208, 0.02735024669355189], "topic_strength": 3.5663706893696214, "top_10_strength": 2.461142935054253, "label": "Agentsmd & Instruction"}, {"topic_id": 2, "top_words": ["npm", "component", "bun", "api", "page", "frontend", "react", "backend", "cs", "typescript", "database", "server", "supabase", "route", "nextjs", "app", "docker", "client", "tailwind", "auth"], "weights": [0.4878274098875402, 0.4694135493646559, 0.45022133915927726, 0.3019588839531768, 0.2936399167923815, 0.2927496276524243, 0.28422189581441853, 0.26387682241410954, 0.2582811890110161, 0.2565293094875825, 0.2500458906558775, 0.2392929947075509, 0.23579448270599157, 0.21473218785145562, 0.21436794260536637, 0.21259133405973837, 0.21146349984243953, 0.20256964728426713, 0.19326434473865706, 0.18891248542951805], "topic_strength": 30.43656573262693, "top_10_strength": 3.358719943536583, "label": "Frontend Development"}, {"topic_id": 3, "top_words": ["pnpm", "package", "vitest", "change", "typescript", "vite", "type", "react", "doc", "dev", "manager", "rust", "step", "params", "script", "git", "import", "engine", "install", "prompt"], "weights": [1.4179097441267479, 0.2653574560688401, 0.14465299971516146, 0.12581250245191972, 0.11650883393883771, 0.11351606423800785, 0.10502720280031629, 0.10128702408551553, 0.10038317101817443, 0.09933848578751636, 0.09911492813895295, 0.0927337345640968, 0.09016832736003151, 0.07939247324730565, 0.0787870978822486, 0.07378524024104359, 0.0727850810124751, 0.07272233490616468, 0.06920643575710053, 0.06919973631497231], "topic_strength": 11.233117505652753, "top_10_strength": 2.5897934842310377, "label": "Frontend Development"}, {"topic_id": 4, "top_words": ["agent", "task", "skill", "tool", "git", "mcp", "change", "read", "work", "issue", "user", "context", "workflow", "rule", "repo", "push", "doc", "commit", "update", "dont"], "weights": [0.4474820625555919, 0.3417368127741706, 0.3347843967506529, 0.3093699958389388, 0.23897337717199166, 0.23339093916065456, 0.22839811319476291, 0.21037180408247963, 0.20640332583411436, 0.20080344046510748, 0.19680983647712394, 0.18921571268491996, 0.18742631913285615, 0.18517934734319258, 0.18230615969072195, 0.17359108725172429, 0.1709892888891462, 0.16487502272740626, 0.15629649341530555, 0.15020197150214276], "topic_strength": 29.212128537738216, "top_10_strength": 2.751714267828465, "label": "Agent & Task"}], "file_type": "claude_md"}