{"timestamp": "2026-03-03T00:12:38.562763", "success": true, "message": "Analysis complete with 500 files", "files_collected": 500, "topics_discovered": 5, "topics_data": [{"topic_id": 0, "top_words": ["python", "model", "api", "configuration", "install", "package", "environment", "integration", "dependency", "pytest", "module", "service", "tool", "agent", "pip", "management", "cli", "function", "import", "format"], "weights": [1.0425751708645905, 0.3927907541961674, 0.37834122854387603, 0.3097085338236963, 0.30267273167240133, 0.2957249327988706, 0.2851064546337738, 0.2798547216531888, 0.27198595249210955, 0.2660086563092635, 0.25805350794710047, 0.24866254967137, 0.23657488777909663, 0.21774330321420868, 0.21279082579562653, 0.20949931260616822, 0.20631005452702766, 0.20362698244309674, 0.20209502917309638, 0.19885193272921894], "topic_strength": 41.844047418065756, "top_10_strength": 3.824769136987938, "label": "Data & APIs"}, {"topic_id": 1, "top_words": ["npm", "component", "typescript", "react", "cs", "page", "api", "supabase", "nextjs", "tailwind", "const", "production", "hook", "server", "route", "dev", "eslint", "vite", "app", "database"], "weights": [0.8675939083430606, 0.5688800382212261, 0.44768898072145846, 0.4140427842841211, 0.3503427815392701, 0.34970206164951867, 0.28705550176231903, 0.24778401893545354, 0.2307871902082043, 0.2258483614684422, 0.2171747181312788, 0.20251862601541407, 0.19415272276424644, 0.18734616917678004, 0.181261588019786, 0.17914905471913797, 0.173034702642922, 0.1710431870231917, 0.1677372545845413, 0.16672089124733938], "topic_strength": 29.631996508381405, "top_10_strength": 3.989725627133074, "label": "Frontend Development"}, {"topic_id": 2, "top_words": ["task", "change", "agent", "user", "phase", "git", "read", "work", "new", "content", "session", "step", "context", "instruction", "update", "documentation", "skill", "current", "issue", "create"], "weights": [0.4293252717257512, 0.3029642542652164, 0.2827590613040453, 0.2661693843117671, 0.2584945562199051, 0.2557173810294312, 0.23616801755340303, 0.2291231738867099, 0.20107760640701225, 0.2003628818116268, 0.1966534007211074, 0.19322419573976635, 0.18968030475809033, 0.1841986522601243, 0.18209878189804665, 0.18131135635582216, 0.18100868517605684, 0.17600867038495216, 0.1745749421535241, 0.17314446554842605], "topic_strength": 38.400820835103026, "top_10_strength": 2.6621615885148686, "label": "User Interface"}, {"topic_id": 3, "top_words": ["pnpm", "package", "app", "component", "import", "git", "typescript", "lint", "dev", "apps", "bun", "yarn", "nextjs", "install", "router", "server", "fix", "zod", "export", "vitest"], "weights": [1.4427094335093045, 0.21893783554530946, 0.1885781262836796, 0.17105674925072895, 0.16434874052582157, 0.1567321893203019, 0.1515558981302624, 0.14521216910465642, 0.14463951346124498, 0.14193582546005643, 0.137939190985843, 0.12201806033371401, 0.11973609109599502, 0.10527618269990156, 0.10237336685109844, 0.10129081857762459, 0.1001355249156473, 0.09573606187418252, 0.09482759267860941, 0.0886302131140192], "topic_strength": 13.211411192105391, "top_10_strength": 2.925706480591366, "label": "Frontend Development"}, {"topic_id": 4, "top_words": ["mcp", "rule", "server", "make", "tool", "immediately", "remove", "search", "session", "add", "api", "install", "user", "error", "correct", "enable", "relevant", "laravel", "update", "failed"], "weights": [1.013134678220519, 0.6179900442942268, 0.5568854659270172, 0.3079770392595414, 0.29547008751585535, 0.2759533003034123, 0.14299985075402963, 0.14118367611410365, 0.14099822982219817, 0.13889765039449287, 0.1341344612060279, 0.11547737984440766, 0.10123030788793681, 0.09906077622238887, 0.09326365339928677, 0.09197622877815764, 0.09026334188854349, 0.08894235219403378, 0.0881349024856246, 0.08716767180171425], "topic_strength": 12.969633231901811, "top_10_strength": 3.6314900226053966, "label": "Mcp & Rule"}]}