{"timestamp": "2026-04-13T00:26:45.757202", "success": true, "message": "Analysis complete with 500 files", "files_collected": 500, "topics_discovered": 5, "topics_data": [{"topic_id": 0, "top_words": ["agent", "task", "session", "git", "read", "commit", "plan", "skill", "rule", "work", "change", "step", "review", "context", "doc", "phase", "fix", "mcp", "check", "user"], "weights": [0.5817544043922904, 0.5691558811329485, 0.49004308035564126, 0.3927097893926039, 0.3908099705437746, 0.37202324976855683, 0.3634158657206213, 0.36275213504905757, 0.33862370179077605, 0.32316383145775196, 0.31823009252923384, 0.30589161746290644, 0.30527455626700334, 0.28198419782356715, 0.2665352206182915, 0.25687289348159936, 0.23748825125633985, 0.23059321235938368, 0.22734098630103866, 0.2182733028096808], "topic_strength": 40.456088641833425, "top_10_strength": 4.1844519096040225, "label": "Agent & Task"}, {"topic_id": 1, "top_words": ["npm", "typescript", "component", "react", "route", "server", "frontend", "backend", "dev", "auth", "mcp", "firebase", "app", "user", "database", "state", "worker", "supabase", "vitest", "admin"], "weights": [1.0160571220106587, 0.34384178019473627, 0.3427474234891885, 0.2964003668041874, 0.25290390018779046, 0.24950679954131016, 0.24389486231433208, 0.2433652098732661, 0.23953592206190805, 0.2269284069084267, 0.21914248656125573, 0.21399990559696988, 0.21308467952575127, 0.20990425572580423, 0.1993728471150146, 0.17889673316120372, 0.16651354561117446, 0.16091481106703692, 0.1587541978366001, 0.15870753509415927], "topic_strength": 27.275397866603278, "top_10_strength": 3.4551817933858047, "label": "Frontend Development"}, {"topic_id": 2, "top_words": ["pnpm", "component", "package", "migration", "typescript", "database", "lint", "vue", "server", "filter", "typecheck", "prisma", "dev", "required", "nextjs", "backend", "react", "team", "issue", "install"], "weights": [1.406240659553299, 0.28435072947842166, 0.26443667688991596, 0.18103854508109, 0.1691751000155844, 0.15003745236571064, 0.1453691575488782, 0.14520647917389612, 0.11974418894660573, 0.11821917829435775, 0.11301077344104239, 0.11197194357180319, 0.10471079913284652, 0.09187491905668983, 0.09070192405406446, 0.08928141361841484, 0.0882038285608641, 0.08765094195977127, 0.08665923166243099, 0.08272638249139469], "topic_strength": 14.268246279700803, "top_10_strength": 2.9838181673477595, "label": "Frontend Development"}, {"topic_id": 3, "top_words": ["page", "content", "site", "cs", "theme", "component", "animation", "blog", "section", "image", "custom", "color", "asset", "static", "font", "post", "hero", "tailwind", "layout", "markdown"], "weights": [0.43750004822700655, 0.3478330865928308, 0.3424212199353328, 0.3352446494197978, 0.2940684184110264, 0.27310033994218963, 0.2648833871678881, 0.2550183011101056, 0.2536456123202738, 0.20256960206879046, 0.18125262434007974, 0.17649383455856774, 0.1761054503671983, 0.17180386903268224, 0.1682097488129961, 0.1646377003991601, 0.16160938183573847, 0.15592100454328153, 0.15443328887690266, 0.15224001058112535], "topic_strength": 21.994145132663462, "top_10_strength": 3.006284665195242, "label": "Page & Content"}, {"topic_id": 4, "top_words": ["python", "cargo", "model", "data", "node", "package", "error", "module", "tool", "method", "pytest", "llm", "configuration", "return", "check", "integration", "format", "make", "json", "pattern"], "weights": [0.482328263312749, 0.3014119793831739, 0.29242654490882136, 0.26569843694290785, 0.2603784725256061, 0.21572021916774956, 0.20982289404604282, 0.20034130881754156, 0.1960540941394377, 0.19263195807352268, 0.189993319187101, 0.18328732970442196, 0.1773330771763482, 0.17352944588559832, 0.16844147534571696, 0.16391720669878543, 0.16180104462241054, 0.16172547591551237, 0.16136318672987415, 0.16044851842512942], "topic_strength": 38.95030411590756, "top_10_strength": 2.616814171317553, "label": "Data & APIs"}]}