{"timestamp": "2026-06-25T03:55:20.144892", "success": true, "message": "Analysis complete with 500 files", "files_collected": 500, "topics_discovered": 5, "topics_data": [{"topic_id": 0, "top_words": ["step", "project", "test", "phase", "issue", "run", "task", "design", "review", "fix", "code", "workflow", "check", "pattern", "plan", "output", "context", "feature", "change", "create"], "weights": [0.5197531530547953, 0.44858184823205294, 0.41243094563293564, 0.37578884501948934, 0.33950976748174044, 0.30056048834717464, 0.29993621304953827, 0.2951787121401361, 0.290851025540634, 0.2756729031287474, 0.2710649195221058, 0.2609513119744741, 0.25829598072717685, 0.24702953019119586, 0.2453644967440265, 0.23329149358114748, 0.22048139436830605, 0.21732985630613058, 0.2116455964289656, 0.2083215431189979], "topic_strength": 54.11401451103504, "top_10_strength": 3.558263901627244, "label": "Project Structure"}, {"topic_id": 1, "top_words": ["und", "oder", "der", "keine", "prfen", "welche", "die", "nur", "ist", "eine", "bei", "ab", "bgb", "wenn", "al", "nicht", "mit", "zpo", "vor", "au"], "weights": [1.5520989218161179, 0.7303133321142262, 0.305519856995498, 0.29147231717149874, 0.2903878136633102, 0.288273462753907, 0.2842449577362167, 0.24002284656129177, 0.23511974890343865, 0.23145176943534665, 0.23134935599340692, 0.20561454315588756, 0.20427690867608025, 0.20372702555637887, 0.19524459131776903, 0.18976800898766422, 0.17221706680210508, 0.15723433509057355, 0.15141358453373036, 0.1458367346722191], "topic_strength": 7.102116330742219, "top_10_strength": 4.448905027150851, "label": "Und & Oder"}, {"topic_id": 2, "top_words": ["const", "await", "string", "return", "data", "api", "function", "type", "javascript", "import", "div", "async", "var", "typescript", "plugin", "post", "export", "email", "error", "query"], "weights": [0.7103497682523202, 0.419176614372101, 0.35116860451144677, 0.32864528110353786, 0.239867558690342, 0.23777995301551513, 0.22805547086807731, 0.2134961195528257, 0.21097289247583445, 0.20564652738995712, 0.2023782959283406, 0.20234682564954698, 0.19959549624945955, 0.19590078395721594, 0.19536016617403143, 0.19241379068659314, 0.1810931515529715, 0.18066211918718772, 0.1768350027723534, 0.17524395331217923], "topic_strength": 29.812727386481402, "top_10_strength": 3.1451587902319575, "label": "Data & APIs"}, {"topic_id": 3, "top_words": ["agent", "bash", "ngrok", "token", "mcp", "tool", "run", "remote", "browser", "session", "openclaw", "instruction", "prompt", "local", "post", "claude", "codex", "curl", "server", "json"], "weights": [1.2563580797397769, 0.2928583864951655, 0.28089333320060106, 0.28086672911626936, 0.24701823514733787, 0.24118340948434525, 0.2295477812405712, 0.21757022065228768, 0.2076617575243363, 0.1922414476803745, 0.1791058691111228, 0.1767276366974978, 0.17267103621155813, 0.17107212612238487, 0.16382308164093135, 0.1580975273405433, 0.15421122669746543, 0.15351880458778072, 0.14995231710193854, 0.14655651510660828], "topic_strength": 19.919047526788674, "top_10_strength": 3.4461993802810653, "label": "Agent & Bash"}, {"topic_id": 4, "top_words": ["python", "import", "bash", "model", "json", "str", "api", "def", "quantization", "cli", "price", "paper", "markdown", "output", "image", "bit", "install", "keyword", "llm", "env"], "weights": [1.3330846937063139, 0.3715606460124418, 0.3147832868710892, 0.19986700894163742, 0.18104554148224, 0.17996467427476132, 0.16840097998277323, 0.15254955490816727, 0.14276179266558045, 0.12565659205815521, 0.11262316984199199, 0.11215586012729653, 0.10382267527294535, 0.1011500361398636, 0.10068216116225859, 0.09500175323265862, 0.09406451925670226, 0.09322204111800514, 0.08292273849254575, 0.08270378467369258], "topic_strength": 14.384619397142238, "top_10_strength": 3.16967477090316, "label": "Python & Import"}], "file_type": "skill_md"}