{"timestamp": "2026-06-30T03:56:15.394222", "success": true, "message": "Analysis complete with 500 files", "files_collected": 500, "topics_discovered": 5, "topics_data": [{"topic_id": 0, "top_words": ["tool", "python", "task", "project", "model", "build", "make", "command", "new", "doc", "update", "rule", "user", "work", "documentation", "behavior", "package", "cli", "repository", "source"], "weights": [0.3666843029826575, 0.33934028785609166, 0.3328166302769534, 0.3303553177375049, 0.3140180065606634, 0.31213968797891833, 0.3107718976899314, 0.28151159010267335, 0.2730395164782968, 0.26762676670062585, 0.2602632176529437, 0.25865930564395195, 0.252653718595025, 0.24672969177130039, 0.24538360988252853, 0.24295308529726087, 0.2428841329047559, 0.23339823825346082, 0.2283721426307655, 0.2271077839141581], "topic_strength": 60.53429424490366, "top_10_strength": 3.128304004364317, "label": "Project Structure"}, {"topic_id": 1, "top_words": ["npm", "pnpm", "build", "component", "typescript", "frontend", "api", "dev", "lint", "server", "backend", "vite", "react", "app", "guideline", "bun", "tailwind", "vitest", "import", "install"], "weights": [1.065105288131744, 0.4134733300905926, 0.3356354021045609, 0.31024949446969247, 0.2933493125131092, 0.28496694114502724, 0.2465037813790017, 0.23846997074911339, 0.21536204388216296, 0.2025757213379907, 0.18631031967256664, 0.18086885163041125, 0.17805845691039202, 0.17240715817566446, 0.17119547965702814, 0.16295025515504616, 0.1513058879784627, 0.14804474844268178, 0.14388169661292988, 0.14269803921930707], "topic_strength": 20.332254323998413, "top_10_strength": 3.605691285802995, "label": "Frontend Development"}, {"topic_id": 2, "top_words": ["const", "return", "function", "import", "await", "tsx", "string", "div", "impact", "incorrect", "typescript", "async", "type", "export", "error", "correct", "user", "class", "handler", "component"], "weights": [0.7964910229134208, 0.5331004136209645, 0.4220021749435535, 0.34247345827036585, 0.3172199920952919, 0.2934926969153037, 0.2919053046215059, 0.263530925067884, 0.22310594592518437, 0.21819038154934853, 0.21685295404204016, 0.21499527851387118, 0.20520059085364048, 0.20344316315056316, 0.17149708230765626, 0.1704982465946858, 0.14665556373569405, 0.14333094349418002, 0.14212244725437312, 0.13828023526332456], "topic_strength": 22.848081149408408, "top_10_strength": 3.7015123159228227, "label": "Code Guidelines"}, {"topic_id": 3, "top_words": ["training", "differ", "nextjs", "know", "breaking", "apis", "writing", "version", "guide", "relevant", "read", "data", "convention", "structure", "yarn", "package", "space", "guideline", "public", "changed"], "weights": [0.6561473298557184, 0.5983992207656366, 0.5821522297365866, 0.5018632670155028, 0.4872717310077984, 0.4826114919853285, 0.4765126012553653, 0.3995425892174139, 0.3960143666263264, 0.3928914922467525, 0.3517948693655933, 0.3260529205821221, 0.3259918776753671, 0.31750858461006803, 0.0978495766774562, 0.05889520109423012, 0.058703913338495214, 0.033769041514148175, 0.03218003002122078, 0.032096673573355855], "topic_strength": 8.925344029263151, "top_10_strength": 4.97340631971243, "label": "Training & Differ"}, {"topic_id": 4, "top_words": ["skill", "para", "del", "pressure", "scenario", "markdown", "que", "mcp", "tool", "npx", "tdd", "por", "red", "memory", "write", "crear", "available", "subagent", "dont", "user"], "weights": [1.509404909807962, 0.3906346801798685, 0.28974503640436394, 0.22131602792367178, 0.16040190285846245, 0.15067446589640116, 0.14958389238642736, 0.13918796950499898, 0.13552190672841535, 0.12870864789146452, 0.1272975798738304, 0.120926235690749, 0.1138146715084102, 0.10717157687194216, 0.10610526519379183, 0.10242176655219615, 0.10213302153339224, 0.10122071038089131, 0.0985471491397755, 0.09447230045548281], "topic_strength": 14.805359574892236, "top_10_strength": 3.2751794395820357, "label": "Skill & Para"}], "file_type": "agents_md"}