{"timestamp": "2026-04-14T00:31:22.373061", "success": true, "message": "Analysis complete with 500 files", "files_collected": 500, "topics_discovered": 5, "topics_data": [{"topic_id": 0, "top_words": ["agent", "task", "change", "skill", "tool", "instruction", "git", "read", "documentation", "user", "session", "plan", "work", "research", "commit", "feature", "issue", "mcp", "context", "rule"], "weights": [0.5251325734327607, 0.5236827169213732, 0.44225179952036475, 0.38399672629982207, 0.3694284822201896, 0.3528437949484154, 0.34625026832024297, 0.30638566972363884, 0.3054176290058952, 0.2998465638722981, 0.29351042026044055, 0.2895328739802283, 0.28732947050273344, 0.26962999751301503, 0.26656382993514605, 0.2522113014257455, 0.24574950470093418, 0.24458107551523967, 0.23804181453755788, 0.23789518033538037], "topic_strength": 40.10298973894244, "top_10_strength": 3.855236224265001, "label": "Agent & Task"}, {"topic_id": 1, "top_words": ["npm", "typescript", "component", "server", "react", "const", "dev", "bun", "frontend", "type", "database", "development", "client", "backend", "app", "route", "lint", "nextjs", "prisma", "service"], "weights": [1.0858406286149431, 0.4981786108694662, 0.46384500206619217, 0.3326966496662451, 0.3184185352988859, 0.30401066005984223, 0.2954162224697956, 0.24131882419502623, 0.2214367911533937, 0.2179998791705065, 0.21135998264171324, 0.20638391780908708, 0.20232750942073396, 0.20126811131190456, 0.200826364720846, 0.19481721532646062, 0.1815599448912359, 0.1794239115146239, 0.17709022242008285, 0.17507012001698646], "topic_strength": 27.9162358969366, "top_10_strength": 3.979161803564297, "label": "Frontend Development"}, {"topic_id": 2, "top_words": ["pnpm", "package", "typescript", "lint", "react", "frontend", "issue", "workspace", "component", "vitest", "nextjs", "tauri", "dev", "type", "monorepo", "slack", "rust", "doc", "documentation", "web"], "weights": [1.605482628803029, 0.23588529522047652, 0.20896484846816538, 0.1962900884222877, 0.16450218775493644, 0.15783774862402472, 0.15014421350732948, 0.14298889991010916, 0.13555388178508027, 0.1318375807163081, 0.12117335212316353, 0.12072775366014142, 0.11574057847334605, 0.11552692471183829, 0.10871611130136284, 0.10727748807884525, 0.10693024643936831, 0.09806130471748771, 0.09237344451008184, 0.0916130586111568], "topic_strength": 11.552477745588547, "top_10_strength": 3.129487373211747, "label": "Frontend Development"}, {"topic_id": 3, "top_words": ["page", "content", "post", "cs", "theme", "text", "component", "card", "section", "color", "blog", "markdown", "site", "font", "button", "animation", "title", "app", "dark", "icon"], "weights": [0.47267491410820694, 0.3154016632236777, 0.2839509778660753, 0.27607535716149434, 0.2652253012126511, 0.26179365291543977, 0.26082559195549715, 0.2550473841974896, 0.24254336497037063, 0.21997869952234442, 0.21625413720365216, 0.21457990611009223, 0.20784644185722212, 0.20685544248177323, 0.19911335104702568, 0.19692519109815856, 0.19515809660932226, 0.19275655424305127, 0.19165696752242029, 0.18534273456393077], "topic_strength": 24.47640974041058, "top_10_strength": 2.8535169071332467, "label": "Page & Content"}, {"topic_id": 4, "top_words": ["python", "model", "data", "configuration", "pytest", "service", "module", "dependency", "format", "install", "cargo", "check", "pattern", "script", "default", "repository", "cli", "state", "config", "integration"], "weights": [0.5675246234951273, 0.3264339217346442, 0.2675748801643786, 0.24223728426291238, 0.2324415037467649, 0.22869201167449474, 0.2269947523197905, 0.21749721894755975, 0.2160257499425624, 0.2139192682702013, 0.20204120267851894, 0.18962575085051558, 0.1879168941131268, 0.18554436454437184, 0.1832300326956754, 0.18028829895755655, 0.1799133535068339, 0.17912360764194338, 0.17652078805500662, 0.17240120727640623], "topic_strength": 43.889778868465285, "top_10_strength": 2.7393412145584364, "label": "Data & APIs"}]}