{"timestamp": "2026-05-11T00:30:58.569006", "success": true, "message": "Analysis complete with 500 files", "files_collected": 500, "topics_discovered": 5, "topics_data": [{"topic_id": 0, "top_words": ["python", "tool", "model", "mcp", "data", "node", "pytest", "api", "configuration", "install", "module", "function", "cli", "check", "package", "return", "service", "type", "server", "dependency"], "weights": [0.8904292270670844, 0.33491786036658083, 0.3126043377865988, 0.3109021487932737, 0.3104479480160773, 0.30172952477242115, 0.2749865097931748, 0.26739450619140104, 0.2659804787982473, 0.25637245173223894, 0.2546603109580644, 0.23794982377847393, 0.2326336713691032, 0.23250552186284854, 0.22371326633532845, 0.22125353314526047, 0.2202958625998521, 0.21349600671540772, 0.20091526708685922, 0.19678106623936403], "topic_strength": 50.284588168784076, "top_10_strength": 3.525764993317098, "label": "Data & APIs"}, {"topic_id": 1, "top_words": ["npm", "api", "typescript", "react", "component", "frontend", "dev", "backend", "nextjs", "prisma", "production", "supabase", "npx", "database", "server", "app", "development", "tailwind", "auth", "eslint"], "weights": [1.2087866744391111, 0.3723904333797676, 0.37193385710205606, 0.3400350573098038, 0.3119326879663578, 0.2931198307438989, 0.29025482602076674, 0.23626232892648066, 0.2128865329177806, 0.19577801815256005, 0.1838731409284637, 0.17590665676457598, 0.16732471082393444, 0.16603027804745404, 0.16420970356676076, 0.16223882813300003, 0.15304569071150134, 0.1523422345618418, 0.1496195373695856, 0.14846110721741734], "topic_strength": 19.50952943996996, "top_10_strength": 3.833380246958584, "label": "Frontend Development"}, {"topic_id": 2, "top_words": ["plan", "task", "agent", "change", "fix", "review", "skill", "dont", "work", "instruction", "read", "rule", "step", "ask", "user", "agentsmd", "subagents", "session", "context", "write"], "weights": [0.5042188591325496, 0.5025667345818692, 0.4249089023287427, 0.37751994994181004, 0.35159887115825866, 0.3109699738998632, 0.29093471942532795, 0.28299293763029026, 0.278780917746084, 0.27343603600887434, 0.2720416871963253, 0.2712927594008893, 0.24352301312130056, 0.23434354330109208, 0.22940592501043425, 0.22567384518892217, 0.22369176210607314, 0.2219817151500934, 0.2211699024455217, 0.22039718095014552], "topic_strength": 29.233699115898656, "top_10_strength": 3.5979279018536694, "label": "Plan & Task"}, {"topic_id": 3, "top_words": ["page", "component", "content", "cs", "color", "text", "const", "site", "card", "icon", "theme", "state", "section", "data", "route", "image", "link", "layout", "animation", "string"], "weights": [0.5564770513329219, 0.3667860896744737, 0.2629094015540597, 0.22031848294175513, 0.21764233764254376, 0.20256201664956536, 0.19384468101490437, 0.18932893114184024, 0.18762520409170705, 0.18161347761247176, 0.17501620995875622, 0.16102730664340115, 0.159121826533186, 0.1569878300580397, 0.15695610996063317, 0.15524581663121514, 0.1545464596596691, 0.15144117964244685, 0.15104115736099324, 0.14948072162321735], "topic_strength": 29.099288327668877, "top_10_strength": 2.5791076736562433, "label": "Page & Component"}, {"topic_id": 4, "top_words": ["pnpm", "package", "fix", "filter", "component", "eslint", "typescript", "database", "nextjs", "dev", "app", "note", "src", "lint", "backend", "server", "frontend", "type", "check", "git"], "weights": [1.2374004243879724, 0.16848950376889116, 0.11828727956571741, 0.11396176537776417, 0.10967361140638111, 0.10450741639580642, 0.10346079468680335, 0.10274876538957875, 0.09907388996819058, 0.09881059125912489, 0.09649414996926657, 0.09467027913576335, 0.0916845136378687, 0.0865256326760302, 0.08534867992764397, 0.08202881848889468, 0.07984662468651584, 0.07963893502421883, 0.07704628143868493, 0.07009543626026837], "topic_strength": 10.81472543958337, "top_10_strength": 2.2564140422062304, "label": "Frontend Development"}]}