{"timestamp": "2026-04-29T00:38:11.311004", "success": true, "message": "Analysis complete with 500 files", "files_collected": 500, "topics_discovered": 5, "topics_data": [{"topic_id": 0, "top_words": ["component", "data", "backend", "api", "frontend", "page", "post", "user", "state", "route", "app", "service", "react", "text", "supabase", "server", "content", "client", "error", "auth"], "weights": [0.5715929000996812, 0.42876162498372994, 0.37906059867382313, 0.3703453266201728, 0.3384605252082755, 0.33374017247887705, 0.3328399246082033, 0.32204024926606856, 0.3126202927303713, 0.31120143395918143, 0.28129814869509484, 0.27397625896949823, 0.2593874104581624, 0.2501598314089518, 0.2369469015072585, 0.23081673253459156, 0.2283427114423886, 0.22684467835192335, 0.210344562121258, 0.21026656832611998], "topic_strength": 49.284942843611645, "top_10_strength": 3.7006630486283845, "label": "Data & APIs"}, {"topic_id": 1, "top_words": ["npm", "dev", "typescript", "react", "git", "eslint", "component", "lint", "github", "cs", "api", "production", "start", "npx", "cli", "server", "commit", "development", "yarn", "cloudflare"], "weights": [1.5283199124947309, 0.2876680450117928, 0.2788508620254397, 0.2149527274550186, 0.21076471503057537, 0.20124352725127626, 0.181760840052774, 0.17955302974048662, 0.17722005630567403, 0.17619211775504187, 0.16842494842685427, 0.13897183602313015, 0.13087213262994987, 0.12582115441182812, 0.12322249732082177, 0.1160697888198307, 0.1153801694559888, 0.11487487466148032, 0.11447362847919001, 0.11243846055420761], "topic_strength": 14.554082866491845, "top_10_strength": 3.436525833122811, "label": "Frontend Development"}, {"topic_id": 2, "top_words": ["agent", "change", "task", "git", "skill", "instruction", "read", "commit", "rule", "user", "work", "fix", "session", "dont", "plan", "step", "review", "add", "follow", "documentation"], "weights": [0.4995945188335455, 0.47048424450095777, 0.44518153098693425, 0.36846656216224116, 0.3561822092502034, 0.34492579480613267, 0.3333929530855019, 0.29694974142485053, 0.27843265705453707, 0.24402202853540478, 0.2323187689590037, 0.21438766068898563, 0.21081356179296026, 0.2105260001107244, 0.20930210015099376, 0.2046072141458697, 0.20195443783485859, 0.20189543483299735, 0.20169185922645094, 0.20135439350537954], "topic_strength": 34.96449266442116, "top_10_strength": 3.637632240640309, "label": "Agent & Change"}, {"topic_id": 3, "top_words": ["pnpm", "type", "typescript", "component", "package", "react", "bun", "lint", "filter", "server", "issue", "dev", "eslint", "nextjs", "backend", "typecheck", "web", "monorepo", "router", "vue"], "weights": [1.4237871554188266, 0.20636155631667938, 0.19426403963180375, 0.1920221194517744, 0.18827757995163388, 0.1733791957269519, 0.14586925483111365, 0.1334029641464899, 0.12434252742883288, 0.12352064408798956, 0.12055217959252121, 0.11915412149569088, 0.11415628941437683, 0.11336457617782383, 0.10687443112616693, 0.10655216510642603, 0.10435314055480421, 0.10085408974341695, 0.09880767639256913, 0.09685205473612742], "topic_strength": 11.507048365470293, "top_10_strength": 2.9052270369920965, "label": "Frontend Development"}, {"topic_id": 4, "top_words": ["python", "tool", "cargo", "module", "model", "pytest", "script", "cli", "install", "api", "rust", "import", "docker", "configuration", "package", "mcp", "make", "type", "check", "dependency"], "weights": [0.6041636385170898, 0.30128945422191117, 0.27830233230101165, 0.23531420738650452, 0.22694835604198285, 0.21320092097667095, 0.2000713561328972, 0.19425445426091853, 0.19348523591053507, 0.19225047680463225, 0.19120649675875379, 0.1901618252841203, 0.1897645096363414, 0.18771928009240138, 0.17282532368693967, 0.17171297746632183, 0.16819149245807574, 0.16503375330106357, 0.16237504561424498, 0.16225053658611074], "topic_strength": 28.768095469130465, "top_10_strength": 2.639280432554154, "label": "Python & Tool"}]}