{"timestamp": "2026-05-02T00:51:25.170559", "success": true, "message": "Analysis complete with 500 files", "files_collected": 500, "topics_discovered": 5, "topics_data": [{"topic_id": 0, "top_words": ["agent", "task", "session", "read", "user", "rule", "change", "skill", "work", "tool", "instruction", "phase", "context", "update", "memory", "implementation", "check", "dont", "plan", "workflow"], "weights": [0.5402346411234283, 0.39647536457654975, 0.37867094623349035, 0.3582936810659367, 0.345047755470671, 0.344543750712727, 0.3169724048740543, 0.30912907309330717, 0.29413196520354734, 0.2901386964613852, 0.27630815744280945, 0.26010902902825034, 0.25745263326301226, 0.25543899172031137, 0.2494231103940186, 0.24656420450607194, 0.244581027349895, 0.23949408426435825, 0.23228044913848542, 0.23226773107848003], "topic_strength": 54.55755088271146, "top_10_strength": 3.573638278815097, "label": "User Interface"}, {"topic_id": 1, "top_words": ["component", "cs", "page", "content", "site", "tailwind", "react", "nextjs", "app", "state", "static", "section", "typescript", "data", "layout", "animation", "theme", "class", "github", "styling"], "weights": [0.5819444036470829, 0.44533726076882774, 0.4334704654833339, 0.29030595965600503, 0.285465936563091, 0.279598280634602, 0.24974389454168888, 0.22738949898251962, 0.20684548504222858, 0.2067395974603752, 0.20135581782809228, 0.20050371855959637, 0.19764926116604878, 0.1969848753261541, 0.18511930213214903, 0.1850091427813324, 0.18330542623472842, 0.17908477169432982, 0.16979502682852496, 0.16835287561446255], "topic_strength": 26.519362074944702, "top_10_strength": 3.2068407827797545, "label": "Component & Cs"}, {"topic_id": 2, "top_words": ["npm", "api", "docker", "service", "backend", "database", "frontend", "dev", "auth", "server", "port", "user", "postgresql", "migration", "typescript", "route", "prisma", "admin", "bash", "development"], "weights": [0.7395711304212985, 0.4996362777535631, 0.4377340401843315, 0.4132379748212029, 0.37344212452740766, 0.37135885506871447, 0.363004344006887, 0.23270196811811808, 0.22721795765428263, 0.226811610223999, 0.2207511606950564, 0.19917513303422474, 0.1967250252633842, 0.19153423603694783, 0.18925396863919716, 0.1869594096704623, 0.18584095617843482, 0.17253304144934464, 0.1678284392410772, 0.16698341887113355], "topic_strength": 25.172143825501124, "top_10_strength": 3.884716282779805, "label": "Frontend Development"}, {"topic_id": 3, "top_words": ["python", "pytest", "model", "api", "bash", "ruff", "make", "dependency", "install", "llm", "script", "pip", "function", "training", "package", "import", "type", "library", "environment", "format"], "weights": [1.0344800163603192, 0.3423361209982053, 0.3402450004487534, 0.29297489767147494, 0.22315722461127024, 0.21943283223873045, 0.20105726328552911, 0.19361127651941087, 0.19212698194744124, 0.18346857517368334, 0.1751630665156316, 0.16632704884979993, 0.16186383203552085, 0.16099464604374022, 0.1594954726282683, 0.14881752419107164, 0.14192913387616918, 0.13566762494640405, 0.13436002116345877, 0.1308909650154887], "topic_strength": 24.55912331048181, "top_10_strength": 3.222890189254817, "label": "Data & APIs"}, {"topic_id": 4, "top_words": ["pnpm", "rust", "package", "tauri", "cargo", "typescript", "type", "vitest", "npx", "lint", "component", "eslint", "cli", "version", "check", "workspace", "server", "install", "dev", "bash"], "weights": [1.0828864153302733, 0.4593441611557446, 0.23194059830760555, 0.21804360958695546, 0.2120254049560919, 0.18988471801400184, 0.18659608677403391, 0.15256677517304998, 0.13459857225594238, 0.13428163183658637, 0.1332848788146725, 0.12538209044372067, 0.11451073651000959, 0.11411861114453876, 0.11045713716362078, 0.10563655139845182, 0.1030795692198839, 0.1000170671979431, 0.09663288320776058, 0.09552934417685775], "topic_strength": 13.713257596177652, "top_10_strength": 3.002167973390285, "label": "Frontend Development"}]}