{"timestamp": "2026-04-17T00:45:35.272026", "success": true, "message": "Analysis complete with 500 files", "files_collected": 500, "topics_discovered": 5, "topics_data": [{"topic_id": 0, "top_words": ["python", "model", "template", "configuration", "device", "tool", "install", "type", "pytest", "module", "package", "llm", "frame", "script", "integration", "core", "cli", "dependency", "generation", "config"], "weights": [0.8203786141667757, 0.38781936491963565, 0.29077820494450535, 0.27688031951595476, 0.23878831860341188, 0.23735494097267984, 0.23632595612340487, 0.22994250314560782, 0.22720264826087436, 0.22530419425542975, 0.22418636767255337, 0.21471191229822684, 0.20740083100503542, 0.2051201430114627, 0.20318378825098657, 0.2019937531175393, 0.20186195613952437, 0.19884780800800603, 0.1986606166384634, 0.1937566659949016], "topic_strength": 46.44017126494107, "top_10_strength": 3.1707750649082804, "label": "Python & Model"}, {"topic_id": 1, "top_words": ["npm", "component", "api", "react", "typescript", "frontend", "backend", "nextjs", "route", "service", "server", "application", "app", "database", "development", "production", "websocket", "state", "auth", "endpoint"], "weights": [0.7346029530177968, 0.45912039933648974, 0.4491136414266326, 0.32017641807292757, 0.29925911594460813, 0.2569098110689256, 0.24158786442324592, 0.22909287314361645, 0.22782801352403667, 0.22226256955800258, 0.21581608749103828, 0.2115071044891598, 0.2058997091848561, 0.19554810105705683, 0.18188920160242278, 0.1775398554468396, 0.1713342444920355, 0.16567695796103057, 0.16434745907217188, 0.16287056214528733], "topic_strength": 28.785930438893146, "top_10_strength": 3.4399536595162825, "label": "Frontend Development"}, {"topic_id": 2, "top_words": ["page", "content", "site", "post", "blog", "theme", "hugo", "static", "bundle", "exec", "image", "tag", "layout", "section", "html", "title", "markdown", "github", "cs", "text"], "weights": [0.46690641581540926, 0.45509203984460284, 0.43115038933554284, 0.4027426425861849, 0.35695298714765655, 0.3233836836106381, 0.3025632231223521, 0.24968826487602938, 0.24521484251810297, 0.22044239009619845, 0.21956153019314203, 0.21869985215902818, 0.20076109017123148, 0.18681222901716238, 0.1799949603311948, 0.17492088889986937, 0.17458378504589758, 0.17066247631766654, 0.16474233573487976, 0.15591923097886456], "topic_strength": 20.681196085751672, "top_10_strength": 3.4541368789527174, "label": "Page & Content"}, {"topic_id": 3, "top_words": ["task", "session", "change", "skill", "agent", "read", "tool", "work", "plan", "user", "instruction", "git", "issue", "mcp", "context", "documentation", "fix", "review", "commit", "check"], "weights": [0.4328043970594831, 0.38986699206327424, 0.38230052706693024, 0.33781704831370507, 0.3218383941235103, 0.3199313433841111, 0.3183746884617789, 0.30578760948895817, 0.2842947741208971, 0.2842131150917267, 0.281072609371548, 0.2711405127422716, 0.26566474709832105, 0.2511860495054378, 0.2426892416527506, 0.21566180411275576, 0.20683280736660206, 0.1995298711820012, 0.1970650724990155, 0.18062837717523894], "topic_strength": 35.12094030081006, "top_10_strength": 3.3772288891743747, "label": "Task & Session"}, {"topic_id": 4, "top_words": ["pnpm", "package", "rust", "component", "tauri", "typescript", "type", "import", "vitest", "schema", "dev", "lint", "extension", "path", "export", "cs", "shared", "tailwind", "cargo", "hook"], "weights": [1.2266170349482013, 0.3337607862983149, 0.2759926635922376, 0.2653905874119089, 0.26271566295054183, 0.2001993591761597, 0.1898582403471387, 0.18120226890392377, 0.1512927311089832, 0.14503304674987721, 0.14083490913382674, 0.13564947853358936, 0.13303281228601954, 0.12838479230560043, 0.12707140547404955, 0.1149221800780183, 0.11458814433630847, 0.11444586393927583, 0.1135085309978542, 0.10862370762486756], "topic_strength": 18.59535202279597, "top_10_strength": 3.232062381487287, "label": "Frontend Development"}]}