{"timestamp": "2026-06-28T03:30:54.067513", "success": true, "message": "Analysis complete with 500 files", "files_collected": 500, "topics_discovered": 5, "topics_data": [{"topic_id": 0, "top_words": ["make", "build", "doc", "behavior", "check", "update", "command", "bash", "documentation", "script", "prefer", "work", "repository", "package", "unless", "release", "module", "task", "issue", "feature"], "weights": [0.5734212302190098, 0.40995559833233364, 0.3248571557824716, 0.3099848307382128, 0.28190673840634983, 0.27204822781304394, 0.26800994403120015, 0.2661703859921038, 0.2613623707204254, 0.2611667522963975, 0.26068519515133765, 0.256471636614931, 0.2557646862562416, 0.25576157952972933, 0.2554196696531035, 0.24623064496717745, 0.2449061137751276, 0.24179554415821716, 0.23563136124011672, 0.2333682528102799], "topic_strength": 48.971665866130095, "top_10_strength": 3.2288832343315486, "label": "Deployment & Build"}, {"topic_id": 1, "top_words": ["nextjs", "training", "breaking", "know", "writing", "apis", "guide", "relevant", "version", "read", "convention", "data", "structure", "unity", "changed", "public", "exact", "doc", "api", "information"], "weights": [0.7127816013797759, 0.6909767009442414, 0.6172312639513261, 0.5765264431914421, 0.5464015417986453, 0.5373305969541256, 0.48444660522714944, 0.4630042794584581, 0.4384729711287192, 0.40317266386453543, 0.3744559051669884, 0.36008583453583465, 0.35933549379025453, 0.02375785169389601, 0.022742125216350287, 0.019332721287779412, 0.018056466507508598, 0.017638612589375408, 0.013216245864540723, 0.01279899827170113], "topic_strength": 7.814413997037379, "top_10_strength": 5.470344667898419, "label": "Nextjs & Training"}, {"topic_id": 2, "top_words": ["skill", "skillmd", "memory", "directory", "frontmatter", "para", "pressure", "npx", "reference", "del", "codex", "root", "scenario", "folder", "script", "markdown", "trigger", "dont", "todo", "repo"], "weights": [1.4391739885813506, 0.26806644702447363, 0.1515720143258977, 0.14818011502304618, 0.13579270738220797, 0.135201474758293, 0.12804818440467605, 0.12269682009257593, 0.12102034268245546, 0.12011249978063368, 0.10477251117294248, 0.10355558094084374, 0.10205358769173152, 0.09610667561684497, 0.09532427129578512, 0.09141139865780609, 0.08600641659859912, 0.08513481669176126, 0.08069810971548515, 0.08032430434911064], "topic_strength": 13.53798554958614, "top_10_strength": 2.7698645940556097, "label": "File Management"}, {"topic_id": 3, "top_words": ["tool", "mcp", "model", "llm", "python", "prompt", "return", "session", "description", "task", "str", "context", "user", "import", "json", "event", "mode", "job", "phase", "execution"], "weights": [0.8018311725121362, 0.3489082736872893, 0.3071013882260086, 0.2616292759167059, 0.2475992529005789, 0.23202447295661935, 0.2242167313556015, 0.18846281959562433, 0.18726265050144272, 0.18689720672784535, 0.18065180082277016, 0.16984521390143614, 0.16288371516005132, 0.15763681782154315, 0.15454421602014465, 0.14363293694964818, 0.13953315557366047, 0.1382602585136707, 0.13623707551071337, 0.13540280213483832], "topic_strength": 29.846906025893098, "top_10_strength": 2.9859332443798516, "label": "Tool & Mcp"}, {"topic_id": 4, "top_words": ["npm", "component", "pnpm", "type", "import", "bun", "typescript", "api", "frontend", "build", "react", "function", "export", "error", "backend", "tailwind", "class", "page", "string", "route"], "weights": [0.7112380942700084, 0.550885044789944, 0.45661793404729095, 0.4190330518649773, 0.38685473776637674, 0.3773216805368356, 0.3140823902570212, 0.29999262982025693, 0.2684391783238552, 0.2663300614681534, 0.24898777986307238, 0.2304597756746289, 0.23006551718059362, 0.2271093127426538, 0.21232863255198225, 0.20807045729163945, 0.20374604172778685, 0.2032560983343112, 0.19716032484869717, 0.19625112184599103], "topic_strength": 33.566940277759365, "top_10_strength": 4.050794803144719, "label": "Frontend Development"}], "file_type": "agents_md"}