{"timestamp": "2026-06-18T03:37:04.765233", "success": true, "message": "Analysis complete with 500 files", "files_collected": 500, "topics_discovered": 5, "topics_data": [{"topic_id": 0, "top_words": ["step", "task", "project", "issue", "workflow", "phase", "test", "question", "code", "pattern", "check", "goal", "review", "fix", "context", "requirement", "run", "research", "work", "output"], "weights": [0.4834398361691358, 0.4679886644911745, 0.4297661399650825, 0.4025483042212959, 0.4001597107398148, 0.33770486155239543, 0.3160672422393674, 0.29544128010229687, 0.28667207825344404, 0.2574306301690345, 0.2527877092681271, 0.2460000538923214, 0.24535205137960908, 0.2390936107352056, 0.23748079757383597, 0.23597028682299395, 0.23442202187974642, 0.2300316130070286, 0.22962277523323527, 0.22889961357719418], "topic_strength": 50.98142354915365, "top_10_strength": 3.677218747903042, "label": "Project Structure"}, {"topic_id": 1, "top_words": ["und", "oder", "prfen", "der", "bgb", "die", "mit", "live", "art", "form", "output", "person", "text", "register", "bank", "cause", "fee", "date", "stream", "claim"], "weights": [1.7060404295461455, 0.5886725984638373, 0.3160947124485897, 0.292549330565093, 0.2917300436076643, 0.23585635384354817, 0.15849122723885128, 0.10463500108946013, 0.1044361600659163, 0.0392988213323419, 0.03364296248906302, 0.025747549054636255, 0.024670580446518018, 0.01909508001511539, 0.016987181478771513, 0.01595601247151369, 0.013078068989515343, 0.012285631203209338, 0.010520182507489156, 0.010479040729087046], "topic_strength": 4.353948929009634, "top_10_strength": 3.837804678201448, "label": "Und & Oder"}, {"topic_id": 2, "top_words": ["const", "string", "await", "return", "function", "typescript", "type", "data", "div", "page", "javascript", "var", "plugin", "api", "text", "export", "error", "button", "import", "color"], "weights": [0.683263375811793, 0.36533006210405894, 0.36002466221329404, 0.3074219052551004, 0.25918970910962114, 0.23698544147050052, 0.23247760013949495, 0.22073137765657644, 0.20576146228253744, 0.20366139485892376, 0.1998456935179213, 0.19757373456359326, 0.19712032807906232, 0.1898062632256201, 0.18930786055305424, 0.18440771484604793, 0.18420196704431865, 0.18399343535912704, 0.18257884246369982, 0.18213086562960895], "topic_strength": 32.11692093629901, "top_10_strength": 3.0748469909019005, "label": "Code Guidelines"}, {"topic_id": 3, "top_words": ["agent", "bash", "ngrok", "token", "mcp", "session", "prompt", "post", "run", "tool", "json", "remote", "browser", "claude", "openclaw", "curl", "local", "api", "instruction", "url"], "weights": [1.0833644421193862, 0.29739801807959376, 0.2760323111731713, 0.25579394436748737, 0.25090390574239385, 0.2409664744774821, 0.2352764307964585, 0.23293378890202818, 0.2276824499713079, 0.2228112632161652, 0.21645985836259862, 0.2064037515298437, 0.20210158574186782, 0.1936189402835624, 0.17738532894751624, 0.17714815641952647, 0.17389338029397924, 0.17311618155511177, 0.17015004378613457, 0.16052187250443203], "topic_strength": 22.227423398547025, "top_10_strength": 3.3231630288454745, "label": "Agent & Bash"}, {"topic_id": 4, "top_words": ["python", "import", "model", "bash", "str", "json", "image", "def", "quantization", "api", "price", "llm", "bit", "result", "url", "paper", "cli", "output", "quality", "data"], "weights": [1.2686310314580267, 0.3695290608424272, 0.29639148815865457, 0.2637476644850087, 0.21407282090280066, 0.19486692305162756, 0.18896912171973881, 0.18802895195893787, 0.17686923222573764, 0.13223984083289872, 0.12817939679924462, 0.12115937738773343, 0.11940270478975488, 0.117528740553884, 0.10849179305187803, 0.0982291922796281, 0.09608161767288766, 0.09561062179927036, 0.09435092333083739, 0.09292129370881393], "topic_strength": 14.625525983714267, "top_10_strength": 3.293346135635859, "label": "Python & Import"}], "file_type": "skill_md"}