{"timestamp": "2026-06-15T04:04:05.930427", "success": true, "message": "Analysis complete with 500 files", "files_collected": 500, "topics_discovered": 5, "topics_data": [{"topic_id": 0, "top_words": ["step", "issue", "project", "phase", "test", "workflow", "task", "fix", "review", "pattern", "code", "check", "output", "context", "change", "run", "git", "plan", "quality", "format"], "weights": [0.5702023944190954, 0.4594184270634823, 0.4045780907437714, 0.4042196422794152, 0.38510926864229605, 0.36416791131953746, 0.35759296877257457, 0.32137075431728596, 0.311359517722571, 0.30214707980608124, 0.29284657337794695, 0.2690292131057933, 0.2502099338454651, 0.2423042411046993, 0.24020695336667325, 0.2357642131398188, 0.2355677524997793, 0.23420358409227796, 0.2036781115233122, 0.20133096021740415], "topic_strength": 50.017541742924465, "top_10_strength": 3.88016605508611, "label": "Project Structure"}, {"topic_id": 1, "top_words": ["und", "oder", "mit", "live", "output", "person", "form", "text", "bank", "plugins", "fee", "pas", "register", "stream", "license", "slug", "public", "matrix", "format", "material"], "weights": [1.858975410226509, 0.5298593329062246, 0.1515389295431734, 0.11959914116802402, 0.03517545476298282, 0.029754561731076292, 0.027070544451614824, 0.018240799090565064, 0.0160537056609949, 0.012233814227275815, 0.01197088784137716, 0.011554938432717654, 0.011491059859539689, 0.010189916199903814, 0.009341125762751592, 0.008353499046640851, 0.00809351580162634, 0.006842002718067229, 0.005498920418286511, 0.005480775538918664], "topic_strength": 3.0231717234812674, "top_10_strength": 2.798501693768441, "label": "Und & Oder"}, {"topic_id": 2, "top_words": ["python", "import", "const", "await", "return", "string", "api", "model", "def", "data", "query", "str", "async", "function", "typescript", "type", "json", "plugin", "class", "error"], "weights": [0.5226648070459572, 0.44453196207016066, 0.4413599083452749, 0.35674667759802814, 0.3426866407871281, 0.2847627434318541, 0.26867124654425495, 0.26669215572154487, 0.2568278854928512, 0.2426301531954198, 0.237912016345442, 0.22641097340909652, 0.21991581445411887, 0.20620828782099615, 0.20064555979126072, 0.199392637143615, 0.19210741015408295, 0.17636197843287574, 0.16313388875364318, 0.15880412999150337], "topic_strength": 29.37992284327521, "top_10_strength": 3.427574180232474, "label": "Python & Import"}, {"topic_id": 3, "top_words": ["color", "page", "cs", "font", "component", "html", "button", "card", "text", "light", "design", "div", "state", "layout", "animation", "contrast", "background", "theme", "accessibility", "icon"], "weights": [0.46551616197913703, 0.3518224425738855, 0.3341142286086615, 0.31906330429791724, 0.3045251538965635, 0.30388936983267767, 0.2911781763383606, 0.2846484199594894, 0.26085728101721734, 0.2534545605100328, 0.23839020497697236, 0.23605314259922597, 0.23130492720031814, 0.22680602267735311, 0.22541688492583056, 0.22400405140661184, 0.21542532041807136, 0.21494096852288988, 0.2137261333845859, 0.19451580063241172], "topic_strength": 25.365607038125297, "top_10_strength": 3.1690690990139423, "label": "Color & Page"}, {"topic_id": 4, "top_words": ["agent", "bash", "mcp", "post", "token", "ngrok", "run", "json", "curl", "prompt", "tool", "browser", "remote", "openclaw", "session", "url", "local", "api", "command", "claude"], "weights": [1.1451524675248472, 0.4715184478796552, 0.3215398362108782, 0.30866814076709087, 0.30154809570733787, 0.2969469677453615, 0.29254006614405614, 0.27557476612816767, 0.2727100305427344, 0.26978672476064164, 0.2482144064817715, 0.22532989867580874, 0.2247361897250464, 0.2194997781004166, 0.21794165490110384, 0.20870569434387956, 0.20766693754733573, 0.19669844555332427, 0.18028874171431367, 0.17640352961676928], "topic_strength": 25.022028104672135, "top_10_strength": 3.955985543410771, "label": "Agent & Bash"}], "file_type": "skill_md"}