{"timestamp": "2026-03-10T00:55:13.722126", "success": true, "message": "Analysis complete with 500 files", "files_collected": 500, "topics_discovered": 5, "topics_data": [{"topic_id": 0, "top_words": ["rule", "task", "mcp", "issue", "phase", "work", "user", "session", "git", "change", "read", "make", "tool", "commit", "fix", "plan", "step", "add", "update", "implementation"], "weights": [0.5445256802416618, 0.514141051674401, 0.472840751605306, 0.3885841438824784, 0.38339506372094195, 0.3624898122000038, 0.3425122240065572, 0.3009536685047602, 0.2891536610174696, 0.2834377480493122, 0.2801813203128554, 0.2751182485950992, 0.27190687917323236, 0.2708770572899912, 0.2671179022418451, 0.26262701273085376, 0.2543285443082216, 0.24829182578977127, 0.23659839731041427, 0.23464337276734212], "topic_strength": 42.899665974151944, "top_10_strength": 3.8820338049028917, "label": "Rule & Task"}, {"topic_id": 1, "top_words": ["npm", "typescript", "pnpm", "component", "react", "server", "dev", "frontend", "nextjs", "backend", "app", "prisma", "start", "vitest", "production", "state", "tailwind", "database", "vite", "route"], "weights": [0.87658468570813, 0.4682980752037484, 0.39064824981918433, 0.387400088301306, 0.33487462615238134, 0.29554085117632806, 0.2519542600264618, 0.2403475893691574, 0.23692996596676422, 0.20507245764187745, 0.1993025904392742, 0.18498731355330023, 0.18311054702448726, 0.17144536171863373, 0.1709888371731576, 0.16620918892408768, 0.1649782094300063, 0.1627591773824216, 0.15330664477078712, 0.15186384781470322], "topic_strength": 23.95479909177118, "top_10_strength": 3.6876508493653386, "label": "Frontend Development"}, {"topic_id": 2, "top_words": ["python", "configuration", "import", "environment", "model", "module", "package", "class", "function", "script", "dependency", "install", "pytest", "make", "event", "error", "method", "core", "testing", "service"], "weights": [0.67916933792395, 0.2866051433234602, 0.28448716713350697, 0.23957370524535973, 0.22526329927232797, 0.22113307554709172, 0.2205417886759556, 0.2018864256299966, 0.19844844406560247, 0.19718365430797835, 0.19637202614412344, 0.18894482616646893, 0.18862988675234185, 0.17874799450550166, 0.17810088903775043, 0.16655561972034516, 0.1605800969049254, 0.15596984449154996, 0.14569887255616767, 0.14480390866283624], "topic_strength": 29.965933943034756, "top_10_strength": 2.7542920411252294, "label": "Python & Configuration"}, {"topic_id": 3, "top_words": ["page", "content", "property", "section", "component", "theme", "color", "cs", "site", "javascript", "image", "html", "true", "value", "markdown", "animation", "element", "div", "text", "block"], "weights": [0.3798948870137516, 0.3789861490625159, 0.3320326658742962, 0.29240753271716324, 0.27811803600879154, 0.26367456085738045, 0.22823910190524538, 0.21559160740656552, 0.21191877492366967, 0.20113180306560705, 0.19509654951864924, 0.1902085313599753, 0.18500808331534616, 0.17912183783292182, 0.17632636032341062, 0.16827291915878415, 0.16501105420779769, 0.16278626892909617, 0.15937041143730651, 0.15720742269167962], "topic_strength": 25.653077424329272, "top_10_strength": 2.7819951188349865, "label": "Page & Content"}, {"topic_id": 4, "top_words": ["agent", "task", "json", "skill", "tool", "mvn", "message", "research", "report", "analysis", "event", "insight", "finding", "status", "result", "mcp", "model", "chat", "template", "streaming"], "weights": [1.0951850818745323, 0.1735305312353368, 0.17230247222397238, 0.1645676777351901, 0.16262580527055434, 0.1622929525139767, 0.15155152435544403, 0.1485446196238682, 0.14473553505196418, 0.12845297952222048, 0.12495847297030643, 0.11059115753036858, 0.10914110235759732, 0.10653004183912738, 0.10562033374414251, 0.09493031588172902, 0.09116540095666936, 0.08705985519920402, 0.08533574854980712, 0.08410746312677116], "topic_strength": 12.348847992508947, "top_10_strength": 2.5037891794070593, "label": "Agent & Task"}]}