{"timestamp": "2026-06-12T03:27:46.590488", "success": true, "message": "Analysis complete with 500 files", "files_collected": 500, "topics_discovered": 5, "topics_data": [{"topic_id": 0, "top_words": ["build", "command", "prefer", "project", "doc", "make", "package", "behavior", "module", "update", "commit", "task", "check", "cargo", "git", "unless", "issue", "dependency", "repository", "type"], "weights": [0.42378848868271, 0.3515615728941806, 0.3482860285554854, 0.34278004772710996, 0.33902738971451063, 0.3346587985420894, 0.3216073379777225, 0.3100443473026662, 0.2949137280133369, 0.2864581770249779, 0.2844064428289065, 0.27114469142896863, 0.2705195098076457, 0.26730283704922064, 0.26355036687588673, 0.25986118682743, 0.25545535131914104, 0.25455985700022843, 0.24999616911323747, 0.24143877832893929], "topic_strength": 53.229323412883836, "top_10_strength": 3.3531259164347893, "label": "Project Structure"}, {"topic_id": 1, "top_words": ["npm", "frontend", "dev", "build", "typescript", "lint", "backend", "component", "server", "api", "react", "bash", "app", "hook", "route", "guideline", "eslint", "pnpm", "nextjs", "client"], "weights": [1.4217067289120182, 0.3549855424715403, 0.2909598473617185, 0.2807975391008859, 0.27234250088407425, 0.2292775070733763, 0.2216243690343462, 0.2029343097682858, 0.19345689661559984, 0.18806129096806262, 0.17655658376675878, 0.16936912061126064, 0.16158010310969734, 0.15619548673596673, 0.15059708094584268, 0.14225832638921648, 0.14216653440627838, 0.13611953608817212, 0.13408218285441198, 0.12712970716249353], "topic_strength": 16.513155558288016, "top_10_strength": 3.656146532189908, "label": "Frontend Development"}, {"topic_id": 2, "top_words": ["training", "nextjs", "breaking", "know", "writing", "apis", "guide", "version", "relevant", "convention", "read", "data", "structure", "guidance", "agentsmd", "chart", "package", "algorithm", "human", "component"], "weights": [0.7408505784331876, 0.6432270264150649, 0.5637065360780626, 0.5577909533735251, 0.5281926301540973, 0.5167219740356844, 0.44370136639493485, 0.4355776729363992, 0.43009554475403455, 0.3616618488649425, 0.35996679639480933, 0.35963785196156667, 0.34880154078188896, 0.05918429320677401, 0.04214169362540194, 0.037901499113352, 0.032373048199499536, 0.023279398819000152, 0.021897918120468828, 0.019944304008807617], "topic_strength": 8.54702130249376, "top_10_strength": 5.2215261314399335, "label": "Training & Nextjs"}, {"topic_id": 3, "top_words": ["skill", "skillmd", "directory", "markdown", "pressure", "reference", "claude", "frontmatter", "description", "scenario", "instruction", "user", "tdd", "write", "project", "review", "task", "script", "session", "prompt"], "weights": [1.6129943986127997, 0.3276582531416719, 0.2546669405834798, 0.20004663335698508, 0.19924063873553455, 0.1859818212293315, 0.1675389833818176, 0.16269652791233935, 0.14978283438901985, 0.14939349247557726, 0.13013367584769184, 0.12733697985709558, 0.120527640615548, 0.11223838482168932, 0.11209884081682124, 0.10915306970682988, 0.10746962054611048, 0.10609821224939217, 0.10504571399643088, 0.10192939000080131], "topic_strength": 18.483136353102356, "top_10_strength": 3.4100005238185567, "label": "File Management"}, {"topic_id": 4, "top_words": ["tool", "return", "const", "import", "mcp", "string", "model", "function", "class", "api", "llm", "data", "error", "python", "user", "json", "execution", "await", "type", "schema"], "weights": [0.8613414486530651, 0.47408821092695635, 0.46193892138548737, 0.375726286651416, 0.3654820848880011, 0.34868403906277906, 0.3444918935004084, 0.32987444707440877, 0.2590115791722977, 0.25797702237682774, 0.2554517463297151, 0.2526629091499836, 0.24636534186076753, 0.23872628201228055, 0.23074400471462603, 0.22619743190892305, 0.22276138542970905, 0.2214733353147936, 0.21690501683263239, 0.212731916706135], "topic_strength": 44.337903830569914, "top_10_strength": 4.078615933691648, "label": "Tool & Return"}], "file_type": "agents_md"}