{"timestamp": "2026-06-06T03:20:10.333637", "success": true, "message": "Analysis complete with 500 files", "files_collected": 500, "topics_discovered": 5, "topics_data": [{"topic_id": 0, "top_words": ["make", "command", "package", "doc", "behavior", "prefer", "python", "update", "module", "documentation", "commit", "issue", "repository", "cargo", "source", "dependency", "add", "check", "guideline", "avoid"], "weights": [0.4296694056821139, 0.37146029561700883, 0.37078918989647736, 0.3494354397553481, 0.3410952542556966, 0.3257790469475667, 0.32339227612584504, 0.3176894614067373, 0.3175055318125471, 0.29301445410954297, 0.2920633517201953, 0.28602899416866334, 0.2784990860353333, 0.2717996540026032, 0.2639927229224152, 0.257564216722476, 0.2560691705646463, 0.24152870670988855, 0.24111124829353356, 0.23966852452028006], "topic_strength": 53.91276536639907, "top_10_strength": 3.4398303556088843, "label": "Documentation"}, {"topic_id": 1, "top_words": ["pnpm", "lint", "typecheck", "frontend", "type", "dev", "install", "backend", "component", "comment", "typescript", "format", "package", "vue", "commit", "mcp", "descriptive", "page", "instead", "apps"], "weights": [1.847747006977561, 0.2691520240552096, 0.21150711228931476, 0.18736858539577061, 0.17076410603160735, 0.17024606110101215, 0.163766991533378, 0.15764303786917852, 0.14081682814453214, 0.1321844947741155, 0.12327139940444275, 0.12325976431121284, 0.11249344369046177, 0.1011985262916488, 0.09578539468456299, 0.09347438993038268, 0.0924639062887509, 0.08670833592091995, 0.08431880963294648, 0.08427383836222772], "topic_strength": 11.946018630381667, "top_10_strength": 3.45119624817168, "label": "Frontend Development"}, {"topic_id": 2, "top_words": ["skill", "plugin", "skillmd", "read", "developer", "readmemd", "understand", "following", "memory", "directory", "context", "purpose", "access", "frontmatter", "install", "space", "claude", "markdown", "version", "reference"], "weights": [1.647713205830638, 0.5482258644379535, 0.27520969175192195, 0.2304542223715121, 0.22074212987027733, 0.20762956265198787, 0.2036885191944737, 0.20321696517153792, 0.20084461313083327, 0.1963150394664777, 0.19521317667513485, 0.1781814517218112, 0.16360533187645182, 0.15990970142241817, 0.15194105181203577, 0.1495024955804093, 0.14900440904448664, 0.1420193022764358, 0.14031047470877353, 0.1339090099592893], "topic_strength": 17.256629448552978, "top_10_strength": 3.9340398138776136, "label": "Skill & Plugin"}, {"topic_id": 3, "top_words": ["tool", "mcp", "model", "llm", "task", "return", "import", "prompt", "api", "memory", "user", "job", "chat", "session", "result", "error", "description", "json", "server", "string"], "weights": [0.8494935923074329, 0.4143090612498388, 0.32085153367541563, 0.24841026017336376, 0.24575736809643117, 0.222790986879639, 0.21628892160618746, 0.20331683476485063, 0.2015705523295056, 0.2013960835626272, 0.182970709630567, 0.18256464325049704, 0.17735357597126297, 0.17147179692093042, 0.17128717494942947, 0.1698125952828125, 0.1678453745891979, 0.16090325270171693, 0.1563671966794718, 0.15429524968032646], "topic_strength": 33.18687388646855, "top_10_strength": 3.1241851946452925, "label": "Tool & Mcp"}, {"topic_id": 4, "top_words": ["npm", "bun", "component", "typescript", "import", "react", "nextjs", "app", "type", "dev", "api", "route", "cs", "hook", "frontend", "router", "server", "lint", "tailwind", "const"], "weights": [0.8833530506755911, 0.5009963153520844, 0.4716369137695716, 0.3798984826935956, 0.37115568462414, 0.3182150475375565, 0.26799447297875373, 0.2632651689480268, 0.2629146202426282, 0.22782587619591546, 0.22216373192187971, 0.21382293805331978, 0.2091347002338646, 0.20828080080728872, 0.19691922210115442, 0.1825366289632592, 0.18017462971676734, 0.1755898234323349, 0.17303752408913964, 0.15829841853063786], "topic_strength": 25.133711079101165, "top_10_strength": 3.9472556330178636, "label": "Frontend Development"}], "file_type": "agents_md"}