{"timestamp": "2026-05-24T04:02:34.421312", "success": true, "message": "Analysis complete with 500 files", "files_collected": 500, "topics_discovered": 5, "topics_data": [{"topic_id": 0, "top_words": ["test", "step", "fix", "review", "phase", "document", "run", "plan", "issue", "code", "root", "cause", "change", "implementation", "branch", "error", "task", "build", "work", "create"], "weights": [1.0229701360607497, 0.5027427260777183, 0.47221157931667995, 0.45570565712581623, 0.40173441100214835, 0.4016053772297137, 0.3963019560364073, 0.375847530753728, 0.35902747198653134, 0.35647114176608724, 0.3228296448017898, 0.3076167436129449, 0.27485395667059576, 0.27349595537581406, 0.268708190485591, 0.25915591749916717, 0.24021064296181593, 0.23470821835783126, 0.2194863766455469, 0.2135326800986819], "topic_strength": 39.03305616342432, "top_10_strength": 4.744617987355579, "label": "Testing & Quality"}, {"topic_id": 1, "top_words": ["python", "bash", "poetry", "class", "git", "def", "markdown", "run", "import", "srcclipy", "memory", "install", "text", "api", "video", "grep", "str", "macos", "model", "start"], "weights": [0.9541645787747944, 0.6761782032601684, 0.3403710056812337, 0.33441494211504935, 0.2902966073148499, 0.28552461497439174, 0.27199486185791877, 0.23900385183664455, 0.23637553269896633, 0.20968748938569953, 0.196652371415985, 0.18916151847962315, 0.16269871196425817, 0.16148145694289162, 0.15121962997290034, 0.13367757242510792, 0.12190360134290193, 0.12169345681735146, 0.12125361720948963, 0.11564740961734359], "topic_strength": 15.939213201968464, "top_10_strength": 3.838011687899717, "label": "Code Guidelines"}, {"topic_id": 2, "top_words": ["const", "await", "function", "return", "typescript", "data", "string", "mock", "async", "export", "error", "cache", "type", "pattern", "import", "interface", "api", "key", "query", "value"], "weights": [0.7193347837058873, 0.5952219744340242, 0.4165055680135774, 0.4144164941634921, 0.399415715225044, 0.38223258756344736, 0.3820291759988456, 0.28572381145550213, 0.27670943229008355, 0.24128455106822333, 0.23513961700856223, 0.22260681667395119, 0.21135698210420473, 0.20599862447220263, 0.1919768280845577, 0.18325014428735167, 0.13593204738364706, 0.13061007395012242, 0.12493849618607199, 0.12410692705995462], "topic_strength": 17.898279610539166, "top_10_strength": 4.112874093918127, "label": "Frontend Development"}, {"topic_id": 3, "top_words": ["search", "tool", "mcp", "agent", "json", "post", "query", "session", "topic", "page", "schema", "result", "url", "output", "api", "step", "command", "token", "content", "seo"], "weights": [0.3829070968809381, 0.37026020049053066, 0.2972860698165655, 0.27112480518789933, 0.25273802033964754, 0.23564841370474296, 0.2246709622005176, 0.21447443850912123, 0.2136055828245255, 0.19168865733140186, 0.18404293962706803, 0.18027684072748232, 0.17955349753705144, 0.1637934951114693, 0.16121498284570274, 0.16062494783075157, 0.15773066643258435, 0.15402492298309092, 0.1491165756361465, 0.14057945117039763], "topic_strength": 35.43580762118641, "top_10_strength": 2.65440424728589, "label": "Search & Tool"}, {"topic_id": 4, "top_words": ["rem", "color", "button", "div", "cs", "component", "card", "para", "transitionall", "html", "token", "padding", "bem", "design", "fontsize", "duration", "hover", "border", "style", "selector"], "weights": [0.5553940311322192, 0.5027134212636938, 0.4334778946599205, 0.41702567298771087, 0.4152152858916192, 0.3483857307938226, 0.29253971962316794, 0.26195605889824897, 0.24995416514830923, 0.2484088698144352, 0.24402914885274998, 0.23675553050553308, 0.22007000698610085, 0.21436543958699786, 0.2109563630563091, 0.17766020402780267, 0.17610330989165285, 0.1696494763881969, 0.16952336528849993, 0.16719071241044176], "topic_strength": 17.048487364813322, "top_10_strength": 3.725070850213147, "label": "Rem & Color"}], "file_type": "skill_md"}