{"timestamp": "2026-06-04T03:54:53.959286", "success": true, "message": "Analysis complete with 500 files", "files_collected": 500, "topics_discovered": 5, "topics_data": [{"topic_id": 0, "top_words": ["skill", "task", "agent", "read", "session", "plan", "rule", "change", "review", "git", "commit", "user", "context", "work", "tool", "memory", "dont", "doc", "instruction", "write"], "weights": [0.6481979765898351, 0.5641740218144322, 0.5502979985093753, 0.430928349361022, 0.42836401116584516, 0.3998089958250209, 0.384756266984675, 0.36770526511639573, 0.3468610636919015, 0.3415871144761008, 0.3272897899989325, 0.32401356051170366, 0.3111375471903946, 0.297058165833178, 0.27229732139802815, 0.2515599345084605, 0.23764530566277156, 0.2372712760351264, 0.22086245248399897, 0.21746611948351355], "topic_strength": 42.377442280961176, "top_10_strength": 4.462681063534604, "label": "Skill & Task"}, {"topic_id": 1, "top_words": ["component", "pnpm", "page", "cs", "theme", "app", "route", "react", "tailwind", "supabase", "layout", "server", "state", "color", "nextjs", "font", "token", "image", "data", "site"], "weights": [0.6373841824708526, 0.5561637121212702, 0.3594925719376124, 0.3372056250102107, 0.3214426326341132, 0.2881219135061686, 0.2877179589056144, 0.2800120879761451, 0.2645620984013312, 0.2502484150078697, 0.22723865518000033, 0.21288110241895078, 0.20188362080136796, 0.19260494009553086, 0.19054386460237402, 0.18650331811872362, 0.18177033357594335, 0.18069369130786456, 0.18061743471039282, 0.17692622324422252], "topic_strength": 31.0067083882876, "top_10_strength": 3.5823511979711884, "label": "Frontend Development"}, {"topic_id": 2, "top_words": ["python", "api", "model", "service", "configuration", "data", "environment", "pytest", "script", "database", "error", "make", "function", "integration", "install", "dependency", "format", "development", "async", "management"], "weights": [0.536271625286372, 0.3326353115113037, 0.25873493441748413, 0.25518749587199346, 0.2323955674455812, 0.22902415917101465, 0.20873451392814396, 0.19691792844300907, 0.19599857895819095, 0.18497556320501007, 0.18174907332957943, 0.17901766756373316, 0.1789941208912142, 0.16807681283246573, 0.16760218901729956, 0.1631584342367439, 0.1627783050219813, 0.16021331811231032, 0.16005992597022464, 0.15491429527733594], "topic_strength": 36.707250705175625, "top_10_strength": 2.6308756782381035, "label": "Backend Services"}, {"topic_id": 3, "top_words": ["npm", "api", "typescript", "dev", "react", "const", "module", "lint", "server", "vitest", "eslint", "frontend", "git", "docker", "typecheck", "testing", "package", "cloudflare", "npx", "cli"], "weights": [1.4404858493778796, 0.38511437040182506, 0.3211111997734519, 0.21522366466468168, 0.17855134773376144, 0.17711051053388632, 0.16408927576992066, 0.16379282792275812, 0.1420655487062681, 0.14204175034640137, 0.13796051720247499, 0.1350124625739754, 0.1342648881411632, 0.12823072420329146, 0.12265023992643687, 0.12069985464446888, 0.11587389478968836, 0.1146812069852929, 0.11065566198565106, 0.10772499172630183], "topic_strength": 14.702907728170448, "top_10_strength": 3.329586345230834, "label": "Frontend Development"}, {"topic_id": 4, "top_words": ["cargo", "rust", "release", "crate", "version", "workspace", "repo", "pnpm", "git", "library", "feature", "parser", "engine", "add", "binary", "implementation", "warning", "configuration", "java", "source"], "weights": [0.9475479640435822, 0.553139485086406, 0.2555442404828638, 0.2315597743713473, 0.178716288659951, 0.146735858583665, 0.13334825181831672, 0.12191485393914753, 0.1179888884505422, 0.1174448765574049, 0.11730880476463468, 0.10814562440052065, 0.10673473059459514, 0.10016335521474361, 0.09983595047507975, 0.09645829863376176, 0.09610778719591839, 0.09522153252917065, 0.09020375400954042, 0.08879477733218272], "topic_strength": 13.669251167103916, "top_10_strength": 2.8039404819932265, "label": "Cargo & Rust"}], "file_type": "claude_md"}