{"timestamp": "2026-06-18T03:30:40.530956", "success": true, "message": "Analysis complete with 500 files", "files_collected": 500, "topics_discovered": 5, "topics_data": [{"topic_id": 0, "top_words": ["task", "phase", "change", "rule", "git", "user", "new", "add", "dont", "release", "cargo", "documentation", "module", "check", "read", "work", "fix", "plan", "type", "write"], "weights": [0.45891736113679094, 0.44920274378795305, 0.39709097943546845, 0.33678057581196574, 0.3087939678268023, 0.30374424483590134, 0.28364766439574207, 0.2698585035917417, 0.26673938910679845, 0.2568078887352195, 0.2518841228871307, 0.2442761674015013, 0.23766641821380805, 0.23668857994009107, 0.2354736286924861, 0.2350027692228381, 0.23412012818486902, 0.2294377489208147, 0.22505290878164627, 0.22034443008962487], "topic_strength": 59.10813252294783, "top_10_strength": 3.331583318664384, "label": "Task & Phase"}, {"topic_id": 1, "top_words": ["component", "pnpm", "npm", "cs", "react", "typescript", "tailwind", "theme", "import", "page", "nextjs", "color", "app", "type", "server", "hook", "shadcnui", "style", "const", "layout"], "weights": [0.7566867450816093, 0.45750852926634483, 0.41518919022727546, 0.3995585899674983, 0.35197261303203325, 0.3179773957441121, 0.2679693292238758, 0.2635436925002137, 0.25967871259185527, 0.2542414408959589, 0.23462681843926758, 0.2232836843673284, 0.22189820285571157, 0.20332164691229518, 0.18849047567930136, 0.18834660309920315, 0.18689409204131147, 0.18598405531388787, 0.18066296717686547, 0.16250561017107887], "topic_strength": 26.11171522032639, "top_10_strength": 3.7443262385307765, "label": "Frontend Development"}, {"topic_id": 2, "top_words": ["frontend", "backend", "api", "service", "docker", "npm", "database", "server", "endpoint", "auth", "dev", "app", "model", "pytest", "port", "route", "user", "postgresql", "client", "redis"], "weights": [0.5558678447938185, 0.550261667571446, 0.5071653930072896, 0.3530976665265497, 0.31855085349818474, 0.3129140712742282, 0.27966055601023265, 0.23921804917237585, 0.2114964360651282, 0.20587498654535008, 0.2019737657012154, 0.1992599363434648, 0.18570093657429648, 0.18130996482611916, 0.1791013055500871, 0.17807773829562148, 0.17759664031032166, 0.16761081741716652, 0.16718479223989569, 0.16655604291932224], "topic_strength": 31.077342721249995, "top_10_strength": 3.5341075244646034, "label": "Backend Services"}, {"topic_id": 3, "top_words": ["agentsmd", "read", "rule", "follow", "instruction", "require", "convention", "repo", "doc", "agent", "live", "context", "plan", "policy", "developer", "immediately", "root", "exist", "truth", "workflow"], "weights": [1.5588574532321329, 0.2649440377085317, 0.2129650765190482, 0.1713641394412386, 0.15345526062829987, 0.12028513317077698, 0.09467053129021992, 0.08829863711149782, 0.07963343845309499, 0.07409729797648738, 0.07136333645334883, 0.06991279409866179, 0.06634282490740386, 0.06035622070506743, 0.05922292156615935, 0.05903658475965318, 0.05682939771403431, 0.0565000366711797, 0.05611889405514164, 0.05589672525425804], "topic_strength": 5.600876722399526, "top_10_strength": 2.8185710055313287, "label": "Agentsmd & Read"}, {"topic_id": 4, "top_words": ["skill", "python", "agent", "tool", "ratio", "json", "skillmd", "usage", "automation", "budget", "script", "mcp", "analysis", "format", "purpose", "flow", "template", "cli", "year", "description"], "weights": [0.9595141993740721, 0.7322720049072031, 0.5545604053846714, 0.45569307576231316, 0.40553214423158807, 0.21479622493752906, 0.20767593559060354, 0.1988162371885433, 0.17839071065524836, 0.1759667389541258, 0.17401714527317041, 0.17126478479802448, 0.15247738574814887, 0.13035948254642507, 0.12215488298101021, 0.11469989613373024, 0.11343598011522717, 0.108648827945127, 0.10444173319283556, 0.10225328469641301], "topic_strength": 16.293988855777144, "top_10_strength": 4.083217676985898, "label": "Skill & Python"}], "file_type": "claude_md"}