{"timestamp": "2026-06-09T03:53:16.503905", "success": true, "message": "Analysis complete with 500 files", "files_collected": 500, "topics_discovered": 5, "topics_data": [{"topic_id": 0, "top_words": ["change", "make", "commit", "build", "command", "git", "check", "task", "rule", "module", "guideline", "doc", "behavior", "prefer", "add", "new", "repository", "cargo", "script", "path"], "weights": [0.6310845738986866, 0.5187811082471535, 0.39954917789016536, 0.3681215434228951, 0.34634457585796413, 0.3250544765113259, 0.3132885350733547, 0.29223328271331694, 0.28725501747066606, 0.2828238264103984, 0.27341534931662853, 0.2672557899078168, 0.26688749227981934, 0.24724945382611474, 0.24596826547516515, 0.23613183133419835, 0.23076526004490305, 0.22905335264775986, 0.2274077077113261, 0.22088657304177509], "topic_strength": 48.1087831415694, "top_10_strength": 3.7645361174959264, "label": "Deployment & Build"}, {"topic_id": 1, "top_words": ["pnpm", "dev", "lint", "build", "typecheck", "vitest", "component", "package", "typescript", "server", "check", "worker", "cloudflare", "react", "api", "change", "src", "app", "type", "vite"], "weights": [1.7102969044309793, 0.20689927350990098, 0.17184713347480046, 0.16783450571187067, 0.14943322398499956, 0.1477679633212883, 0.14518804681679925, 0.1341818356802597, 0.11844401276411244, 0.11346457893374251, 0.11140638690458687, 0.11009592367840543, 0.10650668187134484, 0.09263201991943056, 0.08799233945352496, 0.08746101855372812, 0.08606479402848405, 0.08222841593837765, 0.08212988572182078, 0.07716767580034549], "topic_strength": 12.500984644632823, "top_10_strength": 3.065357478628753, "label": "Frontend Development"}, {"topic_id": 2, "top_words": ["skill", "pressure", "directory", "scenario", "codex", "tdd", "markdown", "instruction", "workflow", "contains", "write", "green", "repository", "agentsmd", "red", "claude", "claudemd", "repo", "rule", "plugin"], "weights": [1.6339694303277534, 0.36042276483175567, 0.32292183290480625, 0.2878439223177036, 0.2136653282085042, 0.1980124309893502, 0.18860949020163806, 0.1560257693241776, 0.14993856367141714, 0.14671917929846695, 0.14162028398523657, 0.13809467326370084, 0.12117143560398565, 0.11707540262169543, 0.1156191592798225, 0.1154256111128753, 0.10556924750635485, 0.10310947788778978, 0.0981570826080116, 0.09719401557792988], "topic_strength": 15.925158585866233, "top_10_strength": 3.658128712075573, "label": "File Management"}, {"topic_id": 3, "top_words": ["tool", "model", "import", "user", "python", "mcp", "return", "session", "type", "llm", "context", "api", "string", "prompt", "memory", "server", "data", "error", "await", "response"], "weights": [0.5860755543499282, 0.34214694255661227, 0.29317624662558844, 0.26473682017110906, 0.25965356528207245, 0.23704149664241825, 0.21889125283074326, 0.2164316020117695, 0.21350454538989735, 0.2114068648310092, 0.20107271693544515, 0.19722606374175514, 0.19235078472926104, 0.18919698190394318, 0.1872094601076473, 0.18202729123248276, 0.17768605609734497, 0.17569576291865385, 0.16765546837425127, 0.16714389559168963], "topic_strength": 36.284483589890066, "top_10_strength": 2.8430648906911475, "label": "User Interface"}, {"topic_id": 4, "top_words": ["npm", "backend", "component", "build", "frontend", "api", "app", "typescript", "react", "page", "nextjs", "dev", "cs", "route", "install", "guideline", "playwright", "server", "vitest", "import"], "weights": [0.9890035142996225, 0.4183097851579443, 0.39686902782221045, 0.3793981584557181, 0.34440459120855377, 0.3436396814252407, 0.28139772098041715, 0.26445344045478786, 0.2566330909508299, 0.23573127773774005, 0.21239567771011092, 0.20954063474189796, 0.19960888294779724, 0.1910533211670733, 0.18723577985102377, 0.1833669709937614, 0.1792253397810316, 0.17757561838329752, 0.16860710985324057, 0.16042188460544196], "topic_strength": 26.611733174696845, "top_10_strength": 3.909840288493065, "label": "Frontend Development"}], "file_type": "agents_md"}