{"timestamp": "2026-03-16T00:46:00.581523", "success": true, "message": "Analysis complete with 500 files", "files_collected": 500, "topics_discovered": 5, "topics_data": [{"topic_id": 0, "top_words": ["documentation", "change", "task", "update", "new", "error", "git", "user", "implementation", "context", "step", "issue", "work", "configuration", "validation", "rule", "commit", "phase", "path", "make"], "weights": [0.3523726650219954, 0.3507425426301844, 0.34096492837298176, 0.30776297775278494, 0.28298325681566916, 0.27219807435159205, 0.2653815082250043, 0.2625261421607463, 0.257801706306811, 0.25549570154604057, 0.2530856292662319, 0.24890002070568534, 0.2452725233185161, 0.2437084237643604, 0.24031323937380725, 0.2345737752790855, 0.2298463350208033, 0.2296632397711852, 0.2292862851687879, 0.22230832747844254], "topic_strength": 56.95033696391738, "top_10_strength": 2.9482295031838097, "label": "Documentation"}, {"topic_id": 1, "top_words": ["npm", "component", "typescript", "react", "cs", "page", "server", "frontend", "nextjs", "backend", "app", "service", "tailwind", "type", "dev", "production", "animation", "state", "start", "import"], "weights": [0.8926331198869047, 0.6107262217750766, 0.48102080364748506, 0.37233561535870796, 0.31931450437531966, 0.2986235802508316, 0.2912764540662806, 0.2903794676623478, 0.26854946015645, 0.2667982501935909, 0.25454152466592384, 0.2451152813585457, 0.22649730927702116, 0.2176493125494208, 0.21482970857812936, 0.20689663972363775, 0.19600927620887484, 0.18928683066045388, 0.1878212613201468, 0.18529970205464694], "topic_strength": 34.302415905805, "top_10_strength": 4.091657477372995, "label": "Frontend Development"}, {"topic_id": 2, "top_words": ["pnpm", "package", "game", "component", "dev", "lint", "typescript", "workspace", "web", "nextjs", "site", "typecheck", "apps", "filter", "app", "import", "prisma", "server", "tailwind", "required"], "weights": [1.5685704553560447, 0.24898621692999798, 0.20919376865875453, 0.19389029166837696, 0.14957642641329577, 0.14875028368820106, 0.13647062834630472, 0.13535725568625895, 0.12658736580343408, 0.12458707821304688, 0.10927146314583382, 0.10820286389411697, 0.09990683325103936, 0.09843676810090804, 0.09546256730363799, 0.09232851113667673, 0.08791723587934461, 0.08589290662136428, 0.08091609405027221, 0.07808202602182303], "topic_strength": 12.815478206650553, "top_10_strength": 3.0419697707637154, "label": "Frontend Development"}, {"topic_id": 3, "top_words": ["python", "node", "model", "pytest", "ruff", "def", "notebook", "import", "install", "package", "environment", "return", "method", "class", "check", "mcp", "async", "make", "pip", "error"], "weights": [0.9177276057930535, 0.32115033602504883, 0.26063462531701986, 0.22555530344291402, 0.19358192061558332, 0.1903623448591045, 0.18786348318901216, 0.18533800686259713, 0.17661144988433994, 0.17380575976495677, 0.15964557187226244, 0.1584002790813232, 0.15170469813909876, 0.1482006227298315, 0.14671083197768453, 0.14653024713911414, 0.13551774488270504, 0.1329791956670706, 0.12598267918996114, 0.12494072761029151], "topic_strength": 19.500441162633162, "top_10_strength": 2.83263083575363, "label": "Python & Node"}, {"topic_id": 4, "top_words": ["agent", "skill", "mcp", "coding", "tool", "llm", "repo", "source", "task", "user", "read", "anthropic", "context", "research", "phase", "prompt", "convention", "conversation", "cli", "memory"], "weights": [1.1748611957461181, 0.5120639548304144, 0.27042204870638403, 0.23322199341177294, 0.21319322213415182, 0.1500628286543561, 0.14309414589139366, 0.1264752151302976, 0.1230599315528078, 0.11926375502496736, 0.11823150899473862, 0.11565408404265899, 0.10741167796760015, 0.10545398346794665, 0.09904886121403698, 0.0951342674207182, 0.09245750362628619, 0.090281306471489, 0.08608267562626315, 0.0858738925572917], "topic_strength": 13.625071702183941, "top_10_strength": 3.065718291082664, "label": "Agent & Skill"}]}