{"timestamp": "2026-06-08T03:41:56.493846", "success": true, "message": "Analysis complete with 500 files", "files_collected": 500, "topics_discovered": 5, "topics_data": [{"topic_id": 0, "top_words": ["test", "build", "python", "module", "project", "testing", "package", "guideline", "prefer", "make", "command", "dependency", "type", "function", "repository", "pytest", "cargo", "commit", "check", "add"], "weights": [1.4068612305653199, 0.40312479805771706, 0.34766353033366987, 0.3414491067966595, 0.31162490802509113, 0.3023410236585805, 0.29978248486099546, 0.2763869315959463, 0.26465740536083415, 0.26301069799300103, 0.2598630147982311, 0.2562391836057226, 0.2544683487957837, 0.2502603913690452, 0.24326445588219164, 0.23504733003621156, 0.2238637336728452, 0.21908840113214323, 0.21438133596249553, 0.20464374929598625], "topic_strength": 41.85756395138017, "top_10_strength": 4.216902117247814, "label": "Project Structure"}, {"topic_id": 1, "top_words": ["tool", "mcp", "import", "model", "return", "api", "const", "llm", "server", "type", "string", "error", "python", "data", "await", "function", "user", "str", "bun", "result"], "weights": [0.7619555817845434, 0.4350384857763289, 0.39759842021859404, 0.36790302276508746, 0.3429085757863291, 0.30194570222395034, 0.2962836629874696, 0.2568158952879599, 0.2383364854377499, 0.23201334172527596, 0.226039880164981, 0.2223473129924335, 0.21979587307250922, 0.19353050476721248, 0.1906114673968458, 0.18358565345239666, 0.182546178486865, 0.18126468859451833, 0.17982668212863298, 0.17584252464560785], "topic_strength": 37.001035894642925, "top_10_strength": 3.6307991739932888, "label": "Tool & Mcp"}, {"topic_id": 2, "top_words": ["skill", "plugin", "readmemd", "developer", "skillmd", "following", "understand", "read", "context", "purpose", "install", "directory", "project", "access", "frontmatter", "pressure", "space", "markdown", "version", "development"], "weights": [1.5491125128179062, 0.48259940955019426, 0.23490809697989973, 0.22480608993924464, 0.21856676281639353, 0.20356389908500644, 0.19584209960548757, 0.18807122986006816, 0.18081243177074896, 0.18007171463748683, 0.17493988635723567, 0.17399682903643268, 0.1617256842908363, 0.15968402338671314, 0.1588465285092017, 0.15365506942976423, 0.1513659806650695, 0.1500467272649644, 0.14541880625150994, 0.13814119217653315], "topic_strength": 14.640644814329196, "top_10_strength": 3.6583542470624364, "label": "Skill & Plugin"}, {"topic_id": 3, "top_words": ["npm", "frontend", "backend", "build", "react", "dev", "component", "app", "server", "test", "typescript", "lint", "bash", "nextjs", "pnpm", "route", "install", "tailwind", "guideline", "router"], "weights": [1.4171301758542638, 0.386210778596134, 0.31246835260237904, 0.2714455750277897, 0.25726601857532577, 0.25611641128130214, 0.21941112122650844, 0.2031534672993136, 0.2026326272556792, 0.19758299432311796, 0.1896315659480789, 0.18764157948804341, 0.18750465341443112, 0.17290160438331417, 0.171966065162697, 0.17177525414941366, 0.14569136282673523, 0.14437752984718075, 0.14125305993493134, 0.13709476471571652], "topic_strength": 17.737779711207754, "top_10_strength": 3.7234175220418133, "label": "Frontend Development"}, {"topic_id": 4, "top_words": ["work", "task", "issue", "push", "git", "memory", "read", "update", "report", "session", "user", "rule", "ready", "complete", "workflow", "create", "status", "need", "plan", "context"], "weights": [0.5041503320757514, 0.4300954421397782, 0.3513097784884875, 0.2864078023915876, 0.27980105247519804, 0.2731904856438172, 0.2598544909067523, 0.259328135602364, 0.2564416569337229, 0.24647834612234898, 0.20327085191594518, 0.20257528013558174, 0.18654874662879217, 0.17662562738631502, 0.16631005337381705, 0.16418402784713693, 0.16380994540841226, 0.16116378336000345, 0.16090410803555485, 0.15867505903870027], "topic_strength": 30.729396096517643, "top_10_strength": 3.147057522779808, "label": "Work & Task"}], "file_type": "agents_md"}