{"timestamp": "2026-04-18T00:49:56.886062", "success": true, "message": "Analysis complete with 500 files", "files_collected": 500, "topics_discovered": 5, "topics_data": [{"topic_id": 0, "top_words": ["python", "node", "pytest", "ruff", "check", "llm", "install", "model", "method", "audio", "make", "package", "pip", "format", "async", "lint", "provides", "class", "depends", "output"], "weights": [1.3696996485180366, 0.5820632417643123, 0.4167384650561147, 0.3360211401672059, 0.2522120270185153, 0.24776098152853174, 0.2451947145149535, 0.23786995449876616, 0.2210051769114147, 0.2120202289063554, 0.2082625315570145, 0.20569892536833348, 0.19607804164693254, 0.17538689156061807, 0.16483051674116814, 0.16022190645168946, 0.15975926188615144, 0.15638717087338863, 0.15376079652282584, 0.1535774083025248], "topic_strength": 25.203625920740876, "top_10_strength": 4.1205855788842065, "label": "Python & Node"}, {"topic_id": 1, "top_words": ["component", "npm", "page", "cs", "react", "content", "bun", "typescript", "theme", "blog", "site", "markdown", "server", "import", "tailwind", "layout", "dev", "app", "export", "nextjs"], "weights": [0.6708622086427763, 0.639908445197719, 0.4173532522562273, 0.33453418427696247, 0.32272050308743794, 0.311718700630006, 0.2923747642140693, 0.2756192372405462, 0.2664432523232553, 0.23792820384562624, 0.21977851976336443, 0.1996492385537431, 0.19185275399086596, 0.1885401191992387, 0.18522897728130094, 0.18398550548219725, 0.18080540590363858, 0.17910498177318357, 0.17614050762951888, 0.17450685526668477], "topic_strength": 27.190497700584462, "top_10_strength": 3.7694627517146264, "label": "Frontend Development"}, {"topic_id": 2, "top_words": ["agent", "skill", "task", "tool", "mcp", "change", "plan", "read", "work", "instruction", "rule", "git", "user", "context", "commit", "issue", "agentsmd", "memory", "doc", "make"], "weights": [0.556534712399173, 0.5400679644238685, 0.36346551059647886, 0.3341860307393447, 0.31783483467361534, 0.30111714114574867, 0.29992134563714, 0.2979417861201278, 0.2851805016009865, 0.2801812058760673, 0.26870527082964046, 0.2674645381836486, 0.24746228930946876, 0.24581069245382922, 0.24358442379369422, 0.23627280465206713, 0.23155617521443408, 0.22976155241664523, 0.22845455963212968, 0.2224974693697085], "topic_strength": 40.7873243188963, "top_10_strength": 3.5764310332125504, "label": "Agent & Skill"}, {"topic_id": 3, "top_words": ["pnpm", "rust", "component", "package", "typescript", "app", "dev", "vitest", "frontend", "react", "backend", "cargo", "nextjs", "git", "lint", "apps", "spec", "typecheck", "tailwind", "server"], "weights": [1.4810738246972537, 0.37227860796399903, 0.17879994542192112, 0.15244750409955246, 0.14648508118109002, 0.1461136103282195, 0.14293187547229932, 0.14122289543464236, 0.13823527262577584, 0.13394801888645727, 0.12879045250322982, 0.12747824028059246, 0.12346737885852369, 0.12140224719517033, 0.1116424438943513, 0.11140928546356108, 0.10785176839431716, 0.10522279289347258, 0.10335230975559134, 0.0977978410859421], "topic_strength": 14.072296944644533, "top_10_strength": 3.033536636111211, "label": "Frontend Development"}, {"topic_id": 4, "top_words": ["api", "service", "docker", "database", "error", "data", "server", "backend", "user", "npm", "pattern", "endpoint", "http", "module", "migration", "client", "model", "schema", "token", "frontend"], "weights": [0.4691357558271686, 0.3230733462981289, 0.3184512374817351, 0.2857468148807804, 0.24918349942188378, 0.24612145426391932, 0.2275445276156937, 0.21298135679679728, 0.21040157464924147, 0.20710905747077304, 0.20207329561724663, 0.19945565694114095, 0.19889021394451498, 0.1951585136701191, 0.19296015806699035, 0.18953882018565874, 0.17990516555192798, 0.17958684475067332, 0.17688430856767667, 0.17405767792186416], "topic_strength": 38.239737895335075, "top_10_strength": 2.7497486247061214, "label": "Backend Services"}]}