{"timestamp": "2026-03-14T00:21:01.313758", "success": true, "message": "Analysis complete with 500 files", "files_collected": 500, "topics_discovered": 5, "topics_data": [{"topic_id": 0, "top_words": ["npm", "component", "react", "typescript", "cs", "page", "frontend", "dev", "production", "server", "tailwind", "nextjs", "app", "vite", "start", "state", "supabase", "backend", "route", "database"], "weights": [1.3183598740434075, 0.7542280071123665, 0.5164479955127214, 0.5051730999684293, 0.38804838090052224, 0.30696362721016296, 0.2962606550942575, 0.2899831110380931, 0.27890290712990373, 0.27545781673991165, 0.2705132919574373, 0.26026601599775145, 0.2560289188915794, 0.23938382400223107, 0.2334947950743521, 0.2320440803998326, 0.22855636256105963, 0.22770749025645903, 0.21712246240093297, 0.21433419833617418], "topic_strength": 33.72823509202806, "top_10_strength": 4.929825474749776, "label": "Frontend Development"}, {"topic_id": 1, "top_words": ["user", "change", "agent", "task", "tool", "new", "update", "skill", "model", "service", "configuration", "error", "mcp", "state", "check", "git", "session", "context", "validation", "documentation"], "weights": [0.29397429036125394, 0.2817362424181668, 0.25685888907427146, 0.25514111652264515, 0.229843704533587, 0.21359209590841693, 0.2123465246720109, 0.21026487463236151, 0.20937772460866766, 0.20437951487955708, 0.20388182968879168, 0.20289946987161855, 0.19602819253504197, 0.1918254333999809, 0.1888837334391793, 0.18523725172658023, 0.18348233584202545, 0.18022443761351503, 0.17675181420292263, 0.17642284789002796], "topic_strength": 51.37314790457831, "top_10_strength": 2.3675149776109383, "label": "User Interface"}, {"topic_id": 2, "top_words": ["pnpm", "typescript", "schema", "component", "route", "blog", "app", "dev", "nextjs", "apps", "database", "strict", "router", "mode", "lint", "zod", "production", "server", "import", "package"], "weights": [1.5033174625693564, 0.23224136570167533, 0.16937326846986073, 0.16485017050649595, 0.15106219944410357, 0.15031491570980704, 0.14808952666469305, 0.13482539440805896, 0.1233298364675204, 0.11874136068684468, 0.11775248326981275, 0.11488232613667154, 0.11434519685873909, 0.11376051875717312, 0.11247031699969967, 0.11137800607534461, 0.10623409199013016, 0.10391255625828304, 0.1036763545077487, 0.10256888620173284], "topic_strength": 16.135876521757922, "top_10_strength": 2.896145500628416, "label": "Frontend Development"}, {"topic_id": 3, "top_words": ["python", "pytest", "install", "script", "task", "macos", "pip", "model", "image", "import", "venv", "fastapi", "llm", "claudeaicode", "style", "environment", "guidance", "openai", "cli", "docker"], "weights": [1.6859499204915476, 0.4250946943827393, 0.2908856053362675, 0.2529351123020902, 0.22141053885999404, 0.2077016151257502, 0.2039621726038445, 0.18978790399701395, 0.16898925188513647, 0.15792431549566527, 0.15493637074740685, 0.1540064580649519, 0.15250071815823374, 0.1509500755790323, 0.14942287849496252, 0.1455222022950578, 0.13388879909376744, 0.13162924472689874, 0.12632735140556647, 0.12510781317037606], "topic_strength": 20.407048203911085, "top_10_strength": 3.8046411304800487, "label": "Python & Pytest"}, {"topic_id": 4, "top_words": ["bun", "server", "yarn", "typescript", "lint", "package", "react", "format", "client", "instead", "manager", "dev", "prisma", "typecheck", "documentation", "app", "tool", "start", "session", "state"], "weights": [1.4558019472482844, 0.12096298308815881, 0.11719743435525667, 0.1044948689745598, 0.09140372964026701, 0.09038804138224155, 0.08906966367675521, 0.07586941445826464, 0.07497360974365629, 0.07154868567309042, 0.06755918671061906, 0.06708103165239215, 0.06367540672316375, 0.06327070163161753, 0.06296164558057447, 0.060855593240533315, 0.05676793050750661, 0.056212649548958986, 0.04986739286215582, 0.04807665695802477], "topic_strength": 8.755958772762785, "top_10_strength": 2.2917103782405346, "label": "Frontend Development"}]}