{"timestamp": "2026-05-22T03:41:40.612180", "success": true, "message": "Analysis complete with 300 files", "files_collected": 300, "topics_discovered": 5, "topics_data": [{"topic_id": 0, "top_words": ["step", "session", "run", "project", "agent", "decision", "read", "check", "review", "security", "tool", "code", "audit", "change", "task", "question", "rule", "context", "issue", "phase"], "weights": [0.4668159595306184, 0.34457216432674, 0.29897554260685993, 0.28866472109767377, 0.2818299795131299, 0.27863301002163554, 0.2653484811570037, 0.25027279291658494, 0.24384081798434984, 0.23698548960000976, 0.23582359064414737, 0.23394295068962775, 0.22756876850668326, 0.21585375759917808, 0.21083523266122403, 0.20402241558897924, 0.19812886312202396, 0.19669224593876425, 0.194154180709816, 0.18889549384670218], "topic_strength": 51.016019401306934, "top_10_strength": 2.9559389587546057, "label": "Project Structure"}, {"topic_id": 1, "top_words": ["python", "url", "api", "json", "markdown", "html", "google", "search", "java", "pdf", "install", "profile", "slug", "import", "youtube", "archive", "run", "limit", "web", "github"], "weights": [0.9920637794008509, 0.42576158404736303, 0.35815475713374273, 0.2970127563492757, 0.19680069152063184, 0.18573078139717192, 0.167460564332098, 0.16319255872697605, 0.15179738491149572, 0.14437256902220613, 0.13992253741215502, 0.13803721247333095, 0.13625926137591277, 0.13289923326109226, 0.13288649294436727, 0.12932366227214376, 0.12493412033223188, 0.12063378388464042, 0.11905515506026866, 0.11538161320772576], "topic_strength": 15.422290238228857, "top_10_strength": 3.082347426841812, "label": "Data & APIs"}, {"topic_id": 2, "top_words": ["const", "import", "typescript", "return", "component", "await", "react", "data", "string", "function", "type", "async", "export", "value", "token", "sdk", "button", "wallet", "error", "def"], "weights": [0.4866694102719591, 0.4803689557656261, 0.39397160832667166, 0.37240932614308675, 0.37141442693110177, 0.3209225585382256, 0.2481309714077168, 0.24759316675046805, 0.24237563958654712, 0.24180485619178751, 0.20998936051290243, 0.19696950404186772, 0.18131345050692352, 0.17569802012932265, 0.17083883769845107, 0.16789472519655332, 0.15507745738096956, 0.1538444772575322, 0.1478074041101267, 0.14774015375225327], "topic_strength": 25.555491831830537, "top_10_strength": 3.4056609199131906, "label": "Frontend Development"}, {"topic_id": 3, "top_words": ["tsv", "csv", "xcmd", "interactive", "output", "format", "view", "mount", "command", "process", "port", "installation", "table", "route", "json", "raw", "native", "login", "disk", "network"], "weights": [0.6167401931930774, 0.5433519287108436, 0.5393122926676787, 0.3206985063287677, 0.3052697840951586, 0.300620638271226, 0.2703566537936444, 0.2401824250294104, 0.21864985246914037, 0.20957209750953926, 0.18483140805752216, 0.17110932278773325, 0.16734878989245436, 0.1585345756214192, 0.1554151436508788, 0.15425506075909573, 0.15230968840380318, 0.1514090908108334, 0.15056527930604496, 0.13895398328983138], "topic_strength": 13.359477655708595, "top_10_strength": 3.5647543720684856, "label": "Tsv & Csv"}, {"topic_id": 4, "top_words": ["git", "openclaw", "diff", "branch", "pull", "http", "commit", "agent", "memory", "change", "gateway", "request", "app", "response", "main", "workspace", "push", "config", "version", "test"], "weights": [0.9217505386459659, 0.30073838025436817, 0.2633995222808078, 0.2441975671968471, 0.23628442482584378, 0.23555104293353912, 0.18408579826392288, 0.1806185677790745, 0.13523188108574585, 0.13467987514746976, 0.1193584907656204, 0.11582350711517178, 0.11580855294579608, 0.11374300944616055, 0.11257203861318799, 0.1034520873959959, 0.10271080011129538, 0.09361561844599901, 0.0860508049544412, 0.08532489166004825], "topic_strength": 10.085140039657961, "top_10_strength": 2.8365375984135848, "label": "Git & Openclaw"}], "file_type": "skill_md"}