{"timestamp": "2026-02-21T03:22:26.461708", "success": true, "message": "Analysis complete with 500 files", "files_collected": 500, "topics_discovered": 5, "topics_data": [{"topic_id": 0, "top_words": ["change", "tool", "rule", "user", "mcp", "task", "git", "documentation", "error", "update", "add", "configuration", "new", "make", "phase", "data", "check", "read", "create", "agent"], "weights": [0.3995159270803254, 0.3954601366969855, 0.3899181603079124, 0.38949599257078976, 0.3402391267148706, 0.3175513118935982, 0.3144016074016437, 0.30345313374502497, 0.2760417621955772, 0.2698616520391342, 0.2663214744580933, 0.26314523789523075, 0.2628750065629322, 0.24562356192650178, 0.24509574141406779, 0.2429629816666832, 0.2288086976285531, 0.22319053179423778, 0.22039814987190517, 0.2187196899020586], "topic_strength": 58.31756911902796, "top_10_strength": 3.3959388106458617, "label": "User Interface"}, {"topic_id": 1, "top_words": ["npm", "component", "typescript", "react", "page", "cs", "database", "frontend", "app", "const", "server", "backend", "dev", "hook", "state", "import", "production", "nextjs", "data", "tailwind"], "weights": [0.9796241389442534, 0.5379544769944262, 0.4598228862367762, 0.40041750971174916, 0.30130395576694635, 0.25698041250912135, 0.25673791598202444, 0.24685063210833785, 0.2382318847506116, 0.23218230406394383, 0.22665254031756737, 0.21958584928597885, 0.21793069125332287, 0.2140969774264574, 0.21383429038809512, 0.212905608502013, 0.19928169567022325, 0.1865116612557584, 0.18033788102036605, 0.17386649269721838], "topic_strength": 32.250048743702834, "top_10_strength": 3.9101061170681906, "label": "Frontend Development"}, {"topic_id": 2, "top_words": ["python", "model", "llm", "import", "agent", "def", "install", "pip", "docker", "pytest", "fastapi", "notebook", "backend", "script", "return", "tt", "environment", "audio", "csv", "para"], "weights": [1.2725701895663637, 0.2641400480194254, 0.2219868678059146, 0.1805647246223411, 0.14550899403606346, 0.1361238473108278, 0.1329119635723933, 0.13098555286313016, 0.12627964746508255, 0.1227676249964854, 0.1198859004079358, 0.11746241561164925, 0.11399570853126136, 0.11073431888362724, 0.1107066491808388, 0.10315831875949966, 0.10023181413790182, 0.09861326637743724, 0.09763399550418395, 0.09680445921582416], "topic_strength": 16.48600596107642, "top_10_strength": 2.733839460258028, "label": "Python & Model"}, {"topic_id": 3, "top_words": ["bun", "instead", "import", "script", "service", "install", "component", "typescript", "graphql", "pattern", "server", "html", "const", "validation", "dont", "websocket", "web", "hook", "action", "testing"], "weights": [1.5198744958800803, 0.18149295833955242, 0.13950235506694403, 0.12053591724201013, 0.11544771916789702, 0.11480964978434809, 0.10600460323077973, 0.10448875719529416, 0.1019608291184028, 0.09893512713996719, 0.09749185650717695, 0.09241721099441985, 0.08968134498182759, 0.0863871048829805, 0.08551313948910819, 0.07974472095678821, 0.07121299865594695, 0.07014706014816399, 0.07014618597908982, 0.06986605123562531], "topic_strength": 11.633393883940215, "top_10_strength": 2.6030524121652756, "label": "Bun & Instead"}, {"topic_id": 4, "top_words": ["pnpm", "prisma", "package", "nextjs", "app", "workspace", "git", "typescript", "import", "packagejson", "backend", "monorepo", "lint", "frontend", "dev", "control", "tailwind", "web", "router", "generate"], "weights": [1.3689999610873134, 0.3010860388366841, 0.19328638347335841, 0.1810869362904373, 0.14910420000436508, 0.13642507577572915, 0.12753939770677117, 0.12327063762895285, 0.118183736219834, 0.10791442814374749, 0.10657333382788796, 0.10629393517439421, 0.10490909347507943, 0.1030869122719343, 0.09944908208767633, 0.08286008969670983, 0.08217134738354152, 0.08138068328455449, 0.0783743423012217, 0.07734159127178253], "topic_strength": 11.497125702831731, "top_10_strength": 2.8068967951671935, "label": "Frontend Development"}]}