{"timestamp": "2026-03-19T01:01:33.424167", "success": true, "message": "Analysis complete with 500 files", "files_collected": 500, "topics_discovered": 5, "topics_data": [{"topic_id": 0, "top_words": ["task", "change", "agent", "update", "user", "error", "session", "tool", "work", "read", "documentation", "feature", "new", "phase", "implementation", "make", "rule", "context", "commit", "git"], "weights": [0.43922527597000116, 0.38457595218604645, 0.37895042666828216, 0.320935146308345, 0.31128008795374185, 0.30810719649374146, 0.2984848566852841, 0.2910085327118161, 0.2872434316946934, 0.27654496357974456, 0.27095403747799396, 0.27087089868673125, 0.26821876277460127, 0.25985098409396246, 0.25519910904163295, 0.23988186972622164, 0.2384559615135498, 0.2383606277898028, 0.2364004990466225, 0.23073221924854095], "topic_strength": 60.984411734554484, "top_10_strength": 3.2963558702516966, "label": "User Interface"}, {"topic_id": 1, "top_words": ["npm", "typescript", "react", "app", "cs", "supabase", "server", "page", "tailwind", "dev", "backend", "nextjs", "frontend", "start", "production", "router", "vite", "hook", "image", "lint"], "weights": [0.9097504206788384, 0.4185677123156562, 0.39221384442256435, 0.3236649044650481, 0.3220855691590333, 0.3114803812513555, 0.2908052647284066, 0.2730764242792321, 0.26819954963605114, 0.25884150410255874, 0.2504766935853915, 0.2359236747592837, 0.22835935351472178, 0.22174668556042174, 0.2164491890793018, 0.1990825246490174, 0.18791536600812464, 0.1834814597294585, 0.17975161240681864, 0.17514055125795588], "topic_strength": 31.878100089016165, "top_10_strength": 3.7686855750387442, "label": "Frontend Development"}, {"topic_id": 2, "top_words": ["bun", "instead", "import", "typescript", "package", "script", "react", "lint", "manager", "install", "indexts", "screen", "tui", "module", "node", "testing", "check", "nodejs", "const", "html"], "weights": [1.5213174114025674, 0.27946755475648954, 0.18433768045040624, 0.1595791655176947, 0.15224976073029836, 0.13095050956406162, 0.10826771130087562, 0.09639752019408829, 0.09398117404123557, 0.09197681849036651, 0.08878705740301243, 0.08290941281880311, 0.08172344705659912, 0.08144295051047723, 0.07733150323838026, 0.07255129622640229, 0.06981142978155475, 0.06927051925391499, 0.06755095981903109, 0.06457578416330681], "topic_strength": 10.860041761861073, "top_10_strength": 2.8185253064480835, "label": "Frontend Development"}, {"topic_id": 3, "top_words": ["python", "model", "pytest", "install", "fastapi", "llm", "script", "docker", "environment", "config", "training", "package", "configuration", "str", "json", "cli", "pip", "make", "import", "active"], "weights": [1.2184989451275672, 0.22141154489008288, 0.2182298767702537, 0.20259412002053676, 0.18541194154393623, 0.17413031657432446, 0.17228441965226932, 0.16630135618172406, 0.1427145522386011, 0.13675156326912982, 0.11774598856441305, 0.11018333387926307, 0.1081459849100207, 0.10561375502179217, 0.1025328023385798, 0.0995724532288206, 0.09922185447079883, 0.09667967441096681, 0.09334445477117145, 0.09309075651993157], "topic_strength": 15.753360563405902, "top_10_strength": 2.8383286362684257, "label": "Python & Model"}, {"topic_id": 4, "top_words": ["pnpm", "backend", "frontend", "package", "make", "dev", "story", "typescript", "workspace", "router", "database", "deploy", "nextjs", "card", "app", "monorepo", "server", "prisma", "postgresql", "prettier"], "weights": [1.2440348389345046, 0.1971423911629536, 0.15473154947088946, 0.14742235531257886, 0.14499317154627278, 0.12521441261602193, 0.1167487411358676, 0.10369611542638518, 0.09976150153234015, 0.09229675689951457, 0.09195118865241758, 0.08790605751194462, 0.08703316196737233, 0.08689009884470432, 0.08480826761879696, 0.07767862592067888, 0.07745186068104076, 0.07551768975341927, 0.07462356563648977, 0.07351691600549638], "topic_strength": 12.376247181093754, "top_10_strength": 2.4260418340373286, "label": "Frontend Development"}]}