{"timestamp": "2026-07-19T03:20:05.455177", "success": true, "message": "Analysis complete with 500 files", "files_collected": 500, "topics_discovered": 5, "topics_data": [{"topic_id": 0, "top_words": ["build", "cargo", "issue", "package", "commit", "release", "doc", "work", "check", "repository", "update", "git", "version", "new", "rule", "behavior", "command", "prefer", "source", "repo"], "weights": [0.38700141151253, 0.36586471798972847, 0.34807783853240665, 0.3469354589289502, 0.31461112394442475, 0.30862133569603345, 0.3085345094540169, 0.30747539344476194, 0.30365035832772297, 0.30131935805898497, 0.2980870290480073, 0.28720540648302945, 0.28160129357786234, 0.2801790801258722, 0.2762318639801823, 0.2697341121594878, 0.26703555240639537, 0.254743204968476, 0.2540175196981046, 0.2530879370625101], "topic_strength": 53.53517667088427, "top_10_strength": 3.29209150588956, "label": "Deployment & Build"}, {"topic_id": 1, "top_words": ["tool", "python", "model", "llm", "import", "return", "mcp", "str", "prompt", "description", "result", "error", "data", "execution", "api", "event", "task", "job", "optional", "def"], "weights": [1.1086685103609237, 0.4665375528204723, 0.4403997596508073, 0.36062940566652824, 0.3465093868148122, 0.3305963608987695, 0.30480173875891586, 0.2800112618411405, 0.27504081477914266, 0.23295097223857014, 0.2150199802009841, 0.213462152939885, 0.1956785386079756, 0.18575382912993796, 0.17835369535788023, 0.1772833034240418, 0.17622757009792528, 0.1736761666758023, 0.1721177753049322, 0.1718624018026561], "topic_strength": 38.699303506768985, "top_10_strength": 4.146145763830082, "label": "Tool & Python"}, {"topic_id": 2, "top_words": ["skill", "plugin", "engineer", "understand", "following", "read", "developer", "para", "readmemd", "purpose", "pressure", "space", "access", "context", "install", "version", "subagent", "development", "scenario", "markdown"], "weights": [1.580743716021565, 0.5181544746227116, 0.27130600329427373, 0.23034995969458777, 0.21734402000963438, 0.2172651443698365, 0.20873570823578114, 0.208450492157156, 0.2010139418789824, 0.19229274449508763, 0.190699123625331, 0.19005057712573, 0.18281928960698504, 0.1805814233648035, 0.16577625190679704, 0.15237846395925694, 0.14726192694233772, 0.14038143975167128, 0.1332775125398182, 0.12672273489415373], "topic_strength": 15.230994094172225, "top_10_strength": 3.845656204779616, "label": "Skill & Plugin"}, {"topic_id": 3, "top_words": ["npm", "bun", "build", "api", "frontend", "typescript", "import", "lint", "component", "dev", "app", "react", "type", "eslint", "bash", "route", "vite", "guideline", "asset", "backend"], "weights": [1.2836145772180467, 0.6073868336985518, 0.4063342830728113, 0.3745879810109602, 0.34830360860777493, 0.3029021931670764, 0.28513976052585444, 0.2594715089833144, 0.258826703841279, 0.25556336080796954, 0.22049938095175242, 0.21574435828661936, 0.2104870747595078, 0.19601947693372154, 0.18639018846521918, 0.18509567880698582, 0.18074578256100574, 0.17275753458554075, 0.16399365969773985, 0.15549505679640876], "topic_strength": 32.01733184118903, "top_10_strength": 4.3821308109336385, "label": "Frontend Development"}, {"topic_id": 4, "top_words": ["pnpm", "backend", "frontend", "lint", "vite", "dev", "apps", "typescript", "component", "filter", "typecheck", "package", "playwright", "exec", "install", "commit", "command", "type", "build", "web"], "weights": [1.3813744396048853, 0.23346404239094445, 0.22176800574779926, 0.17828889950215032, 0.16928569548571934, 0.16027134990395553, 0.14119796859821465, 0.13532954961212032, 0.1250130624030383, 0.122217991672542, 0.11560780937223164, 0.11296057258901554, 0.1122276512007019, 0.10797843907163512, 0.10660652943614463, 0.10594428530624254, 0.09664626630113857, 0.09394266586689494, 0.09346581850373974, 0.09298866083776262], "topic_strength": 10.946393109598613, "top_10_strength": 2.868211004921369, "label": "Frontend Development"}], "file_type": "agents_md"}