{"timestamp": "2026-05-06T00:08:19.376801", "success": true, "message": "Analysis complete with 500 files", "files_collected": 500, "topics_discovered": 5, "topics_data": [{"topic_id": 0, "top_words": ["string", "service", "data", "user", "const", "return", "error", "function", "database", "supabase", "table", "import", "client", "type", "route", "typescript", "admin", "order", "state", "export"], "weights": [0.4623942164549212, 0.4617626253980739, 0.39602158646522734, 0.3643960435222855, 0.34738295743923076, 0.3397167370255234, 0.33411820841527184, 0.298954277455059, 0.27462315830278394, 0.27067527215489534, 0.26034503918616697, 0.26009474974351493, 0.25874374411382506, 0.24796310469743335, 0.24509583697989493, 0.24497599662108166, 0.24364118000148793, 0.24028249199568388, 0.2381325086599055, 0.23047113954741458], "topic_strength": 48.432991481396925, "top_10_strength": 3.550045082633272, "label": "Data & APIs"}, {"topic_id": 1, "top_words": ["npm", "component", "react", "dev", "nextjs", "cs", "page", "typescript", "server", "production", "tailwind", "app", "start", "eslint", "lint", "development", "preview", "frontend", "router", "vite"], "weights": [1.2044378921171728, 0.5073096093741913, 0.3880684152756376, 0.30311411863680854, 0.27741529212787297, 0.2745133631635839, 0.2705805169822796, 0.2693137535113187, 0.23838326762455248, 0.22164686637044917, 0.21480216167106927, 0.19739222267886505, 0.1894743335184734, 0.18535868396528138, 0.18349450161147093, 0.18107024854481785, 0.1775490082537706, 0.15473359787330856, 0.14853384806627784, 0.14829435758178836], "topic_strength": 20.523379087588992, "top_10_strength": 3.954783095183867, "label": "Frontend Development"}, {"topic_id": 2, "top_words": ["agent", "git", "task", "change", "commit", "work", "session", "read", "ssh", "plan", "skill", "fix", "step", "rule", "workflow", "instruction", "spec", "push", "ask", "user"], "weights": [0.5648559560972205, 0.5075780748295052, 0.449791580983134, 0.3995198293274545, 0.33599579765379234, 0.33593878443924885, 0.31555454764827545, 0.28000960927536617, 0.2632205532913617, 0.2565524964784965, 0.25437616680979663, 0.249035176963875, 0.2462750712796702, 0.24076746927247825, 0.21989458624829525, 0.21066679662285004, 0.20324046589378592, 0.19940122854811038, 0.1896390048673053, 0.18862205608755356], "topic_strength": 30.94168969100391, "top_10_strength": 3.7090172300238553, "label": "Agent & Git"}, {"topic_id": 3, "top_words": ["pnpm", "prisma", "typescript", "package", "schema", "nextjs", "component", "dev", "supabase", "type", "backend", "database", "lint", "auth", "bun", "monorepo", "zod", "router", "client", "typecheck"], "weights": [1.283712498880273, 0.2932534723294586, 0.18709940985592846, 0.17446013520522693, 0.17312081435474935, 0.16436710959023274, 0.15101274557760988, 0.14864025486822785, 0.14503531818780346, 0.14304883852998937, 0.14230138850075633, 0.1402402432565664, 0.1398885899961499, 0.13210746310893107, 0.12509781080637605, 0.11056008295525979, 0.10790409739554864, 0.10783207051392704, 0.10715308801236181, 0.10447057306365978], "topic_strength": 13.778407800899632, "top_10_strength": 2.8637505973794997, "label": "Frontend Development"}, {"topic_id": 4, "top_words": ["python", "model", "tool", "configuration", "mcp", "script", "cli", "llm", "make", "output", "html", "image", "json", "template", "install", "path", "data", "development", "server", "prompt"], "weights": [0.6928989753290912, 0.3481641404199673, 0.25178326586118205, 0.23651700203563666, 0.23186915213120637, 0.22138601418021175, 0.21194492993775157, 0.2003175837690434, 0.1953744072594731, 0.18595927979731533, 0.1806833084980105, 0.18067086546863334, 0.1797675645157132, 0.17810081781744366, 0.17770875279502676, 0.17668613599378633, 0.1716509086244249, 0.1637310374835887, 0.1572416236792518, 0.15506594383483188], "topic_strength": 33.947858753395224, "top_10_strength": 2.7762147507208788, "label": "Python & Model"}]}