{"timestamp": "2026-07-10T03:49:43.852904", "success": true, "message": "Analysis complete with 500 files", "files_collected": 500, "topics_discovered": 5, "topics_data": [{"topic_id": 0, "top_words": ["change", "build", "npm", "project", "package", "doc", "command", "make", "bash", "commit", "update", "behavior", "check", "cli", "git", "module", "version", "prefer", "rule", "dependency"], "weights": [0.5653971823578112, 0.4909236632028782, 0.4652643343066931, 0.41630841385177214, 0.33239382742632606, 0.3299179556256047, 0.31130479295963226, 0.3074478391337565, 0.2910953821980471, 0.28937832098983396, 0.2828655189198097, 0.2762338110469193, 0.2753038171941207, 0.26698405321959556, 0.2646357659061515, 0.26304963281409993, 0.26157550104676924, 0.25827720552144506, 0.24994400156852936, 0.24430725008314588], "topic_strength": 53.24068098403086, "top_10_strength": 3.799431712052356, "label": "Project Structure"}, {"topic_id": 1, "top_words": ["tool", "model", "import", "return", "llm", "const", "python", "task", "result", "subagent", "data", "str", "context", "prompt", "user", "def", "step", "subagents", "function", "error"], "weights": [0.3838651091145063, 0.34354970008838104, 0.31999592458329074, 0.3057791396540949, 0.2975267593376901, 0.28649781837432114, 0.2593950899086788, 0.25273928491052006, 0.23343131453394425, 0.23133205590800313, 0.2285773243643444, 0.22085104152422133, 0.21602896971330032, 0.19649015464995268, 0.19575713811799428, 0.1920860545061966, 0.18472116584263293, 0.1722633293821436, 0.1713285826251252, 0.167609617887152], "topic_strength": 38.35709076579222, "top_10_strength": 2.914112196413431, "label": "Tool & Model"}, {"topic_id": 2, "top_words": ["pnpm", "typescript", "bun", "package", "lint", "shared", "frontend", "extension", "build", "typecheck", "post", "install", "import", "backend", "helper", "component", "vite", "type", "dev", "api"], "weights": [1.6538312039078125, 0.2164206125089541, 0.19977011093757213, 0.19000943046729676, 0.18705894609064933, 0.18147792806678206, 0.16352210083392163, 0.15902980261985822, 0.15079309142528036, 0.1507594400112439, 0.14819195912672006, 0.1471374187489266, 0.1401998772732184, 0.13410919702213858, 0.13031283696064141, 0.12878215542950197, 0.1278489422841601, 0.12460023506755126, 0.12406538971015903, 0.11245696012822479], "topic_strength": 13.182811566897309, "top_10_strength": 3.252672666869371, "label": "Frontend Development"}, {"topic_id": 3, "top_words": ["mcp", "component", "tool", "server", "flow", "skill", "connect", "docker", "connection", "workspace", "protocol", "claude", "context", "cli", "database", "model", "chatgpt", "bash", "using", "available"], "weights": [1.2443822555410995, 0.6291911254074756, 0.6044002543190357, 0.3237736975052782, 0.2733735324200301, 0.2507085099463313, 0.1964707613743499, 0.12513608490533137, 0.11899758018241521, 0.11845972674093595, 0.11501761142575603, 0.11069057180682627, 0.09821555019713896, 0.09690355805597933, 0.095445948041901, 0.0931981067848336, 0.0923233408267739, 0.08677493913935752, 0.08575190138834356, 0.08515192187142614], "topic_strength": 13.293369547058266, "top_10_strength": 3.8848935283422827, "label": "Mcp & Component"}, {"topic_id": 4, "top_words": ["para", "que", "del", "por", "agentes", "agente", "com", "cdigo", "como", "java", "agentsmd", "opencode", "todo", "plan", "repo", "markdown", "app", "post", "site", "claude"], "weights": [0.9484630094480601, 0.5672998105551692, 0.38409832992327536, 0.34245205267879286, 0.2989713504248821, 0.29812471201093216, 0.24830781282195433, 0.24635950050402666, 0.2304172132065985, 0.15904810670488911, 0.12221857357192133, 0.10148835138936342, 0.095698858653476, 0.08616708975399245, 0.08418153274945837, 0.07352196291683664, 0.062213788149555166, 0.06081727545704056, 0.06023049560574562, 0.05692018530925442], "topic_strength": 7.943734842233697, "top_10_strength": 3.723541898278581, "label": "Para & Que"}], "file_type": "agents_md"}