{"timestamp": "2026-06-19T03:44:15.385937", "success": true, "message": "Analysis complete with 500 files", "files_collected": 500, "topics_discovered": 5, "topics_data": [{"topic_id": 0, "top_words": ["change", "build", "doc", "python", "prefer", "package", "behavior", "make", "module", "version", "command", "update", "documentation", "repository", "commit", "dependency", "existing", "release", "cargo", "repo"], "weights": [0.6670983345281069, 0.4405968747308992, 0.37975669890773506, 0.3700802363436875, 0.31955249322027696, 0.3138600815221741, 0.3053664282486075, 0.3047954361583081, 0.2983706551223152, 0.2903950700816146, 0.2846760870392403, 0.28265232197614193, 0.27978002426785015, 0.27617860252918436, 0.2671486242839414, 0.26318037917847803, 0.2562407523492727, 0.24053747546174928, 0.23013990593381994, 0.2293146753285132], "topic_strength": 47.79225349140412, "top_10_strength": 3.6898723088637246, "label": "Deployment & Build"}, {"topic_id": 1, "top_words": ["skill", "skillmd", "directory", "markdown", "frontmatter", "pressure", "script", "reference", "claude", "description", "para", "scenario", "del", "user", "trigger", "review", "example", "contains", "workflow", "plugin"], "weights": [1.6514489090607358, 0.34969096866590627, 0.26412824325698236, 0.19185462252385163, 0.1875957038926491, 0.16508265604214978, 0.16223919857667182, 0.15656648950799237, 0.14888840779518137, 0.12715038500099285, 0.11807575950434214, 0.11678594144708185, 0.11149357879175105, 0.10580574206029922, 0.10391848616895663, 0.10316783017478544, 0.10202063119640181, 0.09985406111260633, 0.09645235529137028, 0.09479839476184769], "topic_strength": 16.32283673113129, "top_10_strength": 3.4046455843231143, "label": "File Management"}, {"topic_id": 2, "top_words": ["npm", "typescript", "api", "component", "build", "import", "react", "dev", "astro", "hook", "type", "prettier", "server", "eslint", "bun", "bash", "route", "frontend", "cs", "nextjs"], "weights": [1.3782902080800263, 0.39925430643055154, 0.3110127396108611, 0.3057441617117338, 0.3016613667354626, 0.24643955527305467, 0.24392884521191835, 0.23962127507067293, 0.22673258002256036, 0.2195056347259946, 0.2079107352025527, 0.1942810707487507, 0.19232987810664556, 0.19102383566211809, 0.18096350451463925, 0.18046272100382993, 0.1790651241366913, 0.1741441316541696, 0.17383806502533403, 0.17378007452955938], "topic_strength": 24.99921822349652, "top_10_strength": 3.8721906728728364, "label": "Frontend Development"}, {"topic_id": 3, "top_words": ["tool", "task", "mcp", "model", "memory", "user", "work", "json", "session", "return", "report", "llm", "context", "prompt", "execution", "api", "error", "need", "default", "import"], "weights": [0.6108823759721801, 0.3631034704332667, 0.2736991019266508, 0.2673148525336802, 0.23841376560875488, 0.2267492336465496, 0.2153093480380737, 0.2060491900119046, 0.20122400430962561, 0.20068209473651447, 0.18340959538508042, 0.1832626390388398, 0.17892814240507415, 0.1775800404717818, 0.17517264389874054, 0.1750072359609153, 0.16954312733879867, 0.167714349414418, 0.1675043725317024, 0.1673609130948561], "topic_strength": 39.06929977165724, "top_10_strength": 2.803427437217201, "label": "Tool & Task"}, {"topic_id": 4, "top_words": ["pnpm", "component", "frontend", "rust", "cargo", "type", "backend", "vite", "lint", "workspace", "typescript", "typecheck", "store", "cli", "tailwind", "check", "dev", "export", "provider", "hook"], "weights": [1.3663576204240722, 0.333651603141286, 0.196976152734091, 0.1674300679293611, 0.1638885288388726, 0.15114144845803998, 0.1444092944348535, 0.13697425218776657, 0.13388424458750475, 0.12010729989015974, 0.11115391533854414, 0.10858595629883878, 0.09998268446747187, 0.09855749279036959, 0.09606153418701947, 0.0957063958534062, 0.0916565373766926, 0.09122119461741282, 0.09088134031065946, 0.08489177947426176], "topic_strength": 11.188377322773713, "top_10_strength": 2.914820512626007, "label": "Frontend Development"}], "file_type": "agents_md"}