{"timestamp": "2026-06-21T03:05:57.797122", "success": true, "message": "Analysis complete with 500 files", "files_collected": 500, "topics_discovered": 5, "topics_data": [{"topic_id": 0, "top_words": ["project", "behavior", "package", "prefer", "doc", "make", "build", "feature", "new", "issue", "documentation", "update", "function", "data", "rule", "work", "script", "dependency", "module", "user"], "weights": [0.42055077862051393, 0.3117131746074635, 0.3111285001392641, 0.30475741607152, 0.2911412605706739, 0.28853355573471456, 0.2840026225864799, 0.2834768435961914, 0.26713625451617823, 0.2666212623598734, 0.2644062148537993, 0.26144664013651003, 0.2573841547884738, 0.25387631776571645, 0.2527248390182863, 0.2495151433439083, 0.24559093432753804, 0.24379305224868017, 0.24310130174791147, 0.24198418758633808], "topic_strength": 57.57311194444531, "top_10_strength": 3.029061668802873, "label": "Project Structure"}, {"topic_id": 1, "top_words": ["npm", "frontend", "pnpm", "backend", "build", "typescript", "component", "lint", "dev", "react", "bash", "api", "bun", "server", "type", "import", "app", "guideline", "install", "eslint"], "weights": [1.155024964451387, 0.5027958575096594, 0.4106560692091632, 0.4045270275327765, 0.33958205296686733, 0.3047443262427753, 0.2585782220103596, 0.25321490108782546, 0.23829466931846088, 0.2282561559406782, 0.22133485264507977, 0.20640951898676718, 0.20617947881179896, 0.1888747640587835, 0.17363635621822102, 0.1659509178759724, 0.16420505891103032, 0.1566469301252268, 0.15169889771370001, 0.13815298767037137], "topic_strength": 19.320644797561563, "top_10_strength": 4.095674246269953, "label": "Frontend Development"}, {"topic_id": 2, "top_words": ["skill", "skillmd", "para", "del", "markdown", "npx", "directory", "pressure", "script", "review", "project", "reference", "claude", "scenario", "description", "output", "que", "add", "frontmatter", "codex"], "weights": [1.6960040424122964, 0.25364431947555366, 0.18411459358793605, 0.17276881022675644, 0.14919518794577608, 0.14683023257247235, 0.1407548522984177, 0.1343956753731313, 0.1303488171123592, 0.11059925037653152, 0.11053037344938665, 0.10614801775654575, 0.10409458684044791, 0.10029872004716628, 0.09279207619526703, 0.09106541095825899, 0.08685147690509011, 0.08626090421545417, 0.08450537707196655, 0.08309232386466796], "topic_strength": 13.895196226831157, "top_10_strength": 3.1186557813812312, "label": "Skill & Skillmd"}, {"topic_id": 3, "top_words": ["cargo", "rust", "fmt", "workspace", "release", "check", "warning", "cli", "build", "config", "bash", "error", "command", "formatting", "add", "commit", "generated", "pnpm", "provider", "testing"], "weights": [1.585454080128254, 0.5290880188387738, 0.3986168309084334, 0.3392233064244238, 0.2520434955361687, 0.250302583785268, 0.21255505070045017, 0.19633509658002543, 0.16512238499108767, 0.1439574118029866, 0.13932427580845952, 0.12248930480820636, 0.09432811008634458, 0.09107986046108509, 0.08272122627971203, 0.0755703635313064, 0.07452337683929032, 0.07352919810717043, 0.07343442327894133, 0.07144243786537405], "topic_strength": 12.689420862787307, "top_10_strength": 4.072698259695871, "label": "Cargo & Rust"}, {"topic_id": 4, "top_words": ["tool", "mcp", "import", "return", "python", "model", "llm", "const", "string", "str", "description", "server", "json", "prompt", "job", "error", "event", "default", "sdk", "await"], "weights": [1.0836814625446267, 0.47296766856816286, 0.42607640333241303, 0.37136460602247634, 0.3580341942182444, 0.34344929421111176, 0.3339393515484336, 0.3304134145527529, 0.2247551850290289, 0.22005908591295195, 0.21294839968714369, 0.21008871068854632, 0.20906746293993198, 0.2057470193734245, 0.18865165200264922, 0.18816283868701117, 0.1756030349303153, 0.17463946803142902, 0.1706821898494861, 0.16455830923509573], "topic_strength": 36.87122562284185, "top_10_strength": 4.164740665940203, "label": "Tool & Mcp"}], "file_type": "agents_md"}