{"timestamp": "2026-07-21T03:49:56.113921", "success": true, "message": "Analysis complete with 500 files", "files_collected": 500, "topics_discovered": 5, "topics_data": [{"topic_id": 0, "top_words": ["agent", "file", "run", "tool", "test", "check", "mcp", "project", "code", "bash", "fix", "session", "command", "git", "task", "phase", "read", "change", "workflow", "prompt"], "weights": [0.7153952340864097, 0.5726493659002303, 0.5548989849083388, 0.4002372135916722, 0.35957237754726956, 0.30233949882378436, 0.3001946182423092, 0.2952956708485567, 0.28580081082854514, 0.27577666472980283, 0.2726036272432, 0.2555101556954979, 0.2547785100515463, 0.23830897134615084, 0.2322183565753269, 0.22911251482593856, 0.2209629628806559, 0.2157043617800383, 0.21162292023519721, 0.20463426772825877], "topic_strength": 50.18011041793916, "top_10_strength": 4.062160439506919, "label": "File Management"}, {"topic_id": 1, "top_words": ["und", "oder", "die", "der", "mit", "form", "email", "live", "output", "register", "matrix", "template", "screenshot", "pdf", "text", "act", "compliance", "dashboard", "license", "status"], "weights": [1.6464158533952156, 0.6654672329352931, 0.3610177721368093, 0.33406841178863383, 0.2005747886416154, 0.06028309623085322, 0.05660646765617809, 0.049561990649355715, 0.0397425313750699, 0.032334814388572074, 0.02964864507806588, 0.018282229418411226, 0.018068422213750764, 0.015761536852501732, 0.013059499988848585, 0.012259132761731045, 0.01143882037909828, 0.011143330438310103, 0.008849364713152733, 0.0080657915395648], "topic_strength": 3.7647529663278645, "top_10_strength": 3.4460729591975965, "label": "Und & Oder"}, {"topic_id": 2, "top_words": ["python", "bash", "model", "json", "image", "import", "api", "video", "output", "cli", "url", "data", "install", "input", "chrome", "quantization", "html", "markdown", "text", "search"], "weights": [1.2234485321178443, 0.4459870172159189, 0.3390939741053925, 0.2928431386189005, 0.27975586642822414, 0.24177713380496152, 0.18956188878753735, 0.18866619651678246, 0.1826515178733137, 0.1659024347788782, 0.15878978775459357, 0.1428333172466509, 0.14172888908391, 0.13694307214008244, 0.13408008124859266, 0.13178161729202, 0.12524065738166096, 0.11484520568825606, 0.1147357154900894, 0.11074548327540845], "topic_strength": 18.039707251260445, "top_10_strength": 3.5496877002477536, "label": "Python & Bash"}, {"topic_id": 3, "top_words": ["const", "await", "async", "import", "return", "string", "typescript", "function", "firebase", "error", "data", "export", "email", "test", "null", "yield", "para", "userid", "true", "service"], "weights": [0.7948214495982187, 0.5600216125255524, 0.4027536566105223, 0.37349707169686297, 0.35791668627971673, 0.3017255078015743, 0.23800514110986493, 0.2108732707811816, 0.19225969582987246, 0.17632779812108884, 0.17422703886391666, 0.17069628787577296, 0.16929984773252005, 0.15979920901502542, 0.14960152323522352, 0.1480629238879184, 0.14534737992240593, 0.13571795717149251, 0.13309731589751705, 0.1318527415417696], "topic_strength": 21.78829479519015, "top_10_strength": 3.6082018903544553, "label": "Const & Await"}, {"topic_id": 4, "top_words": ["step", "goal", "component", "design", "quality", "context", "metric", "item", "format", "review", "research", "plan", "analysis", "output", "product", "track", "best", "scale", "practice", "task"], "weights": [0.5055083954336024, 0.3558806230380849, 0.31863836299666504, 0.30021978364955315, 0.29632739037526906, 0.27879191631196465, 0.2603975727037906, 0.23218249966111945, 0.19357774770212346, 0.1905581457017661, 0.18899903796099307, 0.18893963506234382, 0.18439168172215556, 0.17808426336815203, 0.17755512206171384, 0.16933070454636212, 0.1681891950753711, 0.16744741311583372, 0.16365412088925474, 0.16277059572033423], "topic_strength": 27.70505838295657, "top_10_strength": 2.9320824375739387, "label": "Step & Goal"}], "file_type": "skill_md"}