{"timestamp": "2026-03-06T00:27:15.945979", "success": true, "message": "Analysis complete with 500 files", "files_collected": 500, "topics_discovered": 5, "topics_data": [{"topic_id": 0, "top_words": ["python", "node", "model", "pytest", "install", "method", "check", "ruff", "pipeline", "package", "configuration", "module", "training", "script", "llm", "example", "pip", "class", "audio", "analysis"], "weights": [1.1622464210079524, 0.4130498540859543, 0.4042051044639263, 0.3261315857633606, 0.25161051055309086, 0.2431591802585204, 0.23396739122377228, 0.22249834627226114, 0.21590789787946207, 0.20198711841804878, 0.20116846542894742, 0.19842612056126935, 0.18973087996218477, 0.18935749620083558, 0.18900975509316523, 0.1887326560527963, 0.18655477217895133, 0.18236290799757024, 0.18009005113812318, 0.17958227642769073], "topic_strength": 36.5221044506377, "top_10_strength": 3.6747634099263484, "label": "Python & Node"}, {"topic_id": 1, "top_words": ["npm", "api", "typescript", "react", "component", "frontend", "database", "backend", "server", "user", "client", "route", "dev", "service", "prisma", "auth", "production", "start", "query", "schema"], "weights": [0.9465145100845429, 0.5067051156719075, 0.4884069672014797, 0.3614187016946842, 0.3393757036448267, 0.33402610009924943, 0.32847825615153714, 0.3143041268982171, 0.2805517997639344, 0.23735328859098967, 0.23152221072639734, 0.23007773419135194, 0.2153003282600693, 0.21011012283069905, 0.20995262211242, 0.2019003690458648, 0.19833788394580518, 0.1921829662647923, 0.19206095677639937, 0.19143137973052954], "topic_strength": 31.575360085904713, "top_10_strength": 4.137134569801369, "label": "Frontend Development"}, {"topic_id": 2, "top_words": ["pnpm", "package", "lint", "vue", "app", "typescript", "component", "nextjs", "dev", "typecheck", "install", "apps", "prettier", "server", "vitest", "slack", "schema", "workspace", "import", "frontend"], "weights": [1.556687397272568, 0.2731359155425283, 0.1776825397279011, 0.1549181321379184, 0.15091661740747556, 0.14820349811683523, 0.1412028311371049, 0.1402059366665788, 0.1260226359827772, 0.12240153009421378, 0.11219141463773583, 0.10234060809755936, 0.09676605189223896, 0.09406465577749441, 0.09173989346626853, 0.09076404307699165, 0.08819778024049363, 0.08628606881195043, 0.0857103632684502, 0.08362495201604617], "topic_strength": 12.644638921279938, "top_10_strength": 2.991377034085901, "label": "Frontend Development"}, {"topic_id": 3, "top_words": ["page", "content", "component", "site", "theme", "property", "blog", "cs", "color", "javascript", "static", "layout", "section", "tailwind", "html", "markdown", "link", "game", "navigation", "text"], "weights": [0.5021228735041442, 0.4053244321862339, 0.3561556689775276, 0.2989612712397772, 0.23297086614245827, 0.22563716851481963, 0.21721411613287792, 0.21290677862957919, 0.19190051431188168, 0.18237948725457018, 0.16949817669268866, 0.16686147263410503, 0.1666588708462564, 0.16562581232386045, 0.1653398533805124, 0.16433995871874696, 0.16167358696064685, 0.15926000471226415, 0.15722681389190954, 0.14859085783964215], "topic_strength": 25.295867360767964, "top_10_strength": 2.825573176893869, "label": "Page & Content"}, {"topic_id": 4, "top_words": ["agent", "task", "change", "git", "instruction", "user", "read", "documentation", "work", "commit", "rule", "dont", "make", "feature", "tool", "review", "workflow", "follow", "create", "context"], "weights": [0.4391476760677828, 0.4363710734084187, 0.30972925719702216, 0.24745163875576437, 0.24122519334659182, 0.2210050152783102, 0.2140847507378792, 0.20542727738259012, 0.20540642839210582, 0.19733222519753085, 0.19431946317154203, 0.19081837663734852, 0.18610996112697764, 0.18003334765673507, 0.1793871154803263, 0.1712444713886178, 0.17077003665682358, 0.16852409242242622, 0.16560481929136522, 0.1632353436018171], "topic_strength": 31.773389965154447, "top_10_strength": 2.717180535763996, "label": "Agent & Task"}]}