{"timestamp": "2026-05-24T03:56:21.051307", "success": true, "message": "Analysis complete with 500 files", "files_collected": 500, "topics_discovered": 5, "topics_data": [{"topic_id": 0, "top_words": ["npm", "component", "react", "typescript", "pnpm", "server", "dev", "cs", "page", "app", "route", "production", "import", "frontend", "const", "type", "state", "nextjs", "hook", "tailwind"], "weights": [0.9602690082614969, 0.6765166152120905, 0.43559217263924765, 0.4345281495999097, 0.3472797411617694, 0.3357242374364165, 0.32084151499144636, 0.3001631253822754, 0.2909145242639435, 0.2782284572066435, 0.2661059893777616, 0.2541294298069865, 0.2533887676824764, 0.24049219955091927, 0.23743099447460847, 0.23680846641019077, 0.2333881516616528, 0.2291278667643722, 0.22813065140958058, 0.2255853813670748], "topic_strength": 43.393803874934434, "top_10_strength": 4.380057546155239, "label": "Frontend Development"}, {"topic_id": 1, "top_words": ["change", "rule", "read", "task", "skill", "agent", "git", "plan", "work", "tool", "feature", "follow", "check", "implementation", "commit", "context", "coding", "session", "doc", "user"], "weights": [0.45710706956683156, 0.4068989339472691, 0.3805026439220926, 0.36769110096271934, 0.3329584344825121, 0.3208075781154998, 0.3023455795783836, 0.29665842677449017, 0.2841305029595338, 0.2772451713810466, 0.26429611188455715, 0.26235655898651844, 0.2594358444452004, 0.2591845916510893, 0.25491245495238235, 0.2543364052617679, 0.24342777839002835, 0.24177269577979263, 0.23933804766916705, 0.23850309630645908], "topic_strength": 49.84321760552896, "top_10_strength": 3.4263454416903785, "label": "Change & Rule"}, {"topic_id": 2, "top_words": ["agentsmd", "pnpm", "agent", "source", "best", "stay", "practice", "truth", "repository", "behavior", "manager", "note", "requirement", "instruction", "guidance", "package", "hook", "single", "touch", "skill"], "weights": [1.782719980944169, 0.10824350524854116, 0.09223624756777389, 0.08589882860751684, 0.07592660457825266, 0.0748790659203389, 0.06996826836632129, 0.06781344070560005, 0.06497641787563302, 0.05875992145500821, 0.055281524507964405, 0.054177382807449596, 0.049366257720271894, 0.047408015068192234, 0.04713089855866765, 0.04703553257395689, 0.04465316648047664, 0.03940035004373522, 0.0358929781926935, 0.03585946757444982], "topic_strength": 3.7973178179285294, "top_10_strength": 2.481422281269155, "label": "Frontend Development"}, {"topic_id": 3, "top_words": ["python", "model", "pytest", "script", "data", "install", "server", "configuration", "mainpy", "prompt", "output", "pipeline", "config", "docker", "post", "cli", "json", "path", "default", "pip"], "weights": [0.8782347651945647, 0.391129867875715, 0.22737253363517293, 0.21951465207543092, 0.201563470580601, 0.20137446394220251, 0.18269166382536325, 0.17392511667654106, 0.17371483283673386, 0.17346476116064846, 0.17340785826402652, 0.17273345478143545, 0.16134721192387533, 0.15538756621759373, 0.15348767027426471, 0.1525815788069562, 0.14984477528145218, 0.14528169379666583, 0.14455331221613993, 0.14022107307839404], "topic_strength": 34.27480471241256, "top_10_strength": 2.8229861278029733, "label": "Data & APIs"}, {"topic_id": 4, "top_words": ["para", "que", "com", "por", "los", "null", "sistema", "arquivo", "supabase", "fluxo", "erro", "select", "sql", "vercel", "stripe", "prisma", "real", "seo", "template", "createdat"], "weights": [1.076431691952108, 0.5607746634141425, 0.5393603321926395, 0.4940347605198289, 0.45155833022279307, 0.17537152452234217, 0.14394178991920042, 0.1235949133357705, 0.11674457625377177, 0.1131206896142274, 0.10156815886519033, 0.09867069005212607, 0.09509446906500886, 0.09467282588791458, 0.09360920562424505, 0.09016445199621625, 0.08986956823846025, 0.08739957931822766, 0.08480114731996319, 0.08253481685404572], "topic_strength": 10.00059711528549, "top_10_strength": 3.7949332719468245, "label": "Para & Que"}], "file_type": "claude_md"}