{"timestamp": "2026-04-07T00:53:11.372199", "success": true, "message": "Analysis complete with 500 files", "files_collected": 500, "topics_discovered": 5, "topics_data": [{"topic_id": 0, "top_words": ["change", "task", "skill", "agent", "read", "git", "step", "instruction", "commit", "session", "user", "plan", "work", "new", "fix", "feature", "rule", "check", "dont", "guideline"], "weights": [0.5195585219679822, 0.516216622007489, 0.4939222113212614, 0.3972360288087628, 0.38790424752110353, 0.380664619585345, 0.3608665037660938, 0.3447471403319165, 0.2830034143516296, 0.28125910446936314, 0.2803640111472947, 0.27184255424768133, 0.27096166683577494, 0.2486680242327753, 0.24236373542827963, 0.23972615002253056, 0.23490944938358105, 0.23224649320216287, 0.2250245378034447, 0.2183427109353358], "topic_strength": 41.69869537574894, "top_10_strength": 3.9653784141309476, "label": "Change & Task"}, {"topic_id": 1, "top_words": ["npm", "component", "typescript", "pnpm", "react", "cs", "dev", "lint", "type", "tailwind", "eslint", "server", "page", "development", "production", "hook", "frontend", "import", "vite", "utility"], "weights": [0.8366267306022209, 0.5935998394439619, 0.5046171402915148, 0.4225648239430313, 0.3803625380607517, 0.34346134671423256, 0.24084364575930609, 0.23403997507773247, 0.22995595318245496, 0.22770102105507845, 0.21211023507133245, 0.209438887754072, 0.20616404248984338, 0.19833430959439713, 0.19269752993464148, 0.17854456955609738, 0.17731566602604215, 0.17592788522140665, 0.16956367066716704, 0.16223761751181734], "topic_strength": 24.050623909562198, "top_10_strength": 4.013773014130286, "label": "Frontend Development"}, {"topic_id": 2, "top_words": ["agentsmd", "skill", "mcp", "npx", "path", "worker", "cli", "chunk", "git", "llm", "memory", "branch", "playwright", "nextjs", "installation", "cargo", "wrong", "stream", "include", "row"], "weights": [1.8610099008862, 0.11277663146849791, 0.06462322203013733, 0.05281860280912231, 0.04085460009485125, 0.03230610929867201, 0.03224631603473537, 0.030290571466782767, 0.028313494476551484, 0.028144279671958154, 0.02733978663720186, 0.026201576887875097, 0.026000344685429767, 0.025308279885076758, 0.02483416380136576, 0.023873441276896043, 0.023429852922355016, 0.0227355509312191, 0.021968351367462814, 0.02136652248142645], "topic_strength": 3.8750812776736105, "top_10_strength": 2.2833837282375087, "label": "Agentsmd & Skill"}, {"topic_id": 3, "top_words": ["python", "tool", "mcp", "pytest", "make", "install", "configuration", "llm", "server", "model", "package", "script", "mode", "cargo", "docker", "cli", "api", "version", "dependency", "default"], "weights": [0.8003271611768275, 0.3999359695650263, 0.3165487873219361, 0.2731777865165386, 0.22311220487763647, 0.21672190089575585, 0.202722387598043, 0.20072834616019775, 0.19714156298851163, 0.19460309141803422, 0.18835462788120652, 0.18429143059359943, 0.18082283771653904, 0.1715027704299012, 0.16709683311297, 0.16051931747310894, 0.15068658838333865, 0.14434327893777218, 0.14324540680900552, 0.1409109618924302], "topic_strength": 27.878451734649712, "top_10_strength": 3.0250191985185078, "label": "Python & Tool"}, {"topic_id": 4, "top_words": ["api", "data", "service", "phase", "error", "user", "database", "post", "model", "endpoint", "state", "token", "app", "route", "interface", "domain", "string", "http", "query", "store"], "weights": [0.6017639788031499, 0.42998530256726736, 0.37655222799050536, 0.3553797566260911, 0.3104465828452202, 0.29852687531615285, 0.2894723644630913, 0.2699777552166887, 0.24927930127987658, 0.23297231936633653, 0.23282751820991052, 0.2312335926984539, 0.21918829883385602, 0.21243129052582668, 0.20575763159789537, 0.19675370215952756, 0.19474864155786115, 0.1897620698997489, 0.18904629792431346, 0.18885750827735998], "topic_strength": 46.30097327900336, "top_10_strength": 3.41435646447438, "label": "Backend Services"}]}