{"timestamp": "2026-03-31T00:29:04.613465", "success": true, "message": "Analysis complete with 500 files", "files_collected": 500, "topics_discovered": 5, "topics_data": [{"topic_id": 0, "top_words": ["npm", "component", "typescript", "page", "react", "api", "backend", "dev", "frontend", "server", "cs", "route", "pnpm", "production", "app", "tailwind", "development", "post", "nextjs", "database"], "weights": [1.0246633016534348, 0.5773922142200213, 0.43724306351530035, 0.4026472507476046, 0.38088908417018597, 0.3723570692339492, 0.3494366474046935, 0.3471317156568214, 0.34374832557129187, 0.33499499979669156, 0.308104106024359, 0.3044133239246305, 0.2989102633019013, 0.28350649677686096, 0.259371742943366, 0.23872155077165982, 0.2362044195932515, 0.2341420884659204, 0.23251880889887006, 0.23061041361499254], "topic_strength": 39.337711021996014, "top_10_strength": 4.570503671969994, "label": "Frontend Development"}, {"topic_id": 1, "top_words": ["change", "git", "task", "commit", "review", "rule", "work", "issue", "read", "user", "fix", "tool", "add", "workflow", "plan", "context", "source", "instruction", "update", "new"], "weights": [0.452384259574998, 0.4077476251408991, 0.35618640226580767, 0.34430973357406686, 0.2873630104984364, 0.2841148377218932, 0.2830200257154577, 0.25926127063008786, 0.2553679091967823, 0.2550260734299186, 0.2532522620991904, 0.24782811405483018, 0.23410025564988163, 0.23319425016943837, 0.23095818472617993, 0.22017515747178906, 0.21779937476583128, 0.2126529735695743, 0.20406012464266127, 0.20070468298301963], "topic_strength": 44.12174249641428, "top_10_strength": 3.1847811477483483, "label": "Change & Git"}, {"topic_id": 2, "top_words": ["agentsmd", "agent", "skill", "important", "instruction", "context", "para", "convention", "source", "defined", "provides", "rule", "guideline", "follow", "truth", "repository", "stay", "article", "best", "practice"], "weights": [1.8218626283917954, 0.1403567354353892, 0.10049584212546954, 0.08629431034687347, 0.07859594468186035, 0.06742181832991491, 0.05453621232127391, 0.05442193871972723, 0.0510781149869304, 0.04824169348535818, 0.04594429485678084, 0.044896711321521066, 0.044849356698525966, 0.04473143518121485, 0.03885489385939147, 0.03815528182487104, 0.03422302178972437, 0.029057345062749547, 0.02831122448190916, 0.028276045868225474], "topic_strength": 3.8954253994115864, "top_10_strength": 2.5033052388245927, "label": "Agentsmd & Agent"}, {"topic_id": 3, "top_words": ["python", "api", "model", "module", "event", "agent", "pytest", "service", "configuration", "type", "integration", "install", "format", "mvn", "core", "make", "return", "dependency", "package", "error"], "weights": [0.6779258428378083, 0.30296441607108415, 0.27698775204862697, 0.2627546729499688, 0.2623460701872251, 0.24605861751577637, 0.23354495976947753, 0.22379413435397535, 0.20733953210858233, 0.20184473837120126, 0.1976444362833281, 0.19156866673286807, 0.18809943589466616, 0.18619064815590558, 0.18388539965183653, 0.17898409399830179, 0.17349781097886616, 0.1707243553982265, 0.16672061578017902, 0.16448372004274617], "topic_strength": 34.00857759206604, "top_10_strength": 2.895560736213726, "label": "Data & APIs"}, {"topic_id": 4, "top_words": ["bun", "instead", "react", "mcp", "component", "server", "tailwind", "node", "install", "content", "format", "dev", "package", "theme", "start", "web", "session", "dont", "pnpm", "bot"], "weights": [1.4434163938998978, 0.13983062077301375, 0.10366760980010603, 0.10196551232036559, 0.10018006011170484, 0.0899516690088625, 0.08900970906260525, 0.08555994971559298, 0.08016050920616187, 0.07509555528822455, 0.07363064654300418, 0.0728497684890694, 0.07207257897183568, 0.06946226764345594, 0.06698079283540317, 0.0661625440957011, 0.06501453558408202, 0.06360585432183154, 0.06335972926284572, 0.06006474151019898], "topic_strength": 9.698922211888107, "top_10_strength": 2.3088375891865347, "label": "Frontend Development"}]}