{"timestamp": "2026-06-06T03:23:18.430783", "success": true, "message": "Analysis complete with 500 files", "files_collected": 500, "topics_discovered": 5, "topics_data": [{"topic_id": 0, "top_words": ["phase", "task", "step", "file", "project", "test", "design", "question", "pattern", "code", "review", "issue", "context", "model", "run", "section", "output", "check", "architecture", "requirement"], "weights": [0.4553339999822165, 0.4322935174412135, 0.41558202778107395, 0.40980708290174345, 0.361505693938716, 0.35613640835691557, 0.3406462440857053, 0.30201628531756985, 0.27679634035977985, 0.27134891945562667, 0.2662604519145536, 0.25955863003207486, 0.25141378372723755, 0.2511123713939214, 0.23266638937102643, 0.2312611369254471, 0.22432338482538605, 0.22327625927355274, 0.22063285925562603, 0.21570204100369578], "topic_strength": 51.140648882545115, "top_10_strength": 3.6214665196205607, "label": "Project Structure"}, {"topic_id": 1, "top_words": ["python", "import", "api", "data", "bash", "model", "parameter", "str", "result", "quantization", "def", "reaction", "pip", "printf", "center", "json", "analysis", "management", "metadata", "deployment"], "weights": [1.3067288797310137, 0.6129350583228832, 0.33028000371195604, 0.2017811797233101, 0.18930961066289434, 0.17840361094826565, 0.15340530800379412, 0.13394437589183691, 0.1303949200966547, 0.128105160046237, 0.12434186637968729, 0.1200348996936187, 0.11188072370694585, 0.10771289121686858, 0.1047658861696586, 0.10343627037476052, 0.10254771895397151, 0.10166999605782104, 0.1003272196509236, 0.09803958552236947], "topic_strength": 15.373182091430944, "top_10_strength": 3.3652881071388454, "label": "Data & APIs"}, {"topic_id": 2, "top_words": ["und", "oder", "die", "ist", "mit", "sie", "da", "str", "output", "live", "asset", "plugin", "voice", "register", "routing", "event", "red", "week", "matrix", "flag"], "weights": [1.6086244999105366, 0.5365459913132485, 0.2883117150839272, 0.23922344581663843, 0.21149218943772763, 0.11818412668281128, 0.11355047320055245, 0.08486729242192056, 0.0797369153862169, 0.06577647920980091, 0.040882300026846376, 0.03258462490659021, 0.03201672338965589, 0.024186475082720513, 0.021439923881352692, 0.020702637102623003, 0.019553492266096005, 0.01853649220176883, 0.01826749306236885, 0.014153026893077535], "topic_strength": 4.143836853824846, "top_10_strength": 3.3463131284633802, "label": "Und & Oder"}, {"topic_id": 3, "top_words": ["agent", "bash", "run", "push", "json", "token", "tool", "session", "ngrok", "remote", "post", "file", "mcp", "url", "command", "install", "prompt", "browser", "curl", "commit"], "weights": [0.8899508030155304, 0.37580800715157686, 0.330735398736058, 0.23085630412930366, 0.22752133659193882, 0.22623649319940126, 0.22150805908072446, 0.2181022304433525, 0.2093975534117551, 0.20596997742803413, 0.20050180811935975, 0.19671884604489262, 0.19000119713167232, 0.1893635006699039, 0.17955044351974292, 0.17520227319918494, 0.1729614287732009, 0.16968169191969087, 0.16794757498059532, 0.16765408474214952], "topic_strength": 24.084977188794646, "top_10_strength": 3.136086163187675, "label": "Agent & Bash"}, {"topic_id": 4, "top_words": ["const", "await", "return", "async", "typescript", "string", "api", "div", "function", "error", "export", "var", "component", "state", "type", "email", "token", "plugin", "object", "import"], "weights": [0.6502501348844142, 0.3706308204405029, 0.31352561529803236, 0.27187416881407156, 0.25092300716644983, 0.24625276533361246, 0.23984599164234566, 0.22316842319840613, 0.20724052396403603, 0.20042198346036852, 0.19311396459993377, 0.18489608814295355, 0.17263555588607582, 0.17186171973332334, 0.16658289119544709, 0.1598633534374236, 0.15233961516180883, 0.15076722015342875, 0.14941627666141086, 0.14857125193747023], "topic_strength": 27.62873573383983, "top_10_strength": 2.9741334342022405, "label": "Frontend Development"}], "file_type": "skill_md"}