{"timestamp": "2026-07-20T03:28:43.958811", "success": true, "message": "Analysis complete with 500 files", "files_collected": 500, "topics_discovered": 5, "topics_data": [{"topic_id": 0, "top_words": ["page", "component", "npm", "cs", "theme", "content", "typescript", "tailwind", "color", "blog", "image", "react", "custom", "text", "app", "section", "const", "post", "data", "card"], "weights": [0.594613250234079, 0.516225162262829, 0.4269521364906774, 0.39735254309278834, 0.31808042687183835, 0.30878825425954876, 0.2990525425024979, 0.2656443994656343, 0.25561495250335164, 0.25047850438619507, 0.24923383338915114, 0.2399563153453443, 0.2261634457078441, 0.22512238462975476, 0.21937175590206767, 0.2139431247121761, 0.2117594429065157, 0.20946101457306698, 0.1992134776268509, 0.19848402282680044], "topic_strength": 38.846335575329725, "top_10_strength": 3.6328021720694403, "label": "Frontend Development"}, {"topic_id": 1, "top_words": ["agentsmd", "instruction", "read", "follow", "require", "agent", "canonical", "import", "rule", "root", "life", "guidance", "codex", "making", "doc", "convention", "adapter", "edit", "repository", "pnpm"], "weights": [1.908357855786786, 0.12002630093194952, 0.11362885938220273, 0.07856118462044112, 0.07214323638935272, 0.06693472095114215, 0.060676887839445574, 0.04655388149597156, 0.04101662161551473, 0.03956397669374159, 0.03932929378750389, 0.038608607518074496, 0.03834560810369886, 0.03739756644745583, 0.03692294238967562, 0.03194227286726423, 0.03148571069699858, 0.03047896647164165, 0.03040150338797508, 0.02903939039150267], "topic_strength": 3.7266450249829877, "top_10_strength": 2.547463525706547, "label": "Agentsmd & Instruction"}, {"topic_id": 2, "top_words": ["dont", "ask", "change", "task", "criterion", "write", "make", "guideline", "pas", "step", "verify", "tradeoff", "refactor", "say", "existing", "asked", "check", "rewrite", "comment", "success"], "weights": [0.6283227520821386, 0.350670237933922, 0.3488749919612132, 0.3118159710823254, 0.3035381798063456, 0.280663653809924, 0.2778502906160838, 0.2675949990572405, 0.25762610490097154, 0.24065578824550563, 0.23966028880071447, 0.23137257117417306, 0.21491539025032233, 0.20694235261582908, 0.20353672194826514, 0.20294052656771355, 0.1989823896206864, 0.1970011817746748, 0.18868202336657217, 0.18505949951775208], "topic_strength": 19.316162680429166, "top_10_strength": 3.26761296949567, "label": "Dont & Ask"}, {"topic_id": 3, "top_words": ["agent", "python", "tool", "skill", "phase", "model", "task", "json", "mcp", "path", "analysis", "output", "prompt", "data", "cli", "bash", "source", "repo", "read", "doc"], "weights": [0.48217386076532104, 0.46235726295516594, 0.4120903728975562, 0.3539095781356073, 0.29607576755262494, 0.21129819482064158, 0.2053107217176653, 0.19871658593617153, 0.19329069582676878, 0.19209098574895478, 0.18564338719806117, 0.18241485720440637, 0.18241096199996754, 0.18060793491187058, 0.1700647953499526, 0.16748834453667516, 0.1658692884753559, 0.1613034675236616, 0.16057066530213326, 0.15486376990556008], "topic_strength": 36.01680186098196, "top_10_strength": 3.007314026356478, "label": "Agent & Python"}, {"topic_id": 4, "top_words": ["api", "frontend", "backend", "pnpm", "server", "docker", "service", "database", "npm", "package", "dev", "type", "port", "app", "postgresql", "client", "endpoint", "bash", "config", "make"], "weights": [0.42709897423355553, 0.4215507442681294, 0.39930682785760024, 0.3802651081713665, 0.29244148897348027, 0.28334888862239016, 0.26431353107804306, 0.25768060793548386, 0.22584423985874244, 0.21393322054699862, 0.20187486970418986, 0.1970035593672525, 0.19334387675837608, 0.18775945057800494, 0.18415847246853037, 0.18110982242946172, 0.17531611532110292, 0.1725509433675439, 0.16673404390908794, 0.1658630103708642], "topic_strength": 29.351895566422677, "top_10_strength": 3.1657836315457906, "label": "Frontend Development"}], "file_type": "claude_md"}