{"timestamp": "2026-05-21T03:34:06.734128", "success": true, "message": "Analysis complete with 200 files", "files_collected": 200, "topics_discovered": 5, "topics_data": [{"topic_id": 0, "top_words": ["step", "agent", "run", "task", "project", "claude", "code", "feature", "prompt", "test", "change", "create", "command", "check", "install", "decision", "new", "ask", "session", "build"], "weights": [0.46006638975868797, 0.4403341646690555, 0.3720478595043242, 0.31268635112521864, 0.2954172192299442, 0.28139056409395086, 0.26257204957198027, 0.25047008501267715, 0.240666634962432, 0.23949567980235947, 0.2200118715664015, 0.21954474565398419, 0.21490752974446348, 0.20937885305947718, 0.20133846320907645, 0.19987062681111462, 0.19620234233336806, 0.18249950179887522, 0.1789222309136953, 0.1782635870331026], "topic_strength": 41.240541049357006, "top_10_strength": 3.1551469977306303, "label": "Project Structure"}, {"topic_id": 1, "top_words": ["python", "api", "json", "def", "markdown", "url", "openclaw", "import", "raw", "reply", "env", "limit", "class", "start", "function", "install", "reddit", "return", "stdout", "npm"], "weights": [1.0986764867356482, 0.39384146803530884, 0.2936187217578988, 0.25201235023042595, 0.2302719083532458, 0.20660252661416698, 0.1981166567141943, 0.16649818936312644, 0.14987772076506348, 0.14694050279264, 0.14277304471138205, 0.1348064854265495, 0.13265506617004486, 0.13162570448313382, 0.12689826748075633, 0.12224396903880479, 0.11691202724753627, 0.1093184770622191, 0.10927949447680682, 0.10548822424102258], "topic_strength": 12.102111684189236, "top_10_strength": 3.136456531361719, "label": "Data & APIs"}, {"topic_id": 2, "top_words": ["audit", "security", "export", "directory", "namespace", "output", "resource", "sensitive", "data", "phase", "risk", "result", "application", "kubernetes", "review", "cluster", "report", "context", "environment", "sanitize"], "weights": [0.709161919769618, 0.39709989679034546, 0.38410839929317253, 0.3789670533182197, 0.342408071633104, 0.31274386077062033, 0.28929564284671405, 0.23783463968014631, 0.23173119819491395, 0.22448249314059432, 0.21648303105757344, 0.21123661362450197, 0.18154591289520933, 0.18046069330883588, 0.17739599475715787, 0.17583948839776675, 0.17296290729480876, 0.17123592489330722, 0.16400606126817002, 0.15695382200150712], "topic_strength": 14.607456798201287, "top_10_strength": 3.5078331754374483, "label": "File Management"}, {"topic_id": 3, "top_words": ["search", "post", "collection", "bearer", "authorization", "result", "html", "token", "url", "curl", "tag", "page", "api", "json", "google", "delete", "agent", "content", "endpoint", "structured"], "weights": [0.4939428589486568, 0.412579716159095, 0.3437897420987229, 0.3203022719416612, 0.30886983351127884, 0.2677383563376553, 0.2582321430859376, 0.24276948837079138, 0.23256858753912718, 0.22363534980394859, 0.2184527989097565, 0.18975140140582739, 0.17970451279520722, 0.17439599682525445, 0.17155395601894127, 0.16587805547551598, 0.1637454725484468, 0.16282373240629394, 0.15038709641657155, 0.14864203421933664], "topic_strength": 19.158666106799195, "top_10_strength": 3.1044283477968753, "label": "Search & Post"}, {"topic_id": 4, "top_words": ["component", "const", "color", "typescript", "import", "react", "function", "return", "scene", "state", "type", "string", "accessibility", "await", "div", "async", "text", "pattern", "layout", "app"], "weights": [0.40437333725722324, 0.28113894504594855, 0.25352061455996183, 0.23006692862625566, 0.19059805872713256, 0.1887368063035114, 0.18103502831010101, 0.17419024390324403, 0.1720483574246351, 0.1716585553190817, 0.17013761740802497, 0.16816840521691778, 0.16528052177842492, 0.15870197357580754, 0.15017589566796322, 0.14254149734667826, 0.14154376343511063, 0.1414966639042233, 0.13986439716319055, 0.13435360310319105], "topic_strength": 23.985631421265225, "top_10_strength": 2.2473668754770952, "label": "Frontend Development"}], "file_type": "skill_md"}