{"timestamp": "2026-06-05T03:06:02.737981", "success": true, "message": "Analysis complete with 500 files", "files_collected": 500, "topics_discovered": 5, "topics_data": [{"topic_id": 0, "top_words": ["data", "check", "change", "new", "model", "api", "package", "user", "path", "type", "pattern", "python", "function", "import", "return", "add", "error", "module", "command", "make"], "weights": [0.3408018688184874, 0.3152227489820286, 0.30861587024322845, 0.29686640444581114, 0.2901120255895619, 0.279058074877319, 0.2768015617580873, 0.2669338242365491, 0.254925496346922, 0.250356709267203, 0.23436329580249213, 0.23311209437814323, 0.23240299526394678, 0.23058091745621448, 0.23046670597361404, 0.22711717577167184, 0.22495673113953563, 0.22220212449823787, 0.21224583206833075, 0.2111612719166121], "topic_strength": 59.93307676138678, "top_10_strength": 2.879694584565198, "label": "Data & APIs"}, {"topic_id": 1, "top_words": ["agentsmd", "require", "guidance", "read", "follow", "npm", "risk", "convention", "rule", "architecture", "lookup", "workflow", "note", "detailed", "compatibility", "entry", "point", "adapter", "surface", "canonical"], "weights": [2.044684207165392, 0.06412972751887022, 0.03559323094752149, 0.031051617177835847, 0.02557251077830719, 0.024860019438897547, 0.024322473246564932, 0.023727649608232832, 0.021830911295477023, 0.021598595162836333, 0.02145022695836952, 0.02126321800268167, 0.01981923989996804, 0.018933879841635724, 0.018098950551792666, 0.016976021108210233, 0.016585125583733998, 0.016472870623294583, 0.015586340315827688, 0.015349634907880928], "topic_strength": 3.0000081208458904, "top_10_strength": 2.3173709423399353, "label": "Agentsmd & Require"}, {"topic_id": 2, "top_words": ["npm", "component", "server", "react", "page", "typescript", "cs", "dev", "api", "theme", "pnpm", "frontend", "app", "tailwind", "client", "nextjs", "image", "production", "auth", "route"], "weights": [0.7860110455421546, 0.598427043585603, 0.3803473147155456, 0.3450681639717047, 0.2996592088654085, 0.29606574819748543, 0.2812149719855235, 0.24822711283383853, 0.24331435695905446, 0.24109815016293495, 0.24043812466229864, 0.23676762326603892, 0.22805281585696105, 0.19840125340190146, 0.1912049552406554, 0.19017883986727183, 0.17622163023584833, 0.17433789023573126, 0.17203523758690267, 0.16575398978572561], "topic_strength": 28.346426545201147, "top_10_strength": 3.7194331168192534, "label": "Frontend Development"}, {"topic_id": 3, "top_words": ["agent", "moai", "tool", "skill", "workflow", "context", "team", "task", "user", "teammate", "mcp", "phase", "rule", "subagent", "review", "session", "execution", "read", "spec", "hard"], "weights": [1.0622140686889903, 0.4551943920085862, 0.3321199424283673, 0.31477229216150815, 0.28056970576350204, 0.2718629257609853, 0.26833347832753773, 0.2649063643954443, 0.24585376648016857, 0.2094469090063051, 0.18821654740475885, 0.18333598210263566, 0.17214627124842144, 0.16984406446977934, 0.159861411880306, 0.15245205942079557, 0.14884910176651606, 0.14297574903319962, 0.1419935785890825, 0.14154555213787642], "topic_strength": 23.50950044401036, "top_10_strength": 3.7052738450213947, "label": "Agent & Moai"}, {"topic_id": 4, "top_words": ["python", "skill", "ratio", "tool", "json", "para", "budget", "automation", "usage", "format", "analysis", "purpose", "actual", "flow", "com", "year", "calculation", "total", "exit", "api"], "weights": [0.7474669049065139, 0.7299335793326144, 0.4764496633106916, 0.3791011896193557, 0.26366089853925573, 0.23695153552594145, 0.21351949350054783, 0.20423758550768223, 0.1723252827944734, 0.16667829732787653, 0.1662292785815254, 0.16045547751233208, 0.15064956804601687, 0.14677826628010626, 0.11898038439474566, 0.11252774314615925, 0.10993535282859804, 0.10829691848791546, 0.10456380676472007, 0.10059494637098736], "topic_strength": 13.058277663518938, "top_10_strength": 3.590324430364953, "label": "Python & Skill"}], "file_type": "claude_md"}