{"timestamp": "2026-06-12T03:31:05.091591", "success": true, "message": "Analysis complete with 500 files", "files_collected": 500, "topics_discovered": 5, "topics_data": [{"topic_id": 0, "top_words": ["step", "test", "task", "phase", "issue", "project", "fix", "question", "check", "code", "review", "change", "context", "pattern", "git", "workflow", "output", "run", "plan", "update"], "weights": [0.5486235559784013, 0.45321746384684997, 0.4156925242613512, 0.3584825021341492, 0.35645533976335436, 0.3542371876798268, 0.28721903334371285, 0.28349895550480414, 0.28195488894753207, 0.28107700381659506, 0.2685293711566405, 0.2676997204833209, 0.25837549277068084, 0.2582245006789166, 0.25087201631597117, 0.2440955671210252, 0.2399473994104928, 0.2375710864655493, 0.23252904142861788, 0.22153844429978484], "topic_strength": 50.44386437308441, "top_10_strength": 3.6204584552765766, "label": "Testing & Quality"}, {"topic_id": 1, "top_words": ["und", "oder", "mit", "live", "output", "form", "plugins", "market", "person", "compliance", "routing", "business", "red", "matrix", "slug", "team", "edge", "format", "bank", "timing"], "weights": [1.6798557192346648, 0.5613747029035999, 0.12090358700849957, 0.06669893097971571, 0.03704032109069306, 0.032622184750525994, 0.03252225315058235, 0.025018613606050902, 0.023149981728407338, 0.023129410898369306, 0.021521270600458296, 0.01889308663346326, 0.016351428641790847, 0.01544580835288223, 0.009926108146179512, 0.009283334821950796, 0.008918288692755424, 0.007151483906484235, 0.007119272168357053, 0.006535930544420622], "topic_strength": 2.856125084927879, "top_10_strength": 2.6023157053511095, "label": "Und & Oder"}, {"topic_id": 2, "top_words": ["const", "await", "string", "return", "typescript", "type", "function", "color", "api", "cs", "javascript", "text", "var", "data", "plugin", "error", "email", "page", "async", "component"], "weights": [0.6005104284379968, 0.38702397197589833, 0.34874835923344494, 0.2896018626770544, 0.23932997663125502, 0.23092012517164454, 0.22144726678952958, 0.22111744619698523, 0.20734108844445448, 0.2053699477377488, 0.2042192577204477, 0.2033567583203255, 0.1998680119628746, 0.19766659854576774, 0.1924871620838191, 0.1882330573577376, 0.1876777412155338, 0.18675825479790595, 0.1816199024699009, 0.18152832165379476], "topic_strength": 32.17362832853885, "top_10_strength": 2.9514104732960122, "label": "Frontend Development"}, {"topic_id": 3, "top_words": ["agent", "bash", "run", "ngrok", "prompt", "token", "mcp", "json", "session", "tool", "remote", "browser", "local", "instruction", "openclaw", "command", "install", "post", "server", "curl"], "weights": [1.0015564817381326, 0.3217449046706735, 0.2779072043688501, 0.24898582608137262, 0.23733917016292347, 0.23539389259833818, 0.2240320803669781, 0.21695790735362414, 0.1965271252372182, 0.18822966717795922, 0.18624376094143877, 0.17938819379540125, 0.17523003925819042, 0.17518896593366967, 0.1668303897589093, 0.15766310470157577, 0.15711984748720623, 0.15235060828199873, 0.1509700152714999, 0.14704047370351028], "topic_strength": 20.344070077592306, "top_10_strength": 3.14867425975607, "label": "Agent & Bash"}, {"topic_id": 4, "top_words": ["python", "import", "model", "bash", "def", "image", "quantization", "str", "result", "json", "output", "cli", "price", "analysis", "api", "data", "install", "url", "bit", "input"], "weights": [1.2344450308445363, 0.37958089180946647, 0.27590251257720105, 0.224064541073812, 0.19343614214264085, 0.16971299912806287, 0.15062281665856853, 0.1480858260823145, 0.13743989307096408, 0.13705748326126282, 0.13151494237439385, 0.1308770194631244, 0.12742572756126297, 0.11675848210470086, 0.11500958837405394, 0.11197892411739771, 0.10355684666451147, 0.10303579935432465, 0.10201490959032274, 0.1016149059262033], "topic_strength": 17.956801923576705, "top_10_strength": 3.0503481366488296, "label": "Python & Import"}], "file_type": "skill_md"}