{"timestamp": "2026-05-28T03:43:55.335225", "success": true, "message": "Analysis complete with 500 files", "files_collected": 500, "topics_discovered": 5, "topics_data": [{"topic_id": 0, "top_words": ["import", "tool", "python", "model", "type", "return", "error", "user", "const", "class", "string", "llm", "data", "api", "function", "await", "state", "service", "action", "async"], "weights": [0.47625786138083614, 0.475039186289258, 0.4109671194248641, 0.39790646348798814, 0.392686616764725, 0.3630885699124486, 0.3095510667347527, 0.3033026537866542, 0.3024682699870713, 0.2903632456340236, 0.28454134384488194, 0.2801300211108767, 0.2790590325365906, 0.27105776382979835, 0.2676095188459617, 0.26266064673278855, 0.2252813663596207, 0.22191589271907927, 0.22137388835178298, 0.21931306284766586], "topic_strength": 53.31322998040901, "top_10_strength": 3.7216310534026213, "label": "Import & Tool"}, {"topic_id": 1, "top_words": ["pnpm", "component", "filter", "package", "app", "react", "lint", "vitest", "dev", "theme", "typescript", "nextjs", "page", "tailwind", "api", "check", "rendering", "shared", "server", "worker"], "weights": [1.5114953766431403, 0.40084624347317976, 0.18328186785690453, 0.1799391163069572, 0.17811175438128798, 0.17716155545690218, 0.16650010368732984, 0.15438327537809743, 0.14606919712619662, 0.13843483293009068, 0.13746561466267512, 0.1369381047938606, 0.13235630599603893, 0.12646195780371905, 0.11227050838591332, 0.10834793743219082, 0.09765274193243435, 0.09691086775240677, 0.09428690368254945, 0.09263318193979123], "topic_strength": 15.314740582126998, "top_10_strength": 3.2362233232400865, "label": "Frontend Development"}, {"topic_id": 2, "top_words": ["change", "commit", "make", "git", "command", "guideline", "cargo", "task", "doc", "module", "script", "check", "repository", "workflow", "add", "instruction", "prefer", "coding", "bash", "summary"], "weights": [0.5397999220098483, 0.35499491387395316, 0.3528357004175308, 0.33674699312775913, 0.3257169938920974, 0.27573788791846315, 0.2654044911658098, 0.2508107061007095, 0.24856791837227782, 0.24358302683356697, 0.21154810695747694, 0.21073480288212706, 0.20756831780063234, 0.2059580253613499, 0.20536269013478917, 0.20008419038730935, 0.19958010077982624, 0.19707252463826538, 0.19592765378349436, 0.19384411548933164], "topic_strength": 39.954832225573, "top_10_strength": 3.1941985537120163, "label": "Change & Commit"}, {"topic_id": 3, "top_words": ["npm", "backend", "frontend", "api", "component", "react", "install", "dev", "lint", "typescript", "cs", "bash", "vite", "tailwind", "playwright", "style", "app", "server", "doc", "command"], "weights": [1.1311264597909596, 0.33783355897646367, 0.29154838865415594, 0.2726180093177324, 0.26304176074342067, 0.2543750985671608, 0.23195308626158181, 0.22218233117122285, 0.2046436710041461, 0.19606654889530256, 0.1777709219246082, 0.14992139624470188, 0.14444573466820226, 0.14052981458422517, 0.13742818094361575, 0.12886508710170033, 0.12555242311262205, 0.12324764903880983, 0.1185819483615247, 0.11689779006655558], "topic_strength": 18.660698085524995, "top_10_strength": 3.405388913382146, "label": "Frontend Development"}, {"topic_id": 4, "top_words": ["skill", "php", "artisan", "laravel", "pressure", "scenario", "tdd", "directory", "rule", "reference", "contains", "green", "tool", "write", "create", "boost", "red", "workflow", "table", "application"], "weights": [0.9914167332795581, 0.4418887590616792, 0.3734319678452177, 0.3300900752630386, 0.28740346119769644, 0.23093083156141705, 0.21091977766419737, 0.2047213208302115, 0.1571643635877951, 0.13306934557291025, 0.12968198633092604, 0.1277643481927866, 0.11935673033010513, 0.11593623511964478, 0.11284845996735099, 0.11005706809796582, 0.10804626768990556, 0.10730158533206428, 0.10609179750525453, 0.10417340109961462], "topic_strength": 16.595512794561902, "top_10_strength": 3.3610366358637216, "label": "Skill & Php"}], "file_type": "agents_md"}