{"timestamp": "2026-07-08T03:27:41.802476", "success": true, "message": "Analysis complete with 500 files", "files_collected": 500, "topics_discovered": 5, "topics_data": [{"topic_id": 0, "top_words": ["step", "test", "issue", "change", "task", "project", "review", "phase", "workflow", "question", "run", "code", "pattern", "section", "branch", "update", "plan", "fix", "git", "context"], "weights": [0.4709577358261181, 0.4663713468808328, 0.38777323706367217, 0.3781162712582698, 0.35285506280940804, 0.34103141288082534, 0.33385475426888533, 0.3121293900192135, 0.30499896057851184, 0.29300850347031937, 0.2881009922258528, 0.28058170097176527, 0.2657993619820693, 0.26495627320201454, 0.26390464238562356, 0.2588056644706809, 0.24930158995148127, 0.22644275785864684, 0.22414236620139838, 0.2208793821101419], "topic_strength": 50.98542074783064, "top_10_strength": 3.6410966750560556, "label": "Testing & Quality"}, {"topic_id": 1, "top_words": ["methodology", "method", "result", "problem", "appropriate", "assumption", "domain", "practice", "documentation", "analysis", "best", "validation", "technique", "engineering", "comprehensive", "application", "complexity", "understanding", "consider", "limitation"], "weights": [0.48476942621523933, 0.47142690226231143, 0.4625754088719734, 0.4050482239838712, 0.3990226897105612, 0.3454429641418965, 0.3241146779713656, 0.3124008945054503, 0.3010553144930828, 0.2719201008478057, 0.25850154210549353, 0.255099639575362, 0.24774362390644622, 0.2383485714487471, 0.2376651511985494, 0.23727802224712474, 0.23412720910957333, 0.23192531384220202, 0.23076967621387462, 0.23038004984519042], "topic_strength": 19.786827088912784, "top_10_strength": 3.7777766030035576, "label": "Methodology & Method"}, {"topic_id": 2, "top_words": ["const", "div", "color", "component", "button", "text", "page", "html", "await", "state", "cs", "card", "type", "var", "background", "return", "light", "font", "typescript", "string"], "weights": [0.6040851924635199, 0.5110783582252899, 0.5039590250620798, 0.4767370114531191, 0.36046911074649185, 0.3362370215747563, 0.3217363857695486, 0.301629507373186, 0.295960084455371, 0.2865787500708325, 0.2757300218144644, 0.27466119991265847, 0.26885427234867354, 0.26110837652802477, 0.25385814226245174, 0.25376357148536455, 0.245467003474552, 0.24439214983036955, 0.24335297056982952, 0.23227631785665626], "topic_strength": 38.5687255558674, "top_10_strength": 3.998470447194195, "label": "Const & Div"}, {"topic_id": 3, "top_words": ["und", "mit", "art", "live", "form", "drop", "person", "text", "pro", "plugins", "matrix", "compliance", "template", "email", "position", "register", "dashboard", "status", "scan", "final"], "weights": [1.7563656824490732, 0.2648900639432202, 0.10628399749020594, 0.07468084496022331, 0.06684386405659154, 0.028634963725020047, 0.023794207955235968, 0.01606584055241742, 0.015338704403568212, 0.010902710637046543, 0.010513304929114512, 0.010149260601628032, 0.009750999261721398, 0.00955678060941522, 0.009386758601678317, 0.009153714343126309, 0.00896925781426817, 0.008461127923282689, 0.008421074922784263, 0.006966329162964172], "topic_strength": 2.6176619791715385, "top_10_strength": 2.3638008801726023, "label": "Und & Mit"}, {"topic_id": 4, "top_words": ["agent", "bash", "python", "model", "json", "run", "token", "post", "api", "prompt", "install", "image", "cli", "import", "curl", "echo", "command", "browser", "url", "video"], "weights": [0.6518118383906404, 0.47161384737213247, 0.4262186596309019, 0.40662068797788925, 0.2976947528127625, 0.28749241827452565, 0.28711892327290944, 0.28671284140340064, 0.2530675258010069, 0.2432399322084552, 0.23848985091192146, 0.22039158534549816, 0.2128499502317455, 0.21045474355162128, 0.19526543081568418, 0.17732864638030943, 0.15012197541896713, 0.14973305612737348, 0.14969048805656235, 0.14803234639213717], "topic_strength": 29.49810537862115, "top_10_strength": 3.6115914271446243, "label": "Agent & Bash"}], "file_type": "skill_md"}