{"timestamp": "2026-07-05T03:55:46.308423", "success": true, "message": "Analysis complete with 500 files", "files_collected": 500, "topics_discovered": 5, "topics_data": [{"topic_id": 0, "top_words": ["agent", "run", "step", "test", "task", "code", "workflow", "review", "doc", "change", "session", "command", "fix", "check", "pattern", "issue", "project", "tool", "read", "context"], "weights": [0.6852045795291478, 0.5240708579758471, 0.4672558567851078, 0.4236628595351796, 0.38245907258975126, 0.36280160600574063, 0.35073882733796674, 0.34544308314150707, 0.3350392534487009, 0.305991592928966, 0.3058396748632911, 0.3037491011706279, 0.2870637424719128, 0.27802185849601135, 0.2673760120257488, 0.25973166283068544, 0.24218327536899395, 0.23619384700302937, 0.22816492947980255, 0.22773055909986323], "topic_strength": 52.60043531583675, "top_10_strength": 4.182667589277915, "label": "Testing & Quality"}, {"topic_id": 1, "top_words": ["methodology", "method", "result", "problem", "appropriate", "assumption", "validation", "practice", "domain", "documentation", "literature", "established", "best", "technique", "analysis", "understanding", "expertise", "complexity", "consider", "explanation"], "weights": [0.523810500551879, 0.5010360460654304, 0.46752159146061933, 0.43659027495548697, 0.42168732309348705, 0.3497038286413972, 0.316043649909372, 0.30650585551704973, 0.2966656186789568, 0.2915819923189588, 0.2863011667018115, 0.27562455581776757, 0.25327383696496086, 0.2518287112355264, 0.25169515212131405, 0.24845884300817417, 0.24826323870936548, 0.24610762166455236, 0.24364107178447353, 0.2356131247342898], "topic_strength": 20.110568066073057, "top_10_strength": 3.9111466811926374, "label": "Methodology & Method"}, {"topic_id": 2, "top_words": ["python", "bash", "echo", "json", "model", "image", "install", "cli", "run", "chrome", "command", "prompt", "llm", "video", "api", "import", "input", "script", "node", "url"], "weights": [1.163332877675334, 0.6386825466730862, 0.35624638947180726, 0.2902250161660612, 0.26333260473619313, 0.24413032997280787, 0.2255466348486077, 0.20045884849476164, 0.16328713937795122, 0.15649943778961758, 0.14473687806583874, 0.1424867625561877, 0.13312027382025812, 0.13264170511793472, 0.12931451000315292, 0.1291283464186127, 0.12866276100245141, 0.12845263679854743, 0.1258158438231541, 0.11526166492251742], "topic_strength": 18.630242500087082, "top_10_strength": 3.7017418252062284, "label": "Python & Bash"}, {"topic_id": 3, "top_words": ["const", "await", "async", "string", "test", "import", "return", "typescript", "error", "state", "function", "react", "api", "component", "firebase", "pattern", "type", "var", "null", "value"], "weights": [0.6033453785460982, 0.5172934284640307, 0.4152841445132736, 0.4005069725185952, 0.37465904940092365, 0.3693214578594017, 0.3289552720600347, 0.2744960800363184, 0.22363390995642166, 0.20640737809558116, 0.1849543837962734, 0.18365287424267435, 0.17833669783996056, 0.17584356788057617, 0.16738817330672107, 0.16314477198772062, 0.16091171942911703, 0.15305939996650325, 0.1473891652528275, 0.14019711407352758], "topic_strength": 22.425221319060796, "top_10_strength": 3.7139030714506793, "label": "Testing & Quality"}, {"topic_id": 4, "top_words": ["page", "content", "keyword", "seo", "analysis", "product", "search", "section", "topic", "incident", "drop", "overlap", "impact", "analytics", "market", "design", "intent", "url", "technical", "strategy"], "weights": [0.5541881233043786, 0.42549854092697653, 0.2593892089147225, 0.24624855160944972, 0.22560960557918472, 0.2252527809524849, 0.21776619073329845, 0.19537924686294322, 0.1949995884757502, 0.19085508688832578, 0.19062424872906808, 0.18227725628561586, 0.17531809592313796, 0.16973851997213218, 0.16457125672707534, 0.162360396329369, 0.15700357393914743, 0.15609389463764206, 0.14396658699903203, 0.1439064852591711], "topic_strength": 28.117448666759294, "top_10_strength": 2.7351869242475146, "label": "Page & Content"}], "file_type": "skill_md"}