{"timestamp": "2026-03-24T00:26:52.281936", "success": true, "message": "Analysis complete with 500 files", "files_collected": 500, "topics_discovered": 5, "topics_data": [{"topic_id": 0, "top_words": ["task", "agent", "user", "git", "tool", "read", "work", "phase", "step", "mcp", "change", "feature", "skill", "workflow", "session", "context", "commit", "issue", "instruction", "plan"], "weights": [0.5955459627799164, 0.5849650548002457, 0.39563230135331817, 0.37442701500310843, 0.36237612420821574, 0.36117125227991886, 0.3211129747238561, 0.31134599555724424, 0.3052703444989402, 0.2987395597520858, 0.2969443806568798, 0.2938661899515667, 0.28748988250345175, 0.2634236585799547, 0.2630497002889207, 0.25858026633385356, 0.2420770889082553, 0.2290698632419576, 0.22721317485403458, 0.22711995145740385], "topic_strength": 48.64568894487907, "top_10_strength": 3.9105865849568504, "label": "User Interface"}, {"topic_id": 1, "top_words": ["component", "npm", "pnpm", "typescript", "tailwind", "page", "cs", "react", "nextjs", "content", "theme", "animation", "import", "app", "layout", "image", "color", "section", "server", "hook"], "weights": [0.6718097989763615, 0.5467846836603835, 0.4041358345077739, 0.35609137031996757, 0.3422471889258949, 0.3359687448913535, 0.31030815305838366, 0.2741423024931619, 0.27090091739911787, 0.2614719975101034, 0.25738420843870913, 0.22948897607961402, 0.22468178887844045, 0.20408474762434023, 0.19678816940072935, 0.1939297850625945, 0.1861303907135378, 0.18434163117787986, 0.181779962116433, 0.17213269076282917], "topic_strength": 27.8332634839536, "top_10_strength": 3.7738609917425014, "label": "Frontend Development"}, {"topic_id": 2, "top_words": ["frontend", "backend", "npm", "database", "docker", "server", "port", "service", "react", "typescript", "client", "app", "supabase", "dev", "endpoint", "model", "production", "start", "user", "env"], "weights": [0.672060328839092, 0.6139535612715565, 0.5983004168006558, 0.28793194460831667, 0.22393513895101014, 0.21591043728157236, 0.213825450840514, 0.20592382991079322, 0.18291538016447348, 0.18231019152364406, 0.18170279694436947, 0.1811720243232981, 0.17927239321894664, 0.17804544038965084, 0.16017431233032792, 0.160119286605209, 0.15225432557214968, 0.1505859337733899, 0.14243630126926757, 0.14211952111355639], "topic_strength": 23.014803491698107, "top_10_strength": 3.397066680191629, "label": "Frontend Development"}, {"topic_id": 3, "top_words": ["bun", "mcp", "typescript", "react", "dev", "state", "hook", "cloudflare", "package", "dashboard", "manager", "lint", "session", "server", "query", "plugin", "const", "routing", "check", "app"], "weights": [1.4445320524828589, 0.1501745684085269, 0.14798777563778479, 0.13330452500859544, 0.127296694553301, 0.12156149053855564, 0.09982343742491183, 0.09794266801131757, 0.09052368634410758, 0.08787631972142357, 0.08346959023462722, 0.0833286550273192, 0.07805265760095237, 0.07781982989178841, 0.07635515499562617, 0.07595551131632818, 0.07535714899650213, 0.07106902944423439, 0.07078705525170637, 0.07004990311209822], "topic_strength": 10.761953346563851, "top_10_strength": 2.501023218131383, "label": "Frontend Development"}, {"topic_id": 4, "top_words": ["python", "module", "function", "configuration", "make", "import", "model", "error", "package", "cargo", "install", "return", "pytest", "dependency", "environment", "class", "script", "main", "notebook", "directory"], "weights": [0.6929871697187927, 0.3162346919087579, 0.27112032778500245, 0.2708061237051898, 0.2697921850125267, 0.2587722801001958, 0.21571577092618488, 0.21215272281849518, 0.1969653871975433, 0.1957454731257237, 0.1865814814001777, 0.1855813366058319, 0.18515771126148053, 0.18391227241682112, 0.18280906186148607, 0.17722544005236057, 0.17056795558128124, 0.15472544467121074, 0.15045343326237154, 0.14684152193168856], "topic_strength": 29.726940978139723, "top_10_strength": 2.9002921322984125, "label": "Code Guidelines"}]}