{"timestamp": "2026-06-17T03:26:19.844475", "success": true, "message": "Analysis complete with 500 files", "files_collected": 500, "topics_discovered": 5, "topics_data": [{"topic_id": 0, "top_words": ["step", "project", "task", "test", "phase", "issue", "code", "pattern", "question", "check", "workflow", "review", "example", "plan", "fix", "run", "requirement", "git", "create", "context"], "weights": [0.5555403369236421, 0.41485770639277414, 0.4136906172460482, 0.39873249963998897, 0.33481938585528204, 0.3181787204241909, 0.27806185252893917, 0.2769877839774802, 0.2734466339475991, 0.26571664914477183, 0.26396067352331504, 0.24636383455450658, 0.2422197464137393, 0.23573601769951308, 0.22587360271789167, 0.22475580526957267, 0.21990357320229892, 0.2197228038858345, 0.2183445812281827, 0.2162085433479796], "topic_strength": 50.33270738909867, "top_10_strength": 3.5300321860807173, "label": "Project Structure"}, {"topic_id": 1, "top_words": ["und", "oder", "welche", "prfen", "der", "die", "bgb", "keine", "mit", "live", "art", "form", "person", "text", "register", "bank", "cause", "claudemd", "fee", "date"], "weights": [1.7478589827644153, 0.5876808810655483, 0.3360256821472688, 0.3281976185190642, 0.30389210311422865, 0.28419611862797606, 0.27303722445041106, 0.2425696925286298, 0.15648453732231038, 0.11246010340318223, 0.10977775629379352, 0.032601700921766445, 0.029015570559569555, 0.022206161573005725, 0.016526072784503087, 0.01568651187310739, 0.013839971848826488, 0.011627293466756521, 0.010627181473777137, 0.010533918902669961], "topic_strength": 4.946843933003572, "top_10_strength": 4.372402943943035, "label": "Und & Oder"}, {"topic_id": 2, "top_words": ["agent", "token", "bash", "ngrok", "json", "post", "run", "remote", "session", "prompt", "browser", "curl", "local", "mcp", "tool", "openclaw", "api", "url", "codex", "instruction"], "weights": [1.0874968906473876, 0.31254258145432423, 0.2757898690838903, 0.27361650456238074, 0.24723580169007942, 0.24688382568090797, 0.22682900972750394, 0.21491912155276696, 0.20523067715529825, 0.19802956450801681, 0.19079962618568147, 0.18565117514899793, 0.1840439747730891, 0.18213914547064794, 0.17828786774377814, 0.17757010112010502, 0.1720411674732361, 0.1695859918993146, 0.15198063515396582, 0.15156774476169463], "topic_strength": 21.46918511290872, "top_10_strength": 3.288573846062557, "label": "Agent & Token"}, {"topic_id": 3, "top_words": ["const", "color", "string", "div", "page", "text", "cs", "button", "component", "html", "return", "type", "function", "state", "plugin", "card", "typescript", "font", "javascript", "await"], "weights": [0.41061541724055106, 0.2739865741148703, 0.2555731024331943, 0.24203903233004964, 0.23955281057527908, 0.22723652832239716, 0.2151967616006368, 0.20688721441032057, 0.19891692959497564, 0.19526738335612076, 0.19472605468057114, 0.19462246574615016, 0.1858193075865803, 0.1850342409793414, 0.16579895112544127, 0.16426333551330086, 0.16343219634224335, 0.15705465327179782, 0.15349814895451366, 0.15280650182325456], "topic_strength": 27.692887456998584, "top_10_strength": 2.4652717539783957, "label": "Const & Color"}, {"topic_id": 4, "top_words": ["python", "import", "str", "def", "bash", "model", "api", "query", "return", "result", "price", "class", "json", "int", "async", "await", "url", "chrome", "env", "data"], "weights": [1.2476671268625, 0.4014539566121723, 0.3019691757016947, 0.29942790000113734, 0.2638770753651261, 0.18109157065055212, 0.17399669948830604, 0.15903573288764655, 0.15660019472003373, 0.15654848619567996, 0.15332571194533784, 0.15318628963576475, 0.14460399849739142, 0.14049394375008423, 0.13533684715180386, 0.13062582391991429, 0.10957609226964249, 0.10876477888733437, 0.10773175454442709, 0.10193776755232631], "topic_strength": 17.96474104871564, "top_10_strength": 3.3416679184848483, "label": "Python & Import"}], "file_type": "skill_md"}