{"timestamp": "2026-07-18T03:07:29.748211", "success": true, "message": "Analysis complete with 500 files", "files_collected": 500, "topics_discovered": 5, "topics_data": [{"topic_id": 0, "top_words": ["npm", "build", "type", "commit", "component", "project", "command", "make", "prefer", "package", "new", "rule", "repository", "check", "behavior", "issue", "api", "update", "bun", "dependency"], "weights": [0.49595587393508705, 0.468661609033157, 0.3180149222196881, 0.3175991594937361, 0.3001611318289678, 0.2977173535661716, 0.2964352078956337, 0.286551202562129, 0.28154576139630916, 0.28141697498022833, 0.2771067278231004, 0.26710091073269326, 0.2623039821806185, 0.2618618032752414, 0.26075542423667836, 0.25626882210185403, 0.25623476996899336, 0.2511903445224653, 0.246699058537661, 0.2449638006315157], "topic_strength": 59.62377235756462, "top_10_strength": 3.344059196911108, "label": "Frontend Development"}, {"topic_id": 1, "top_words": ["pnpm", "lint", "typecheck", "typescript", "install", "dev", "type", "build", "vitest", "component", "format", "comment", "frontend", "backend", "watch", "claude", "playwright", "package", "bash", "descriptive"], "weights": [1.7915240926650307, 0.22744871994543184, 0.2246906872708593, 0.18523692960787816, 0.17052813631373626, 0.14749659703747098, 0.14248952662162742, 0.13155222591098426, 0.11824000739435873, 0.1151065453310804, 0.10341928596959618, 0.09945026555702566, 0.09492340716561593, 0.09078810067204895, 0.08748367697545803, 0.0856983019427166, 0.08555642830474544, 0.08550376983926436, 0.08365702735517232, 0.08333123944992783], "topic_strength": 10.81588667651732, "top_10_strength": 3.2543134680984576, "label": "Frontend Development"}, {"topic_id": 2, "top_words": ["writing", "nextjs", "training", "breaking", "read", "know", "apis", "relevant", "guide", "version", "convention", "structure", "data", "exact", "changed", "doc", "max", "public", "spec", "implementation"], "weights": [0.7493994366428366, 0.6416649151246332, 0.6409204250733089, 0.5574096014793022, 0.5561869126856229, 0.5442635886680373, 0.53376124949446, 0.46470522516206214, 0.4645905104318673, 0.40117199100261736, 0.36237242151860627, 0.35484955182079625, 0.354141565504233, 0.3086103457607477, 0.28352906224515934, 0.21149014083777976, 0.0824817265744816, 0.033135593856257195, 0.03055295510076734, 0.030432252209841932], "topic_strength": 9.518052855188042, "top_10_strength": 5.554073855764748, "label": "Writing & Nextjs"}, {"topic_id": 3, "top_words": ["skill", "project", "readmemd", "guidance", "para", "swift", "pressure", "skillmd", "manager", "read", "documentation", "general", "del", "markdown", "agentsmd", "scenario", "session", "instruction", "tdd", "claude"], "weights": [1.5577783527279718, 0.3723929600027818, 0.3212075189027961, 0.29930919135847484, 0.2842087611069191, 0.27674989516771453, 0.24166886606842397, 0.20705066497478938, 0.18856393641438265, 0.18608461052003805, 0.18193697631471722, 0.17425056632783695, 0.1667095805696006, 0.16131913742812784, 0.1526036967094486, 0.1510520021867274, 0.15072343463712531, 0.14762850167796088, 0.14623430134966833, 0.14591002008614942], "topic_strength": 19.404800018169098, "top_10_strength": 3.9350147572442924, "label": "Project Structure"}, {"topic_id": 4, "top_words": ["tool", "python", "model", "mcp", "llm", "prompt", "str", "import", "return", "mode", "description", "task", "server", "data", "json", "session", "execution", "bash", "default", "job"], "weights": [0.9346991752599164, 0.45524396777840337, 0.4377292360412642, 0.3601128644003322, 0.3229923988875474, 0.2781157600464149, 0.2777621806015848, 0.2549697277503768, 0.2536964840626632, 0.22012537379800864, 0.20750846160820302, 0.19652127883078713, 0.18581906138615978, 0.18555667266385645, 0.18129988762288965, 0.17555741492484614, 0.17227723029899847, 0.17009596901088342, 0.16964467682726111, 0.1660471974762093], "topic_strength": 35.53333125984106, "top_10_strength": 3.7954471686265117, "label": "Tool & Python"}], "file_type": "agents_md"}