{"timestamp": "2026-06-25T03:47:44.657682", "success": true, "message": "Analysis complete with 500 files", "files_collected": 500, "topics_discovered": 5, "topics_data": [{"topic_id": 0, "top_words": ["change", "task", "user", "git", "rule", "phase", "new", "check", "commit", "make", "version", "dont", "release", "work", "add", "cargo", "step", "error", "plan", "issue"], "weights": [0.43862689860664916, 0.3908261875286991, 0.3875866432270417, 0.3729058503636928, 0.34183807180611303, 0.335805883346033, 0.29200240039411846, 0.28814756929050517, 0.28131150883232414, 0.2753001792194161, 0.27351696450845203, 0.27031692743682245, 0.2687476238610167, 0.2586085586111766, 0.25424884878419807, 0.24695211038690848, 0.23165628214481307, 0.22277610193474282, 0.22138587187051897, 0.21997258137425835], "topic_strength": 59.129374705582435, "top_10_strength": 3.404351192614592, "label": "User Interface"}, {"topic_id": 1, "top_words": ["npm", "frontend", "component", "api", "backend", "page", "server", "typescript", "cs", "app", "react", "supabase", "dev", "data", "database", "docker", "service", "tailwind", "client", "start"], "weights": [0.8664235860827807, 0.3807012544635722, 0.3714385241587694, 0.322757606275187, 0.30965973392070184, 0.2813891506745606, 0.27989641477464455, 0.26110519771105767, 0.2570360055442085, 0.25460901173710904, 0.24822477552283084, 0.24324366909731254, 0.22802513735547755, 0.22106397132639308, 0.21910963224220653, 0.21570634852383166, 0.18680171102840057, 0.18391323816105556, 0.17805369652480899, 0.17701702111441098], "topic_strength": 31.566247957615648, "top_10_strength": 3.5850164853425914, "label": "Frontend Development"}, {"topic_id": 2, "top_words": ["python", "ratio", "model", "pytest", "format", "tool", "json", "budget", "analysis", "automation", "data", "skill", "usage", "flow", "install", "purpose", "mainpy", "ruff", "year", "feature"], "weights": [1.0832008543549743, 0.4394282474495306, 0.25081833057741554, 0.23026203309430035, 0.2234039328174287, 0.22093050191342678, 0.21505619270770665, 0.20075284380262584, 0.1783158511770807, 0.17549641536126265, 0.17469754458470102, 0.15407129511851492, 0.15135130150068904, 0.13924938624140287, 0.1378262908166874, 0.13211989776240723, 0.12420095452138832, 0.12077782093996442, 0.12034197703170738, 0.11488494977822192], "topic_strength": 17.3586927463926, "top_10_strength": 3.217665203255753, "label": "Code Style"}, {"topic_id": 3, "top_words": ["agent", "skill", "tool", "mcp", "agentsmd", "cli", "prompt", "documentation", "context", "llm", "workflow", "description", "read", "source", "que", "repository", "docker", "detailed", "json", "review"], "weights": [1.0127591870821944, 0.7189973907470973, 0.4854551092096602, 0.39461976683918815, 0.2554773353240287, 0.2048375568225134, 0.20148172944565051, 0.19341853268108417, 0.1867074707219098, 0.17276704554467548, 0.1435664246334097, 0.1309404829284316, 0.1303858273935559, 0.13025821372628357, 0.12568001460429193, 0.12312242878251292, 0.11729272205344612, 0.11537233130750901, 0.11441358944255198, 0.11129868340552161], "topic_strength": 19.14569364438165, "top_10_strength": 3.8265211244180017, "label": "Agent & Skill"}, {"topic_id": 4, "top_words": ["pnpm", "component", "react", "typescript", "import", "worker", "package", "web", "dev", "api", "vitest", "app", "hook", "nextjs", "cli", "cloudflare", "mode", "lint", "development", "type"], "weights": [1.2287199390945855, 0.25534625901112423, 0.21366248027327742, 0.2059637568582203, 0.17675288481782428, 0.1685541195529539, 0.15918303528798378, 0.1558609001915036, 0.15087590573010518, 0.14983460493522965, 0.14499034687448825, 0.1264648636371475, 0.11295509325238616, 0.11147888955526189, 0.11043097958548315, 0.10760346790113277, 0.10230661296547196, 0.09757901498472406, 0.09696000231551498, 0.09566666810042479], "topic_strength": 15.9546390786579, "top_10_strength": 2.864753885752808, "label": "Frontend Development"}], "file_type": "claude_md"}