{"timestamp": "2026-07-09T03:32:49.075352", "success": true, "message": "Analysis complete with 500 files", "files_collected": 500, "topics_discovered": 5, "topics_data": [{"topic_id": 0, "top_words": ["change", "task", "git", "dont", "rule", "commit", "plan", "user", "work", "add", "write", "new", "agent", "comment", "fix", "read", "push", "step", "repo", "check"], "weights": [0.5159311251094383, 0.4473145980145516, 0.42412191285880085, 0.376217106748767, 0.37428281297109367, 0.36665473260052656, 0.3277027264465212, 0.31153863613689725, 0.3039768050171161, 0.29971152471496276, 0.27694850902155244, 0.2652029809428226, 0.2621242010395371, 0.2611229197742538, 0.2573200161732142, 0.23868463354353184, 0.23387586743278346, 0.22980358906068105, 0.22278906167708737, 0.22107012517685717], "topic_strength": 42.1610196192408, "top_10_strength": 3.747451980618675, "label": "Change & Task"}, {"topic_id": 1, "top_words": ["agentsmd", "read", "require", "guidance", "instruction", "agent", "life", "doc", "workflow", "directory", "exist", "documentation", "follow", "snapshot", "conflict", "created", "plan", "source", "applies", "binding"], "weights": [1.9615050534073222, 0.131909384791242, 0.07236255778899123, 0.06361010508752622, 0.04397624059151106, 0.043074185214075494, 0.03957737461503233, 0.0343122949835947, 0.03403619576616752, 0.033033733724782466, 0.030374508138567794, 0.03019209249201038, 0.02702350132142322, 0.019712038434308687, 0.0197108505750449, 0.018678876678319366, 0.01859687351565417, 0.01846383707361048, 0.01843656937798757, 0.018418098172698523], "topic_strength": 3.456486541564801, "top_10_strength": 2.457397125970245, "label": "Agentsmd & Read"}, {"topic_id": 2, "top_words": ["npm", "component", "typescript", "pnpm", "page", "react", "cs", "api", "app", "dev", "server", "client", "tailwind", "frontend", "type", "supabase", "nextjs", "start", "production", "development"], "weights": [0.6893977100417173, 0.5439183933575338, 0.3539188263667054, 0.34710736094254047, 0.31373678292294666, 0.3042280522172708, 0.26224499132124096, 0.24292690190792923, 0.21346355103642453, 0.21124463635829158, 0.21077224706906283, 0.20303860272125954, 0.19488192995507767, 0.1835774517868952, 0.1727137591853454, 0.16800260831131364, 0.16576708523649689, 0.15871307935769732, 0.15836052089251865, 0.14832902385572713], "topic_strength": 27.847470672405205, "top_10_strength": 3.482187206472601, "label": "Frontend Development"}, {"topic_id": 3, "top_words": ["python", "model", "data", "tool", "json", "cli", "type", "make", "module", "format", "api", "pytest", "config", "package", "testing", "install", "image", "dependency", "class", "default"], "weights": [0.47445512525968686, 0.3637714798689276, 0.26280489736623397, 0.20497738914211303, 0.19998274198445695, 0.19942193954361717, 0.19907911908712692, 0.19773218165589182, 0.19550225854800773, 0.19271831805337486, 0.1924609418375503, 0.18946042008180883, 0.1859742825680441, 0.1829298047293701, 0.16830519097348193, 0.1651620341959847, 0.16382626286139887, 0.16334610046476564, 0.1625503348133805, 0.15996397498825352], "topic_strength": 39.040651663790214, "top_10_strength": 2.4904454505094367, "label": "Data & APIs"}, {"topic_id": 4, "top_words": ["skill", "plugin", "agent", "para", "marketplace", "model", "cursor", "phase", "que", "tool", "invoke", "llm", "source", "context", "mcp", "pa", "prompt", "command", "review", "frontmatter"], "weights": [1.3180678345347656, 0.4359020920524379, 0.24266671941632248, 0.23908374952611053, 0.20542833485714174, 0.1602712673988159, 0.13886690279858263, 0.1371366165156272, 0.1355952743207809, 0.12097240784377362, 0.11996840494216514, 0.11905767402120108, 0.11716093330902429, 0.10972172953593659, 0.10824510310739292, 0.10571902755159253, 0.10282856457232743, 0.09971061953365064, 0.09328216699348187, 0.09207534951841391], "topic_strength": 12.443068574341133, "top_10_strength": 3.133991199264359, "label": "Skill & Plugin"}], "file_type": "claude_md"}