{"timestamp": "2026-07-15T03:30:17.310532", "success": true, "message": "Analysis complete with 500 files", "files_collected": 500, "topics_discovered": 5, "topics_data": [{"topic_id": 0, "top_words": ["step", "project", "run", "task", "issue", "phase", "question", "review", "test", "change", "report", "code", "update", "fix", "plan", "context", "workflow", "output", "read", "goal"], "weights": [0.47695789912476166, 0.4295273373374558, 0.3914747761824013, 0.37598340771444544, 0.3351914854976455, 0.31960611026549846, 0.30278526886698026, 0.2846689564820309, 0.2815441740507887, 0.27978355819446343, 0.2677512692268202, 0.2596013687155437, 0.2503857778640132, 0.2436972644777078, 0.24046529398094788, 0.240394202223968, 0.23770081483160513, 0.23756761896469167, 0.2152603945215209, 0.2148468105552444], "topic_strength": 49.954673941841435, "top_10_strength": 3.4775229737164715, "label": "Project Structure"}, {"topic_id": 1, "top_words": ["und", "oder", "die", "der", "eine", "welche", "prfen", "mit", "art", "video", "form", "live", "email", "output", "register", "plugins", "matrix", "screenshot", "pdf", "template"], "weights": [1.6957432569678346, 0.6574661974680801, 0.3894994611772499, 0.32825997544519375, 0.32591984663381984, 0.3038327586536212, 0.25182039106057164, 0.22611388599888513, 0.09274834894424075, 0.060130724195786356, 0.04766788819278582, 0.04682234433420127, 0.046724493559610884, 0.035053059175653024, 0.02321778076055852, 0.02300846883136409, 0.022151608627886888, 0.016269926046997653, 0.015924418486964066, 0.015365616537231754], "topic_strength": 4.935355231116832, "top_10_strength": 4.331534846545282, "label": "Und & Oder"}, {"topic_id": 2, "top_words": ["const", "string", "type", "page", "return", "api", "data", "function", "await", "email", "json", "token", "component", "text", "image", "cs", "var", "export", "typescript", "state"], "weights": [0.3556857761754716, 0.3435172408539376, 0.2968391994258557, 0.28189977501115654, 0.2666918913180033, 0.2605964413116852, 0.24905092817141436, 0.2372478582332998, 0.22939272044379633, 0.22810835020263168, 0.20718319920299763, 0.2026505474618341, 0.19915731461074412, 0.19778977531145805, 0.18842632501300374, 0.17857918197284758, 0.17758974348867765, 0.1732597854663611, 0.16815431861322155, 0.16374532901506966], "topic_strength": 38.70807040535402, "top_10_strength": 2.749030181147252, "label": "Const & String"}, {"topic_id": 3, "top_words": ["agent", "ngrok", "bash", "post", "run", "tab", "remote", "token", "mcp", "instruction", "curl", "browser", "url", "openclaw", "session", "local", "server", "access", "install", "tool"], "weights": [1.1545485696868942, 0.2922217982463712, 0.24044238196206902, 0.23070095760504192, 0.2252625118779051, 0.20695070096855242, 0.19880912653294924, 0.19235319912245424, 0.18946015446965425, 0.1873716852128173, 0.18644121687502063, 0.18539582287721937, 0.17137343426083454, 0.1657173266423632, 0.16266975606160564, 0.15599511412655653, 0.1465455708425686, 0.1432718000763566, 0.13758576969880368, 0.13686496110795296], "topic_strength": 17.18874501442646, "top_10_strength": 3.118121085684709, "label": "Agent & Ngrok"}, {"topic_id": 4, "top_words": ["python", "import", "bash", "model", "str", "def", "quantization", "parameter", "api", "price", "bit", "quality", "llm", "pip", "env", "install", "image", "markdown", "class", "cli"], "weights": [1.2357022510871245, 0.5075413023576353, 0.25600573537636745, 0.24595988214117015, 0.22835878557052974, 0.16935766273653965, 0.16623238406034266, 0.14350659505516727, 0.13749239095263016, 0.12122657219826699, 0.12055180862528786, 0.11617716681120979, 0.11366038886065222, 0.11115005568253995, 0.1092613695551981, 0.10610276167068758, 0.097983598357356, 0.09509418740968224, 0.09026426145968305, 0.08886714513599005], "topic_strength": 14.083050931211723, "top_10_strength": 3.211383561535774, "label": "Python & Import"}], "file_type": "skill_md"}