{"timestamp": "2026-07-01T03:06:16.004603", "success": true, "message": "Analysis complete with 500 files", "files_collected": 500, "topics_discovered": 5, "topics_data": [{"topic_id": 0, "top_words": ["change", "phase", "user", "task", "make", "rule", "new", "git", "dont", "commit", "version", "repo", "note", "source", "work", "add", "read", "fix", "plan", "update"], "weights": [0.5039647950741414, 0.33481120628031397, 0.313863867200575, 0.3057521930142541, 0.299076443053369, 0.2968175358522461, 0.27310906736728696, 0.2690545477694879, 0.2629099096869442, 0.2575589055910952, 0.2505575432386, 0.24505018815414673, 0.2428361866109802, 0.2421388424099819, 0.24081559570270306, 0.23579419601215962, 0.22932922759647936, 0.22886983121459306, 0.22876825226392242, 0.21663648894265092], "topic_strength": 54.2187195148583, "top_10_strength": 3.116918470889714, "label": "User Interface"}, {"topic_id": 1, "top_words": ["agentsmd", "read", "follow", "convention", "require", "agent", "instruction", "context", "architecture", "rule", "save", "spec", "policy", "doc", "claudemd", "primary", "directory", "root", "exist", "guidance"], "weights": [1.982617692882883, 0.20263028773937367, 0.10664081906354374, 0.09278792292188313, 0.07160315077606338, 0.06621403527734766, 0.05651619108956107, 0.05037196327028144, 0.037945537341570815, 0.03695660857497297, 0.03681725918929156, 0.03629162736693999, 0.03521221316016, 0.03476237957590071, 0.03033483352908551, 0.03018536919614052, 0.029645642951845765, 0.02866191074825401, 0.028445557410227668, 0.028016968196386476], "topic_strength": 3.7708101082639365, "top_10_strength": 2.704284208937481, "label": "Code Style"}, {"topic_id": 2, "top_words": ["skill", "agent", "tool", "mcp", "task", "context", "prompt", "plugin", "memory", "review", "description", "frontmatter", "invoke", "para", "bash", "que", "llm", "anthropic", "issue", "workflow"], "weights": [1.0647117939804118, 1.0359410118971848, 0.35544515093237405, 0.27460670258237524, 0.2640390048028195, 0.208130677123084, 0.18705816311555903, 0.16992701508361427, 0.16109268792375364, 0.15849984614276724, 0.14616903004430873, 0.13524177999096396, 0.13423366686050348, 0.12466842250235834, 0.12077475747575492, 0.11699803632625295, 0.10815723196280307, 0.10580760833010353, 0.10413843793769682, 0.10211076844621444], "topic_strength": 17.012375839842647, "top_10_strength": 3.879452053583944, "label": "Skill & Agent"}, {"topic_id": 3, "top_words": ["python", "ratio", "tool", "pytest", "json", "bash", "ruff", "format", "automation", "model", "analysis", "budget", "install", "usage", "def", "purpose", "class", "api", "flow", "coverage"], "weights": [1.07714803339823, 0.41105057633797204, 0.3746908668012216, 0.32044744249973817, 0.2731042713928054, 0.25437763517229367, 0.23532277816109473, 0.2315340282429486, 0.21190130358670572, 0.19646847713547794, 0.18989813445927406, 0.17884062464394307, 0.16710628620925255, 0.16501697087599593, 0.1446889053516982, 0.14313618819654045, 0.1375891318799985, 0.13683408197921382, 0.13625526552416206, 0.1330728760961651], "topic_strength": 18.966174472308136, "top_10_strength": 3.5860454127284886, "label": "Python & Ratio"}, {"topic_id": 4, "top_words": ["npm", "component", "pnpm", "api", "typescript", "app", "react", "database", "cs", "import", "server", "frontend", "data", "type", "page", "nextjs", "service", "dev", "tailwind", "client"], "weights": [0.6407904909580819, 0.48025926348011977, 0.38912361997333716, 0.36525646566473174, 0.35699881401879163, 0.3320141231509887, 0.2788093698236258, 0.26678313467460524, 0.26060697219581686, 0.2599977633676447, 0.25899837489791283, 0.24135769066713525, 0.23861486542815827, 0.23588723122374936, 0.23362927012719384, 0.22323273074095648, 0.2191095078693275, 0.21089604964347758, 0.2085239549207328, 0.20108561814663373], "topic_strength": 39.21276290986408, "top_10_strength": 3.6306400173077433, "label": "Frontend Development"}], "file_type": "claude_md"}