{"timestamp": "2026-06-18T03:33:53.861427", "success": true, "message": "Analysis complete with 500 files", "files_collected": 500, "topics_discovered": 5, "topics_data": [{"topic_id": 0, "top_words": ["test", "project", "build", "cargo", "command", "prefer", "package", "dependency", "make", "doc", "module", "testing", "documentation", "commit", "repository", "add", "guideline", "type", "behavior", "update"], "weights": [1.4066379208269075, 0.36882422675001164, 0.36400665084357686, 0.294250329160041, 0.27444871953964073, 0.26926934880782916, 0.2688247196725032, 0.26180942873578866, 0.25270379586329555, 0.252038416597118, 0.24767996625936145, 0.24278637724514573, 0.24082155600982974, 0.23079304635554304, 0.22867162121331003, 0.22766800213625157, 0.22581832098495458, 0.2234461835464786, 0.22207856718552232, 0.21874120073407297], "topic_strength": 40.4650874833276, "top_10_strength": 4.012813556796712, "label": "Project Structure"}, {"topic_id": 1, "top_words": ["tool", "model", "import", "python", "mcp", "llm", "return", "user", "api", "string", "json", "prompt", "data", "task", "function", "error", "type", "default", "result", "key"], "weights": [0.6496301940480429, 0.36826378297953655, 0.3487470216921523, 0.3037365811105371, 0.28473398530876753, 0.27074138128656816, 0.25578233278117546, 0.24136680306905398, 0.21895796120356936, 0.21258912658856605, 0.20408071493874444, 0.19851361366021503, 0.1952179483297159, 0.18959121415129246, 0.18243077179440997, 0.17496642929251494, 0.17313365403855607, 0.17242015776171074, 0.16860460716315195, 0.16506074658219544], "topic_strength": 43.145497070036, "top_10_strength": 3.1545491700679693, "label": "Tool & Model"}, {"topic_id": 2, "top_words": ["npm", "frontend", "pnpm", "backend", "component", "build", "api", "react", "dev", "app", "typescript", "server", "vite", "lint", "type", "bash", "tailwind", "route", "bun", "cs"], "weights": [0.9098312327345994, 0.5840230320679424, 0.5516030111447467, 0.4924636553088733, 0.30686977546423355, 0.27997389996926336, 0.2585988534801586, 0.25683278279433275, 0.24454381883377996, 0.2004073959345377, 0.2000888171518319, 0.19235132035427951, 0.1820077585664349, 0.17808909477409307, 0.176732496450983, 0.16464605794684903, 0.16046621844195003, 0.16020946233998526, 0.15529153394332343, 0.15475165795748436], "topic_strength": 20.100135410665374, "top_10_strength": 4.085147457732468, "label": "Frontend Development"}, {"topic_id": 3, "top_words": ["skill", "skillmd", "pressure", "directory", "claude", "frontmatter", "reference", "para", "review", "markdown", "repo", "workflow", "del", "doc", "scenario", "script", "plugin", "upstream", "path", "cursor"], "weights": [1.5973738427144837, 0.3080975394705593, 0.18305853752290643, 0.17639293084215918, 0.17231143243099267, 0.17025040107445566, 0.1566216149769774, 0.15572410710692686, 0.15565804053763896, 0.14657533277968784, 0.14619921252723375, 0.13889768441978248, 0.13636748882184874, 0.135092223059424, 0.1329888798866226, 0.12929191996428924, 0.12155727277328801, 0.110430887609555, 0.11014337586501863, 0.10347663150802351], "topic_strength": 19.001967370223305, "top_10_strength": 3.2220637794567883, "label": "AI Assistant Configuration"}, {"topic_id": 4, "top_words": ["training", "nextjs", "breaking", "know", "apis", "writing", "guide", "relevant", "version", "read", "convention", "structure", "data", "public", "doc", "changed", "unity", "page", "exact", "human"], "weights": [0.6040526212067479, 0.5825594817238715, 0.5266754776212794, 0.4995057915134048, 0.4955933406381863, 0.4777365696434542, 0.42761472190731037, 0.4192401082168767, 0.40458638123120616, 0.36548889717405364, 0.3326542750096395, 0.3086107893973059, 0.3081293419936403, 0.043848623146767074, 0.03673051803666471, 0.03562362329961678, 0.03183281572264152, 0.02981022711788075, 0.02908989763222243, 0.025337011011870938], "topic_strength": 8.23449346657849, "top_10_strength": 4.803053390876391, "label": "Training & Nextjs"}], "file_type": "agents_md"}