{"timestamp": "2026-05-04T00:59:59.620099", "success": true, "message": "Analysis complete with 500 files", "files_collected": 500, "topics_discovered": 5, "topics_data": [{"topic_id": 0, "top_words": ["git", "session", "change", "task", "work", "commit", "read", "rule", "plan", "new", "user", "fix", "branch", "add", "feature", "documentation", "issue", "doc", "decision", "log"], "weights": [0.5120152104878303, 0.5018444724700892, 0.4696889461139816, 0.45761287353188324, 0.38601224779914245, 0.3788461647217967, 0.3138682906617741, 0.2951483042268239, 0.2904659034636428, 0.2736163987735669, 0.2734520973518671, 0.26404809149501246, 0.2533559834344573, 0.24618528275382345, 0.24115221272622994, 0.2400111871190605, 0.23685595253000613, 0.2302354831381607, 0.2214706608191331, 0.21982068311626238], "topic_strength": 44.418862342351545, "top_10_strength": 3.879118812250531, "label": "Git & Session"}, {"topic_id": 1, "top_words": ["npm", "component", "typescript", "react", "cs", "pnpm", "api", "app", "type", "page", "state", "server", "dev", "nextjs", "frontend", "tailwind", "development", "backend", "start", "vue"], "weights": [0.8063672367231624, 0.588674076467054, 0.48035264595217475, 0.35460307671269686, 0.3094941415034606, 0.24630541970255287, 0.22967221026488527, 0.2243311783499254, 0.22203327412417057, 0.21947846893652181, 0.21813400392772964, 0.21478828620047713, 0.21319496952833328, 0.2091520384677946, 0.20691014850555559, 0.19827296316832246, 0.19293853893462917, 0.187569352947457, 0.17533642668361674, 0.17214876904251747], "topic_strength": 26.671598453376056, "top_10_strength": 3.681311728736604, "label": "Frontend Development"}, {"topic_id": 2, "top_words": ["python", "api", "data", "model", "service", "database", "install", "module", "environment", "return", "token", "docker", "configuration", "dependency", "pytest", "image", "layer", "function", "error", "tool"], "weights": [0.6996259507757899, 0.3971839942086754, 0.32164143313314353, 0.2908017629722399, 0.24649927821493237, 0.2299309506748157, 0.21509317521168758, 0.2079765415014958, 0.1926808786710172, 0.19052295905865535, 0.18848643752312377, 0.18648804525680113, 0.18632111965569728, 0.18476132099759615, 0.18296712014234798, 0.17851883954282086, 0.17661348310134167, 0.1755636234108206, 0.1720024834537468, 0.1718566561208071], "topic_strength": 44.4422950724216, "top_10_strength": 2.9919569244224524, "label": "Backend Services"}, {"topic_id": 3, "top_words": ["node", "method", "check", "ruff", "attribute", "depends", "scan", "pytest", "committing", "fixed", "expected", "contain", "added", "short", "following", "syntax", "linting", "appropriate", "formatting", "pull"], "weights": [1.2804955585871245, 0.31890551648650034, 0.2980124841070104, 0.23487845697639118, 0.20402657970466262, 0.202308518891456, 0.2004259717606491, 0.19278294559283968, 0.1902199772126494, 0.18339653100485914, 0.1829724468683718, 0.18289321580339934, 0.18267743706084905, 0.17566208969713965, 0.17412406541373038, 0.16946055303116442, 0.1681527767699535, 0.1670722430615572, 0.16652520128122464, 0.1664371753871141], "topic_strength": 13.720747740863144, "top_10_strength": 3.3054525403241426, "label": "Node & Method"}, {"topic_id": 4, "top_words": ["mcp", "agent", "bun", "tool", "server", "skill", "worker", "agentsmd", "instruction", "json", "npx", "api", "llm", "env", "protocol", "sdk", "oauth", "phase", "spec", "task"], "weights": [0.9216567236716917, 0.8824594680550764, 0.36779086691663415, 0.3604178278376605, 0.2619907050672267, 0.2550447452006072, 0.19113740836835522, 0.18225059171429664, 0.17487754616239234, 0.16604250296096526, 0.14561916308944844, 0.13781779467010818, 0.12543212563657982, 0.12374590197545215, 0.11716964805087014, 0.10399944113695002, 0.10067905155283478, 0.10039084000208093, 0.09681549651994746, 0.09423458240423772], "topic_strength": 14.264484209385813, "top_10_strength": 3.763668385954906, "label": "Mcp & Agent"}]}